{"stats":{"minecraft:broken":{"minecraft:stone_sword":1},"minecraft:mined":{"minecraft:diamond_ore":4,"born_in_chaos_v1:marigolds":1,"minecraft:deepslate_diamond_ore":1,"farmersdelight:wild_carrots":15,"minecraft:torch":1,"born_in_chaos_v1:infected_diamond_ore":4,"minecraft:crafting_table":5,"minecraft:granite":2,"minecraft:grass_block":1,"born_in_chaos_v1:black_argillite":1,"minecraft:cobblestone":4,"minecraft:diorite":17,"minecraft:wall_torch":2,"minecraft:furnace":2,"minecraft:birch_log":21,"minecraft:iron_ore":7,"minecraft:andesite":20,"minecraft:deepslate_lapis_ore":5,"minecraft:grass":3,"minecraft:coal_ore":17,"minecraft:deepslate_iron_ore":38,"minecraft:stone":67,"minecraft:deepslate":9},"minecraft:picked_up":{"minecraft:birch_log":23,"born_in_chaos_v1:corpse_maggot":36,"born_in_chaos_v1:diamond_termite_shard":7,"minecraft:crafting_table":5,"born_in_chaos_v1:monster_flesh":5,"minecraft:andesite":23,"minecraft:leather":3,"minecraft:chain":2,"minecraft:lapis_lazuli":34,"born_in_chaos_v1:black_argillite":2,"minecraft:string":7,"minecraft:dirt":1,"gnumus:gnumus_pouch_2":1,"born_in_chaos_v1:monster_skin":3,"minecraft:bone":12,"minecraft:cobbled_deepslate":5,"alexsmobs:cockroach_wing_fragment":1,"minecraft:beef":10,"born_in_chaos_v1:gnawed_bones":1,"minecraft:light_gray_wool":1,"minecraft:furnace":2,"minecraft:raw_iron":44,"born_in_chaos_v1:shattered_skull":1,"minecraft:gravel":1,"minecraft:torch":4,"born_in_chaos_v1:ethereal_spirit":4,"born_in_chaos_v1:dark_rod":1,"minecraft:spruce_log":1,"minecraft:diorite":20,"minecraft:carrot":14,"alexsmobs:animal_dictionary":1,"minecraft:arrow":5,"minecraft:rotten_flesh":21,"minecraft:diamond":5,"born_in_chaos_v1:wood_splitter_axe":1,"minecraft:granite":2,"minecraft:gray_wool":2,"minecraft:coal":20,"minecraft:mutton":6,"minecraft:white_wool":1,"minecraft:cobblestone":71},"minecraft:killed_by":{"born_in_chaos_v1:dread_hound":1},"minecraft:crafted":{"minecraft:cooked_beef":10,"minecraft:crafting_table":1,"minecraft:iron_helmet":1,"minecraft:wooden_pickaxe":1,"minecraft:furnace":2,"minecraft:birch_planks":76,"minecraft:stone_axe":1,"minecraft:air":0,"minecraft:iron_boots":1,"minecraft:iron_chestplate":1,"born_in_chaos_v1:fried_maggot":32,"minecraft:stick":16,"minecraft:iron_ingot":34,"minecraft:iron_pickaxe":1,"minecraft:stone_pickaxe":2,"minecraft:stone_sword":1,"minecraft:iron_leggings":1,"minecraft:torch":20},"minecraft:used":{"minecraft:diorite":7,"minecraft:stone_sword":131,"minecraft:birch_planks":1,"minecraft:stone_pickaxe":160,"minecraft:wooden_pickaxe":3,"born_in_chaos_v1:fried_maggot":15,"minecraft:rotten_flesh":4,"minecraft:white_wool":1,"minecraft:torch":15,"minecraft:dirt":1,"minecraft:mutton":4,"minecraft:crafting_table":5,"minecraft:carrot":14,"minecraft:granite":2,"minecraft:iron_pickaxe":35,"minecraft:gravel":1,"minecraft:stone_axe":55,"minecraft:light_gray_wool":1,"minecraft:cobblestone":34,"minecraft:furnace":2,"minecraft:birch_log":2,"minecraft:andesite":19,"born_in_chaos_v1:wood_splitter_axe":73,"minecraft:cooked_beef":8,"minecraft:cobbled_deepslate":5,"minecraft:gray_wool":2},"minecraft:dropped":{"alexsmobs:animal_dictionary":1,"minecraft:rotten_flesh":13,"minecraft:leather":3,"born_in_chaos_v1:black_argillite":2,"alexsmobs:cockroach_wing_fragment":1,"minecraft:andesite":4,"minecraft:spruce_log":1,"minecraft:stone_pickaxe":1,"minecraft:string":1,"minecraft:birch_log":2,"minecraft:bone":1},"minecraft:custom":{"minecraft:interact_with_furnace":26,"minecraft:mob_kills":87,"minecraft:interact_with_crafting_table":10,"minecraft:damage_dealt_resisted":139,"minecraft:time_since_death":24459,"minecraft:time_since_rest":24480,"minecraft:sprint_one_cm":181854,"minecraft:damage_taken":1912,"minecraft:walk_one_cm":166969,"minecraft:drop":17,"minecraft:damage_dealt":12356,"minecraft:swim_one_cm":2074,"minecraft:fly_one_cm":133929,"minecraft:crouch_one_cm":4860,"minecraft:deaths":1,"minecraft:play_time":47738,"minecraft:sneak_time":1836,"minecraft:walk_under_water_one_cm":226,"minecraft:jump":990,"minecraft:walk_on_water_one_cm":5891,"minecraft:total_world_time":47738,"minecraft:fall_one_cm":27269},"minecraft:killed":{"born_in_chaos_v1:diamond_termite":7,"born_in_chaos_v1:zombie_lumberjack":1,"born_in_chaos_v1:restless_spirit":4,"born_in_chaos_v1:swarmer":1,"minecraft:spider":6,"born_in_chaos_v1:decrepit_skeleton":2,"born_in_chaos_v1:maggot":5,"minecraft:sheep":4,"minecraft:skeleton":5,"born_in_chaos_v1:decaying_zombie":1,"alexsmobs:cockroach":1,"minecraft:zombie":11,"born_in_chaos_v1:dread_hound":6,"born_in_chaos_v1:corpse_fly":26,"gnumus:gnumus_hunter":1,"alexsmobs:crow":1,"minecraft:cow":4}},"DataVersion":3465}