{"stats":{"minecraft:killed":{"minecraft:cave_spider":18,"born_in_chaos_v1:mr_pumpkin":56,"alexscaves:boundroid":2,"born_in_chaos_v1:restless_spirit":14,"born_in_chaos_v1:zombie_lumberjack":12,"born_in_chaos_v1:skeleton_demoman":1,"born_in_chaos_v1:door_knight_not_despawn":1,"born_in_chaos_v1:sir_the_headless":5,"born_in_chaos_v1:pumpkin_spirit":3,"minecraft:cod":1,"born_in_chaos_v1:siamese_skeletonsright":5,"born_in_chaos_v1:baby_skeleton_minion":30,"minecraft:skeleton":57,"alexsmobs:orca":1,"alexsmobs:leafcutter_ant":3,"minecraft:chicken":1,"born_in_chaos_v1:skeleton_thrasher":5,"alexsmobs:straddler":4,"alexsmobs:centipede_head":4,"born_in_chaos_v1:supreme_bonescaller_stage_2":4,"cataclysm:kobolediator":1,"cataclysm:wadjet":1,"alexscaves:teletor":3,"minecraft:magma_cube":59,"minecraft:salmon":1,"born_in_chaos_v1:bone_imp":1,"alexsmobs:seal":1,"born_in_chaos_v1:dread_hound_not_despawn":3,"cataclysm:ancient_remnant":1,"minecraft:pillager":26,"minecraft:zombie":133,"born_in_chaos_v1:corpse_fly":59,"alexscaves:trilocaris":1,"alexsmobs:roadrunner":2,"born_in_chaos_v1:door_knight":5,"minecraft:cow":13,"alexsmobs:raccoon":9,"minecraft:vindicator":3,"alexscaves:ferrouslime":11,"alexsmobs:seagull":1,"born_in_chaos_v1:skeleton_thrasher_not_despawn":3,"born_in_chaos_v1:thornshell_crab":5,"born_in_chaos_v1:firelight":2,"born_in_chaos_v1:pumpkinhead":4,"born_in_chaos_v1:dire_hound_leader":2,"gnumus:gnumus_hunter":11,"alexsmobs:underminer":3,"alexsmobs:tusklin":1,"cataclysm:koboleton":18,"born_in_chaos_v1:barrel_zombie":3,"gnumus:gnumus_hunter_not_dispawn":9,"born_in_chaos_v1:spiritof_chaos":2,"born_in_chaos_v1:spirit_guide":1,"minecraft:husk":5,"born_in_chaos_v1:bone_imp_minion":27,"minecraft:ravager":3,"born_in_chaos_v1:decrepit_skeleton":38,"gnumus:gnumus_merchant":2,"alexsmobs:catfish":1,"born_in_chaos_v1:bloody_gadfly":3,"alexsmobs:crocodile":1,"alexsmobs:elephant":1,"born_in_chaos_v1:dark_vortex":1,"alexscaves:grottoceratops":1,"minecraft:enderman":4,"born_in_chaos_v1:lifestealer_true_form":3,"born_in_chaos_v1:zombie_clown":7,"alexsmobs:hummingbird":2,"minecraft:zombified_piglin":18,"minecraft:witch":5,"minecraft:spider":74,"alexsmobs:snow_leopard":1,"born_in_chaos_v1:scarlet_persecutor":6,"gnumus:pitcher_mousse":7,"minecraft:piglin_brute":10,"born_in_chaos_v1:firelight_not_despawn":9,"alexscaves:notor":6,"minecraft:wolf":1,"minecraft:piglin":23,"born_in_chaos_v1:bonescaller":2,"minecraft:pig":3,"gnumus:gnumus_shaman":1,"alexsmobs:grizzly_bear":1,"born_in_chaos_v1:diamond_termite":19,"minecraft:zombie_villager":4,"alexsmobs:stradpole":2,"alexsmobs:mantis_shrimp":2,"minecraft:creeper":38,"alexsmobs:crimson_mosquito":2,"minecraft:sheep":12,"born_in_chaos_v1:zombie_fisherman":3,"born_in_chaos_v1:dread_hound":34,"alexsmobs:terrapin":1,"minecraft:ghast":3,"minecraft:stray":30,"alexscaves:vallumraptor":30,"born_in_chaos_v1:siamese_skeletonsleft":6,"minecraft:blaze":10,"minecraft:vex":15,"alexsmobs:tarantula_hawk":1,"alexsmobs:tiger":1,"minecraft:slime":26,"alexsmobs:rattlesnake":1,"born_in_chaos_v1:zombie_bruiser":10,"born_in_chaos_v1:maggot":60,"minecraft:phantom":3,"gnumus:gnumus_worker":6,"alexsmobs:blue_jay":1,"alexsmobs:bison":5,"minecraft:drowned":8,"born_in_chaos_v1:corpse_fish":13,"alexscaves:relicheirus":1,"born_in_chaos_v1:mr_pumpkin_controlled":1,"born_in_chaos_v1:fallen_chaos_knight":5,"born_in_chaos_v1:felsteed":4,"born_in_chaos_v1:baby_skeleton":16,"born_in_chaos_v1:swarmer":7,"born_in_chaos_v1:spirit_guide_assistant":2,"minecraft:bat":3,"minecraft:hoglin":2,"alexscaves:magnetron":2,"born_in_chaos_v1:phantom_creeper_copy":3,"born_in_chaos_v1:decaying_zombie":2,"alexsmobs:cockroach":2,"alexscaves:subterranodon":4,"born_in_chaos_v1:bonescaller_not_despawn":7,"alexsmobs:caiman":2,"alexsmobs:moose":8,"born_in_chaos_v1:nightmare_stalker":3,"alexsmobs:crow":2,"minecraft:wither_skeleton":4,"minecraft:villager":2},"minecraft:custom":{"minecraft:interact_with_crafting_table":160,"minecraft:open_barrel":98,"minecraft:bell_ring":41,"minecraft:eat_cake_slice":9,"minecraft:leave_game":11,"minecraft:time_since_death":22095,"minecraft:damage_blocked_by_shield":8735,"minecraft:play_time":1854223,"minecraft:deaths":152,"minecraft:jump":38716,"minecraft:enchant_item":12,"minecraft:interact_with_furnace":76,"minecraft:traded_with_villager":354,"minecraft:sleep_in_bed":13,"minecraft:waystone_activated":21,"minecraft:damage_dealt":239840,"minecraft:interact_with_smoker":8,"minecraft:interact_with_smithing_table":19,"minecraft:inspect_dispenser":1,"minecraft:horse_one_cm":88,"minecraft:interact_with_anvil":26,"minecraft:inspect_hopper":2,"minecraft:damage_dealt_absorbed":1814,"minecraft:sneak_time":81414,"minecraft:interact_with_lectern":1,"minecraft:interact_with_blast_furnace":32,"minecraft:total_world_time":1854223,"minecraft:interact_with_stonecutter":1,"minecraft:time_since_rest":22130,"minecraft:swim_one_cm":355428,"minecraft:fly_one_cm":8177116,"minecraft:open_chest":1261,"minecraft:fall_one_cm":882102,"minecraft:sprint_one_cm":4959441,"minecraft:drop":1080,"minecraft:talked_to_villager":373,"minecraft:interact_with_brewingstand":2,"minecraft:walk_on_water_one_cm":354614,"minecraft:interact_with_loom":1,"minecraft:player_kills":15,"minecraft:crouch_one_cm":300408,"minecraft:mob_kills":1358,"minecraft:damage_dealt_resisted":31196,"minecraft:climb_one_cm":57750,"minecraft:walk_one_cm":6204204,"minecraft:raid_win":1,"minecraft:walk_under_water_one_cm":177006,"minecraft:boat_one_cm":142201,"minecraft:pot_flower":2,"minecraft:interact_with_grindstone":9,"minecraft:damage_absorbed":159,"minecraft:damage_taken":69473,"minecraft:trigger_trapped_chest":3},"minecraft:mined":{"minecraft:dark_oak_planks":32,"minecraft:blue_carpet":17,"minecraft:blackstone_stairs":9,"minecraft:white_bed":8,"alexscaves:limestone":543,"alexsmobs:leafcutter_anthill":1,"alexscaves:azure_neodymium_pillar":65,"minecraft:acacia_log":2,"minecraft:red_nether_bricks":3,"minecraft:chiseled_polished_blackstone":1,"minecraft:granite":2,"minecraft:red_sand":2,"minecraft:stone_brick_wall":86,"minecraft:jungle_log":4,"minecraft:coal_block":9,"minecraft:oxeye_daisy":5,"minecraft:oak_wall_sign":4,"minecraft:hopper":3,"minecraft:nether_wart":20,"minecraft:spawner":35,"alexscaves:cave_painting_footprint":1,"minecraft:polished_blackstone_bricks":188,"minecraft:weeping_vines_plant":3,"minecraft:magma_block":1,"minecraft:cobbled_deepslate":2,"minecraft:dark_oak_trapdoor":16,"minecraft:barrel":1,"minecraft:fire":80,"minecraft:deepslate_lapis_ore":42,"minecraft:fletching_table":15,"alexscaves:smooth_limestone_stairs":2,"alexscaves:scarlet_neodymium_node":8,"alexscaves:fiddlehead":18,"minecraft:dirt_path":64,"minecraft:oak_stairs":180,"minecraft:spruce_pressure_plate":2,"alexscaves:smooth_limestone":2,"minecraft:green_carpet":1,"minecraft:smooth_sandstone_stairs":1,"minecraft:iron_block":12,"farmersdelight:wild_potatoes":4,"minecraft:player_head":4,"farmersdelight:rich_soil_farmland":6,"minecraft:tripwire":4,"minecraft:cut_sandstone":1,"alexscaves:amber":15,"minecraft:red_bed":1,"alexscaves:cave_painting_grottoceratops":1,"minecraft:kelp_plant":1,"minecraft:crimson_nylium":8,"minecraft:smoker":4,"minecraft:soul_fire":33,"minecraft:torch":13,"born_in_chaos_v1:tombstone_petasi":1,"born_in_chaos_v1:infected_deepslate_diamond_ore":2,"minecraft:blast_furnace":6,"alexscaves:pewen_wood":4,"minecraft:dead_bush":9,"alexscaves:energized_galena_scarlet":5,"minecraft:spruce_wall_sign":1,"minecraft:polished_diorite_slab":16,"minecraft:sugar_cane":13,"minecraft:damaged_anvil":2,"minecraft:smooth_sandstone_slab":2,"minecraft:spruce_sign":1,"minecraft:skeleton_skull":4,"minecraft:polished_diorite_stairs":8,"minecraft:chain":5,"gnumus:gnumus_clay_block":33,"minecraft:mud":4,"minecraft:wheat":7,"minecraft:lilac":1,"minecraft:grass":856,"minecraft:oak_fence_gate":1,"minecraft:smooth_quartz":127,"minecraft:smooth_basalt":11,"born_in_chaos_v1:infernal_evil_pumpkin_s":4,"alexscaves:flood_basalt":27,"minecraft:deepslate":359,"alexscaves:primal_magma":48,"minecraft:nether_brick_wall":9,"farmersdelight:wild_carrots":15,"alexscaves:cave_painting_tree_stars":4,"minecraft:nether_bricks":64,"minecraft:dark_oak_fence":9,"minecraft:spruce_fence":176,"alexscaves:pewen_log":37,"minecraft:jungle_planks":51,"born_in_chaos_v1:black_argillite":59,"minecraft:crimson_roots":11,"born_in_chaos_v1:fel_soil":50,"alexsmobs:leafcutter_ant_chamber":21,"minecraft:potted_bamboo":6,"minecraft:moss_block":91,"minecraft:kelp":1,"alexscaves:galena":62,"minecraft:black_stained_glass_pane":3,"alexscaves:archaic_vine_plant":3,"minecraft:packed_mud":6,"gnumus:baked_gnumus_clay":1,"minecraft:snow":14,"minecraft:andesite":44,"minecraft:green_terracotta":37,"alexscaves:heart_of_iron":2,"minecraft:potatoes":1,"minecraft:rail":30,"gnumus:fragile_gnumus_jug":35,"minecraft:white_wool":1,"minecraft:potted_allium":1,"minecraft:smithing_table":4,"alexscaves:tesla_bulb":1,"minecraft:oak_slab":16,"minecraft:light_gray_carpet":1,"minecraft:gray_concrete":3,"minecraft:glass_pane":16,"alexscaves:azure_neodymium_node":2,"minecraft:observer":2,"minecraft:dandelion":15,"alexscaves:flytrap":11,"minecraft:smooth_sandstone":16,"minecraft:cornflower":3,"minecraft:campfire":20,"minecraft:copper_ore":10,"minecraft:tall_grass":142,"farmersdelight:wild_tomatoes":14,"minecraft:deepslate_gold_ore":2,"alexscaves:archaic_vine":9,"minecraft:diorite":73,"minecraft:red_terracotta":12,"minecraft:coarse_dirt":5,"minecraft:creeper_head":1,"alexscaves:cycad":6,"minecraft:white_carpet":4,"minecraft:spruce_log":1385,"minecraft:birch_leaves":36,"minecraft:mangrove_leaves":4,"minecraft:dark_oak_button":1,"minecraft:gravel":75,"minecraft:cobweb":24,"minecraft:spruce_fence_gate":18,"minecraft:stone_bricks":276,"minecraft:gold_ore":9,"minecraft:fern":359,"minecraft:spruce_planks":43,"minecraft:farmland":22,"farmersdelight:rich_soil":16,"minecraft:stone_pressure_plate":2,"minecraft:cobblestone_stairs":20,"minecraft:spruce_trapdoor":42,"cataclysm:sandstone_ignite_trap":38,"minecraft:grass_block":724,"alexscaves:pewen_branch":2,"minecraft:cracked_polished_blackstone_bricks":115,"minecraft:soul_soil":1,"minecraft:polished_diorite":13,"minecraft:composter":1,"born_in_chaos_v1:pile_of_skulls":1,"minecraft:gilded_blackstone":1,"minecraft:smooth_stone":14,"cataclysm:sandstone_poison_dart_trap":1,"minecraft:glowstone":14,"minecraft:red_nether_brick_stairs":3,"born_in_chaos_v1:black_argillite_brick_slab":2,"minecraft:iron_ore":28,"minecraft:anvil":5,"alexscaves:amber_monolith":5,"minecraft:azure_bluet":3,"minecraft:dark_oak_stairs":20,"minecraft:flowering_azalea_leaves":1,"minecraft:iron_bars":19,"alexscaves:limestone_pillar":18,"minecraft:spruce_slab":15,"alexscaves:fern_thatch":2,"minecraft:deepslate_redstone_ore":37,"alexscaves:pewen_planks":7,"minecraft:cyan_terracotta":28,"minecraft:blackstone":315,"minecraft:twisting_vines_plant":1,"minecraft:yellow_banner":2,"alexscaves:ancient_leaves":50,"minecraft:jungle_stairs":24,"minecraft:poppy":7,"minecraft:chest":8,"farmersdelight:safety_net":2,"minecraft:nether_quartz_ore":413,"minecraft:cobblestone":61,"minecraft:grindstone":3,"minecraft:oak_planks":187,"minecraft:wall_torch":10,"minecraft:petrified_oak_slab":4,"minecraft:deepslate_copper_ore":8,"minecraft:pink_petals":1,"minecraft:warped_nylium":39,"born_in_chaos_v1:tombstone_dark_titan_066":1,"born_in_chaos_v1:fired_black_argillite":2,"minecraft:birch_log":32,"born_in_chaos_v1:river_mint":10,"minecraft:orange_tulip":1,"minecraft:smooth_stone_slab":10,"minecraft:oak_log":234,"minecraft:diorite_wall":8,"minecraft:sand":461,"minecraft:dirt":95,"minecraft:ancient_debris":11,"minecraft:netherrack":721,"minecraft:oak_leaves":80,"minecraft:nether_gold_ore":8,"alexscaves:spelunkery_table":1,"minecraft:diamond_ore":4,"minecraft:tuff":1,"minecraft:yellow_wall_banner":1,"minecraft:quartz_stairs":9,"minecraft:blackstone_wall":8,"minecraft:deepslate_diamond_ore":86,"minecraft:oak_door":2,"born_in_chaos_v1:infected_diamond_ore":10,"minecraft:ladder":4,"minecraft:stone_button":1,"minecraft:decorated_pot":2,"minecraft:weeping_vines":2,"minecraft:white_stained_glass":1,"alexscaves:cave_painting_grottoceratops_friend":1,"alexscaves:galena_spire":8,"minecraft:acacia_slab":1,"minecraft:spruce_leaves":63,"minecraft:sandstone":39,"minecraft:mangrove_propagule":1,"minecraft:large_fern":130,"minecraft:hay_block":164,"alexscaves:subterranodon_egg":1,"minecraft:light_blue_wall_banner":1,"minecraft:oak_trapdoor":31,"gnumus:scion_weed":11,"minecraft:spruce_sapling":3,"minecraft:furnace":10,"alexscaves:energized_galena_azure":25,"minecraft:chiseled_sandstone":4,"minecraft:dark_oak_fence_gate":18,"minecraft:stripped_spruce_log":74,"minecraft:gold_block":30,"minecraft:peony":5,"minecraft:nether_brick_fence":2,"minecraft:bookshelf":120,"minecraft:deepslate_iron_ore":49,"minecraft:lantern":10,"minecraft:packed_ice":3,"alexscaves:curly_fern":93,"minecraft:stone":249,"born_in_chaos_v1:mesh_door":1,"minecraft:podzol":30,"farmersdelight:cooking_pot":1,"minecraft:scaffolding":7,"minecraft:acacia_leaves":2,"born_in_chaos_v1:marigolds":1,"minecraft:basalt":464,"minecraft:oak_fence":73,"minecraft:crafting_table":18,"alexscaves:tree_star":7,"minecraft:rose_bush":14,"minecraft:lectern":148,"born_in_chaos_v1:chipped_black_argillite_brick":8,"minecraft:lapis_ore":5,"minecraft:blue_bed":8,"minecraft:spruce_stairs":42,"minecraft:birch_planks":5,"minecraft:beehive":4,"minecraft:polished_blackstone_stairs":3,"alexscaves:galena_iron_ore":2,"minecraft:sweet_berry_bush":38,"minecraft:ice":9,"minecraft:yellow_bed":3,"alexscaves:cave_painting_ambersol":2,"minecraft:coal_ore":99,"born_in_chaos_v1:rotten_soil":2,"minecraft:flower_pot":2,"minecraft:gray_carpet":35,"minecraft:mossy_stone_bricks":1,"alexscaves:scarlet_neodymium_pillar":72},"minecraft:dropped":{"minecraft:iron_sword":3,"alexscaves:curly_fern":13,"minecraft:porkchop":13,"gnumus:overripe_carrot":24,"minecraft:glow_ink_sac":3,"minecraft:glass_bottle":2,"minecraft:diamond":24,"minecraft:crafting_table":130,"cataclysm:sandstone_ignite_trap":4,"minecraft:dark_oak_slab":4,"minecraft:crossbow":3,"minecraft:glow_berries":6,"minecraft:warped_roots":7,"minecraft:dark_oak_button":4,"minecraft:mossy_stone_brick_stairs":1,"minecraft:saddle":1,"minecraft:archer_pottery_sherd":2,"born_in_chaos_v1:nightmare_claw":1,"minecraft:rail":30,"minecraft:red_carpet":4,"minecraft:item_frame":12,"born_in_chaos_v1:monster_flesh":23,"minecraft:dirt":279,"born_in_chaos_v1:phantom_powder":1,"alexsmobs:roadrunner_feather":1,"gnumus:gnumus_claw":12,"minecraft:stone_button":18,"minecraft:dark_oak_fence":9,"minecraft:dark_oak_trapdoor":14,"minecraft:chain":7,"minecraft:writable_book":2,"minecraft:gold_nugget":63,"alexsmobs:emu_feather":2,"minecraft:bone_meal":4,"minecraft:phantom_membrane":3,"minecraft:sand":414,"alexscaves:cycad":1,"minecraft:iron_pickaxe":5,"minecraft:dark_oak_planks":16,"minecraft:white_wool":2,"minecraft:danger_pottery_sherd":2,"minecraft:bone":77,"minecraft:oak_door":2,"minecraft:sugar_cane":13,"alexsmobs:animal_dictionary":2,"minecraft:cobbled_deepslate":397,"minecraft:birch_sapling":2,"minecraft:wheat":8,"minecraft:obsidian":3,"minecraft:rotten_flesh":276,"minecraft:oak_planks":113,"minecraft:glowstone_dust":3,"minecraft:blaze_powder":3,"minecraft:golden_shovel":1,"minecraft:nether_brick_fence":2,"minecraft:azure_bluet":6,"minecraft:white_bed":1,"minecraft:dark_oak_fence_gate":15,"minecraft:salmon":9,"minecraft:tipped_arrow":15,"alexscaves:smooth_limestone":14,"minecraft:charcoal":14,"minecraft:diorite_wall":10,"minecraft:jungle_stairs":24,"minecraft:jungle_log":4,"minecraft:arms_up_pottery_sherd":2,"farmersdelight:rope":31,"minecraft:leather_leggings":1,"gnumus:gnumus_pouch":3,"farmersdelight:onion_crate":2,"minecraft:snort_pottery_sherd":1,"minecraft:spruce_slab":28,"minecraft:red_nether_bricks":3,"minecraft:beef":23,"born_in_chaos_v1:marigolds":4,"farmersdelight:tomato_seeds":11,"minecraft:iron_ingot":7,"minecraft:golden_boots":2,"born_in_chaos_v1:intoxicating_decoction":4,"born_in_chaos_v1:shattered_skull":12,"minecraft:wheat_seeds":130,"minecraft:mourner_pottery_sherd":1,"minecraft:tnt":1,"minecraft:prismarine_crystals":3,"minecraft:iron_helmet":4,"minecraft:oak_fence":67,"born_in_chaos_v1:holiday_candy":42,"minecraft:feather":23,"minecraft:cobblestone":190,"alexsmobs:rattlesnake_rattle":1,"born_in_chaos_v1:charmof_endurance":1,"born_in_chaos_v1:soul_cutlass":2,"minecraft:coal":13,"alexsmobs:raw_catfish":4,"minecraft:oxeye_daisy":7,"born_in_chaos_v1:gnawed_bones":9,"born_in_chaos_v1:black_argillite":2,"minecraft:golden_carrot":1,"minecraft:rose_bush":14,"gnumus:gnumus_pouch_3":1,"minecraft:diamond_helmet":2,"minecraft:dead_bush":1,"minecraft:oak_stairs":153,"minecraft:smooth_sandstone_slab":2,"alexscaves:primitive_club":1,"minecraft:mud":3,"minecraft:iron_shovel":2,"minecraft:chainmail_leggings":14,"minecraft:paper":26,"minecraft:string":75,"minecraft:skull_pottery_sherd":1,"minecraft:spruce_sapling":1,"minecraft:furnace":1,"minecraft:moss_carpet":3,"minecraft:soul_soil":1,"minecraft:green_terracotta":12,"minecraft:polished_diorite_slab":30,"minecraft:stone_sword":1,"minecraft:smooth_stone_slab":12,"minecraft:bowl":2,"born_in_chaos_v1:rotten_fish":12,"minecraft:chicken":10,"minecraft:white_carpet":5,"minecraft:iron_boots":2,"minecraft:name_tag":3,"minecraft:nether_bricks":17,"minecraft:spruce_fence":182,"minecraft:pumpkin_seeds":70,"minecraft:diamond_sword":1,"minecraft:potato":6,"minecraft:hay_block":1,"minecraft:flower_pot":10,"minecraft:sea_pickle":4,"minecraft:allium":1,"alexsmobs:cockroach_wing_fragment":1,"minecraft:peony":33,"minecraft:spruce_trapdoor":44,"minecraft:spruce_planks":95,"minecraft:yellow_bed":2,"gnumus:gnumus_chickpeas":10,"born_in_chaos_v1:bloody_gadfly_eye":2,"minecraft:carved_pumpkin":1,"minecraft:stone_pressure_plate":3,"minecraft:spider_eye":46,"minecraft:stone_bricks":72,"minecraft:bamboo":5,"minecraft:bow":6,"minecraft:red_sand":1,"minecraft:sandstone":26,"minecraft:birch_boat":1,"sophisticatedbackpacks:copper_backpack":1,"minecraft:magma_block":1,"minecraft:spruce_sign":33,"minecraft:birch_planks":3,"minecraft:brown_mushroom":15,"minecraft:moss_block":6,"minecraft:dark_oak_stairs":12,"minecraft:warped_fungus":2,"minecraft:oak_log":82,"minecraft:lantern":13,"minecraft:leather":5,"minecraft:jungle_planks":21,"gnumus:mouse_skin":29,"minecraft:birch_slab":4,"alexsmobs:bison_fur":2,"farmersdelight:rice":4,"minecraft:cod":10,"minecraft:flint":2,"minecraft:cobblestone_stairs":9,"minecraft:cyan_terracotta":17,"alexscaves:galena":3,"minecraft:cracked_polished_blackstone_bricks":69,"minecraft:polished_diorite_stairs":8,"born_in_chaos_v1:monster_skin":25,"minecraft:cornflower":4,"minecraft:mutton":8,"minecraft:snowball":64,"farmersdelight:onion":25,"minecraft:gilded_blackstone":3,"minecraft:polished_blackstone_bricks":104,"minecraft:birch_log":2,"minecraft:chiseled_polished_blackstone":1,"alexscaves:pewen_sapling":7,"minecraft:blackstone":110,"born_in_chaos_v1:fire_dust":8,"minecraft:twisting_vines":6,"born_in_chaos_v1:ethereal_spirit":3,"minecraft:diamond_shovel":1,"minecraft:carrot":2,"minecraft:chainmail_chestplate":5,"minecraft:poppy":5,"minecraft:rabbit_hide":2,"minecraft:mangrove_log":2,"minecraft:gunpowder":28,"born_in_chaos_v1:chipped_black_argillite_brick":2,"minecraft:skeleton_skull":1,"minecraft:petrified_oak_slab":4,"minecraft:spruce_pressure_plate":2,"born_in_chaos_v1:corpse_maggot":74,"minecraft:stone_brick_wall":72,"alexsmobs:moose_ribs":3,"minecraft:iron_bars":12,"minecraft:basalt":66,"minecraft:arrow":7,"minecraft:quartz":11,"minecraft:oak_leaves":12,"minecraft:netherrack":51,"born_in_chaos_v1:dark_rod":1,"gnumus:lucky_hat_helmet":1,"minecraft:water_bucket":1,"minecraft:bread":70,"minecraft:stripped_spruce_log":87,"minecraft:oak_slab":17,"minecraft:golden_helmet":4,"minecraft:cherry_log":2,"minecraft:diamond_leggings":2,"minecraft:mangrove_propagule":2,"minecraft:spruce_stairs":81,"minecraft:acacia_log":2,"minecraft:grass_block":11,"minecraft:stick":27,"minecraft:spruce_fence_gate":15,"born_in_chaos_v1:pumpkin_staff":1,"born_in_chaos_v1:river_mint":11,"minecraft:diorite":33,"minecraft:melon_slice":1,"born_in_chaos_v1:fused_bone":7,"born_in_chaos_v1:stimulating_decoction":4,"minecraft:fire_charge":1,"minecraft:iron_leggings":4,"cataclysm:ancient_spear":3,"minecraft:pink_petals":11,"farmersdelight:rich_soil":21,"minecraft:dandelion":13,"minecraft:smooth_basalt":8,"minecraft:redstone":10,"minecraft:polished_diorite":11,"minecraft:kelp":3,"minecraft:sweet_berries":13,"minecraft:oak_trapdoor":12,"alexscaves:serene_salad":27,"minecraft:raw_copper":1,"minecraft:tuff":1,"minecraft:raw_iron":22,"gnumus:baked_gnumus_clay":1,"born_in_chaos_v1:spiritual_dust":13,"minecraft:red_nether_brick_stairs":3,"minecraft:flint_and_steel":2,"minecraft:filled_map":3,"minecraft:snow":2,"gnumus:gnumus_clay":137,"minecraft:diamond_chestplate":1,"minecraft:iron_chestplate":6,"minecraft:andesite":9,"minecraft:quartz_stairs":1,"minecraft:golden_leggings":5,"minecraft:oak_sapling":21,"minecraft:golden_sword":2,"minecraft:spruce_log":69,"minecraft:diamond_boots":3,"minecraft:slime_ball":15,"minecraft:stone_pickaxe":1,"minecraft:wooden_pickaxe":1,"minecraft:magma_cream":2,"born_in_chaos_v1:bone_heart":1},"minecraft:killed_by":{"born_in_chaos_v1:nightmare_stalker":7,"minecraft:piglin_brute":4,"alexsmobs:snow_leopard":1,"minecraft:ravager":1,"minecraft:magma_cube":1,"cataclysm:koboleton":8,"born_in_chaos_v1:pumpkinhead":6,"born_in_chaos_v1:scarlet_persecutor":5,"minecraft:vex":5,"born_in_chaos_v1:lifestealer_true_form":3,"cataclysm:wadjet":6,"minecraft:stray":4,"born_in_chaos_v1:zombie_lumberjack":1,"born_in_chaos_v1:dark_vortex":1,"alexsmobs:bison":2,"born_in_chaos_v1:sir_pumpkinhead_without_horse":2,"born_in_chaos_v1:decrepit_skeleton":1,"minecraft:wither":1,"alexsmobs:moose":4,"born_in_chaos_v1:dread_hound":2,"born_in_chaos_v1:maggot":1,"minecraft:zombified_piglin":1,"minecraft:wither_skeleton":1,"minecraft:creeper":3,"born_in_chaos_v1:mr_pumpkin":1,"born_in_chaos_v1:bone_imp_minion":2,"alexsmobs:elephant":1,"alexsmobs:tusklin":3,"minecraft:piglin":3,"minecraft:cave_spider":3,"cataclysm:deepling_brute":2,"minecraft:blaze":3,"born_in_chaos_v1:supreme_bonescaller_stage_2":1,"cataclysm:kobolediator":6,"alexscaves:tremorsaurus":1,"minecraft:player":5,"born_in_chaos_v1:zombie_clown":1,"born_in_chaos_v1:decaying_zombie":1,"born_in_chaos_v1:sir_pumpkinhead":3,"born_in_chaos_v1:missioner":1,"born_in_chaos_v1:door_knight":1,"cataclysm:ancient_remnant":7},"minecraft:broken":{"minecraft:golden_boots":1,"minecraft:wooden_shovel":1,"minecraft:iron_boots":3,"minecraft:iron_chestplate":1,"minecraft:iron_leggings":2,"gnumus:gnumus_cutlass":1,"minecraft:golden_sword":1,"minecraft:leather_helmet":1,"minecraft:stone_sword":1,"minecraft:shield":2,"minecraft:iron_axe":2,"minecraft:iron_helmet":3,"minecraft:iron_shovel":1,"minecraft:leather_leggings":1,"minecraft:golden_shovel":1,"minecraft:stone_axe":1,"born_in_chaos_v1:wood_splitter_axe":2,"minecraft:flint_and_steel":1,"minecraft:leather_chestplate":1,"minecraft:leather_boots":1},"minecraft:crafted":{"minecraft:birch_boat":1,"minecraft:birch_slab":18,"minecraft:cooked_mutton":5,"minecraft:quartz_block":171,"minecraft:iron_bars":16,"minecraft:diamond_helmet":2,"minecraft:diamond_leggings":2,"minecraft:netherite_boots":1,"sophisticatedbackpacks:copper_backpack":2,"gnumus:gnumus_cutlass":1,"minecraft:emerald":328,"minecraft:diamond_axe":2,"minecraft:fletching_table":4,"born_in_chaos_v1:armor_plate_from_dark_metal":1,"minecraft:lectern":4,"minecraft:iron_pickaxe":1,"minecraft:iron_block":8,"minecraft:gold_ingot":46,"minecraft:netherite_ingot":4,"minecraft:spruce_fence":78,"minecraft:spruce_slab":114,"minecraft:stone_pickaxe":2,"minecraft:diamond_boots":2,"minecraft:chainmail_leggings":12,"minecraft:wheat":1476,"minecraft:enchanting_table":1,"alexsmobs:cooked_moose_ribs":4,"sophisticatedbackpacks:gold_backpack":1,"minecraft:enchanted_book":9,"minecraft:golden_apple":8,"minecraft:iron_shovel":4,"minecraft:iron_leggings":3,"cataclysm:ancient_spear":1,"minecraft:oak_planks":220,"minecraft:quartz_bricks":168,"alexscaves:pewen_planks":28,"born_in_chaos_v1:dark_metal_ingot":8,"minecraft:bow":1,"minecraft:iron_boots":4,"alexscaves:serene_salad":14,"minecraft:chest":14,"minecraft:netherite_helmet":1,"alexscaves:primitive_club":1,"born_in_chaos_v1:dark_upgrade":2,"minecraft:netherite_upgrade_smithing_template":8,"born_in_chaos_v1:pileof_dark_metal":7,"minecraft:oak_slab":12,"sophisticatedbackpacks:backpack":1,"minecraft:crafting_table":75,"minecraft:spruce_planks":5388,"minecraft:wooden_pickaxe":1,"minecraft:iron_helmet":3,"minecraft:chainmail_chestplate":5,"cataclysm:ancient_metal_ingot":10,"minecraft:birch_planks":84,"sophisticatedbackpacks:upgrade_base":1,"minecraft:dark_oak_slab":12,"minecraft:iron_chestplate":4,"minecraft:charcoal":5,"minecraft:shield":6,"sophisticatedbackpacks:diamond_backpack":1,"minecraft:stick":9736,"minecraft:iron_ingot":250,"minecraft:stone_sword":1,"minecraft:coal":99,"minecraft:furnace":3,"minecraft:blast_furnace":1,"minecraft:oak_trapdoor":6,"minecraft:netherite_chestplate":1,"minecraft:netherite_leggings":1,"minecraft:iron_axe":1,"born_in_chaos_v1:fried_maggot":32,"minecraft:netherite_scrap":16,"sophisticatedbackpacks:iron_backpack":1,"minecraft:cooked_beef":22,"minecraft:iron_sword":1,"minecraft:bowl":16,"minecraft:stone_axe":1,"minecraft:bread":493,"minecraft:air":0,"minecraft:blue_dye":5,"minecraft:oak_boat":3,"minecraft:gold_nugget":9,"minecraft:anvil":1,"minecraft:acacia_planks":4,"minecraft:torch":52,"minecraft:diamond_chestplate":2},"minecraft:picked_up":{"minecraft:iron_chestplate":2,"alexscaves:tough_hide":1,"minecraft:anvil":5,"minecraft:creeper_head":1,"minecraft:flower_pot":10,"alexscaves:smooth_limestone":16,"minecraft:lead":2,"minecraft:smithing_table":4,"minecraft:diamond_sword":1,"alexscaves:trilocaris_tail":2,"minecraft:oak_stairs":156,"minecraft:enchanted_book":4,"minecraft:golden_sword":3,"born_in_chaos_v1:mesh_door":2,"minecraft:dark_oak_trapdoor":15,"minecraft:string":109,"minecraft:soul_soil":2,"minecraft:cooked_salmon":2,"minecraft:red_nether_bricks":6,"alexsmobs:emu_feather":2,"minecraft:diamond_leggings":1,"minecraft:gold_nugget":100,"minecraft:cobbled_deepslate":492,"minecraft:spruce_planks":222,"minecraft:melon_slice":1,"minecraft:coal_block":9,"minecraft:mangrove_log":2,"minecraft:golden_helmet":4,"minecraft:spruce_pressure_plate":2,"minecraft:beehive":1,"minecraft:polished_blackstone_stairs":1,"born_in_chaos_v1:shattered_skull":14,"minecraft:composter":1,"minecraft:acacia_log":4,"cataclysm:kobolediator_skull":1,"gnumus:lucky_hat_helmet":1,"minecraft:cherry_log":4,"born_in_chaos_v1:fel_soil":50,"minecraft:warped_button":1,"alexsmobs:centipede_leg":2,"minecraft:green_terracotta":30,"gnumus:wrapper_with_goods":1,"minecraft:yellow_banner":4,"minecraft:stone_sword":2,"gnumus:vintage_metal":6,"farmersdelight:onion":52,"minecraft:blackstone_wall":5,"alexscaves:serene_salad":15,"minecraft:iron_block":13,"minecraft:carved_pumpkin":2,"minecraft:cyan_terracotta":28,"alexscaves:archaic_vine":7,"minecraft:bookshelf":40,"alexscaves:notor_gizmo":4,"alexscaves:primitive_club":1,"minecraft:blaze_rod":4,"minecraft:blackstone_stairs":6,"minecraft:iron_bars":27,"minecraft:snowball":69,"minecraft:birch_log":35,"born_in_chaos_v1:staffof_magic_arrows":3,"minecraft:magma_block":1,"minecraft:polished_diorite_slab":30,"minecraft:feather":23,"minecraft:cooked_beef":5,"minecraft:water_bucket":1,"born_in_chaos_v1:spiritual_dust":27,"minecraft:jungle_log":7,"farmersdelight:safety_net":2,"minecraft:smoker":4,"alexsmobs:bison_fur":2,"minecraft:flint":10,"born_in_chaos_v1:black_argillite_button":2,"minecraft:gray_concrete":2,"farmersdelight:tomato":2,"minecraft:lantern":38,"gnumus:gnumus_pouch_2":18,"alexscaves:galena":90,"cataclysm:koboleton_bone":16,"born_in_chaos_v1:marigolds":10,"minecraft:twisting_vines":6,"minecraft:diamond_helmet":1,"minecraft:glowstone_dust":35,"minecraft:moss_block":89,"minecraft:chiseled_polished_blackstone":1,"minecraft:stripped_spruce_log":115,"sophisticatedbackpacks:iron_backpack":1,"minecraft:red_terracotta":12,"minecraft:dark_oak_log":1,"minecraft:barrel":1,"alexsmobs:animal_dictionary":1,"minecraft:writable_book":3,"minecraft:granite":2,"alexscaves:heart_of_iron":2,"minecraft:bread":96,"born_in_chaos_v1:rotten_fish":13,"minecraft:light_gray_carpet":4,"minecraft:dark_oak_fence":9,"minecraft:crimson_roots":9,"minecraft:crafting_table":82,"minecraft:diamond_pickaxe":1,"alexscaves:raw_scarlet_neodymium":201,"sophisticatedbackpacks:gold_backpack":1,"minecraft:mud":3,"minecraft:coarse_dirt":4,"alexscaves:primal_magma":22,"minecraft:nether_wart":20,"born_in_chaos_v1:seedof_chaos":26,"minecraft:leather_leggings":2,"minecraft:mourner_pottery_sherd":2,"born_in_chaos_v1:fired_black_argillite":2,"alexscaves:fiddlehead":23,"minecraft:cornflower":4,"minecraft:red_bed":1,"minecraft:flint_and_steel":2,"minecraft:snow":2,"born_in_chaos_v1:intoxicating_decoction":12,"minecraft:white_carpet":16,"minecraft:beef":102,"born_in_chaos_v1:gnawed_bones":9,"alexscaves:amber_monolith":5,"minecraft:poppy":5,"minecraft:spruce_slab":11,"minecraft:quartz_stairs":9,"minecraft:chest":5,"minecraft:birch_sapling":3,"minecraft:egg":1,"minecraft:sandstone":35,"minecraft:oak_door":2,"alexscaves:cycad":62,"gnumus:juicy_meat":9,"sophisticatedbackpacks:backpack":1,"minecraft:spruce_fence":167,"farmersdelight:tomato_seeds":22,"minecraft:skull_pottery_sherd":1,"born_in_chaos_v1:pieceofdarkmetal":59,"minecraft:carrot":21,"minecraft:redstone":156,"minecraft:prismarine_crystals":3,"minecraft:blue_carpet":17,"minecraft:tnt":1,"minecraft:diamond_chestplate":1,"minecraft:decorated_pot":1,"born_in_chaos_v1:wood_splitter_axe":2,"minecraft:peony":33,"minecraft:diamond_boots":2,"minecraft:hay_block":167,"born_in_chaos_v1:spiny_shell":16,"minecraft:gold_ingot":8,"minecraft:totem_of_undying":1,"sophisticatedbackpacks:copper_backpack":2,"minecraft:glow_berries":6,"gnumus:mouse_skin":33,"minecraft:mutton":19,"minecraft:white_wool":7,"minecraft:rail":36,"minecraft:oxeye_daisy":7,"alexscaves:pewen_log":61,"born_in_chaos_v1:monster_flesh":37,"born_in_chaos_v1:pumpkin_staff":6,"minecraft:red_mushroom":1,"gnumus:gnumus_pouch":11,"minecraft:packed_mud":18,"minecraft:oak_log":157,"minecraft:ancient_debris":12,"minecraft:golden_boots":3,"minecraft:blue_bed":8,"minecraft:paper":71,"minecraft:white_banner":7,"alexscaves:pewen_sapling":11,"born_in_chaos_v1:soul_cutlass":7,"minecraft:light_blue_banner":1,"minecraft:apple":11,"minecraft:stone_bricks":209,"farmersdelight:cooking_pot":1,"minecraft:kelp":3,"alexscaves:cooked_dinosaur_chop":3,"alexsmobs:cockroach_wing_fragment":1,"minecraft:arms_up_pottery_sherd":4,"minecraft:iron_sword":4,"born_in_chaos_v1:tombstone_petasi":1,"minecraft:dark_oak_stairs":24,"minecraft:smooth_basalt":8,"minecraft:sweet_berries":83,"born_in_chaos_v1:orbofthe_summoner":7,"born_in_chaos_v1:ethereal_spirit":29,"minecraft:gravel":65,"alexscaves:smooth_limestone_stairs":2,"gnumus:gnumus_cheese":6,"minecraft:spruce_sapling":144,"born_in_chaos_v1:fangofthe_hound_leader":3,"minecraft:spruce_log":1448,"cataclysm:ancient_metal_block":1,"alexscaves:telecore":1,"minecraft:leather_helmet":1,"minecraft:archer_pottery_sherd":2,"minecraft:firework_rocket":1,"minecraft:slime_ball":37,"minecraft:snort_pottery_sherd":2,"born_in_chaos_v1:black_argillite_brick_slab":2,"born_in_chaos_v1:pile_of_skulls":1,"minecraft:polished_diorite":13,"alexscaves:subterranodon_egg":6,"alexscaves:pine_nuts":35,"minecraft:gray_wool":2,"minecraft:warped_roots":7,"minecraft:baked_potato":1,"cataclysm:sandstone_poison_dart_trap":1,"minecraft:mangrove_propagule":2,"minecraft:hopper":3,"minecraft:ender_pearl":23,"minecraft:wheat":8,"minecraft:nether_brick_fence":2,"gnumus:gnumus_claw":68,"minecraft:potion":2,"born_in_chaos_v1:bloody_gadfly_eye":2,"born_in_chaos_v1:holiday_candy":118,"born_in_chaos_v1:black_argillite":60,"minecraft:raw_copper":98,"minecraft:smooth_stone_slab":12,"minecraft:iron_leggings":3,"minecraft:armor_stand":5,"minecraft:zombie_head":1,"minecraft:experience_bottle":10,"minecraft:oak_sign":1,"minecraft:sea_pickle":4,"alexsmobs:blood_sac":2,"minecraft:red_sand":2,"minecraft:smooth_stone":14,"alexscaves:flytrap":19,"gnumus:packaged_goods":46,"minecraft:rose_bush":15,"minecraft:redstone_torch":1,"minecraft:smooth_quartz":124,"born_in_chaos_v1:stimulating_decoction":4,"minecraft:wooden_shovel":1,"minecraft:iron_pickaxe":3,"cataclysm:khopesh":1,"alexsmobs:raccoon_tail":3,"alexsmobs:leafcutter_ant_chamber":20,"minecraft:iron_boots":2,"minecraft:furnace":6,"minecraft:tipped_arrow":16,"minecraft:stick":158,"alexscaves:tesla_bulb":5,"alexscaves:limestone_pillar":17,"minecraft:oak_fence":67,"born_in_chaos_v1:phantom_powder":6,"minecraft:torch":34,"alexscaves:raw_azure_neodymium":158,"minecraft:spruce_stairs":82,"alexscaves:heavy_bone":1,"minecraft:porkchop":13,"minecraft:diorite":79,"born_in_chaos_v1:nightmare_claw":3,"gnumus:grilled_juicy_meat":6,"minecraft:cactus":2,"minecraft:rotten_flesh":324,"gnumus:gnumus_chickpeas":36,"alexsmobs:emu_egg":50,"minecraft:obsidian":3,"minecraft:cod":19,"minecraft:blaze_powder":3,"minecraft:cobblestone":316,"minecraft:nautilus_shell":1,"minecraft:pink_petals":11,"gnumus:gnumus_doubloons":35,"minecraft:leather_chestplate":1,"minecraft:magma_cream":12,"minecraft:andesite":61,"gnumus:overripe_carrot":30,"minecraft:golden_leggings":4,"minecraft:potato":62,"cataclysm:ancient_spear":3,"alexsmobs:bear_fur":1,"minecraft:tuff":1,"minecraft:smooth_sandstone_stairs":1,"minecraft:danger_pottery_sherd":4,"minecraft:lapis_lazuli":475,"minecraft:dirt":537,"minecraft:cut_sandstone_slab":1,"minecraft:name_tag":3,"born_in_chaos_v1:monster_skin":35,"minecraft:leather_boots":1,"minecraft:bone":202,"minecraft:bow":9,"minecraft:wheat_seeds":194,"minecraft:raw_gold":12,"minecraft:bell":1,"minecraft:grindstone":2,"minecraft:mossy_stone_bricks":1,"minecraft:bamboo":7,"minecraft:fletching_table":15,"minecraft:oak_planks":167,"minecraft:mossy_stone_brick_stairs":1,"minecraft:diorite_wall":10,"minecraft:oak_pressure_plate":2,"minecraft:jungle_planks":51,"minecraft:sand":458,"minecraft:melon":1,"minecraft:dead_bush":1,"minecraft:grass_block":458,"minecraft:chiseled_sandstone":2,"minecraft:spruce_fence_gate":15,"born_in_chaos_v1:fire_dust":28,"gnumus:vintage_parts":1,"minecraft:diamond":190,"gnumus:gnumus_clay":165,"waystones:waystone":1,"alexsmobs:rattlesnake_rattle":1,"minecraft:cracked_polished_blackstone_bricks":123,"minecraft:crossbow":6,"minecraft:bone_meal":4,"minecraft:golden_apple":2,"cataclysm:ancient_metal_nugget":11,"alexsmobs:moose_ribs":14,"minecraft:spruce_sign":33,"minecraft:emerald":53,"cataclysm:sandstone_ignite_trap":17,"minecraft:oak_sapling":15,"minecraft:netherrack":656,"minecraft:oak_leaves":12,"minecraft:charcoal":18,"born_in_chaos_v1:diamond_termite_shard":26,"minecraft:allium":1,"born_in_chaos_v1:river_mint":12,"minecraft:azure_bluet":6,"minecraft:chicken":10,"minecraft:ladder":4,"minecraft:brown_mushroom":15,"alexsmobs:roadrunner_feather":1,"minecraft:stone_brick_wall":73,"minecraft:gold_block":29,"alexscaves:flood_basalt":27,"minecraft:chain":14,"minecraft:shield":5,"alexscaves:metal_swarf":9,"minecraft:oak_trapdoor":19,"minecraft:moss_carpet":3,"minecraft:iron_axe":2,"minecraft:item_frame":25,"minecraft:blackstone":252,"minecraft:oak_boat":17,"minecraft:player_head":4,"minecraft:observer":2,"minecraft:light_gray_wool":1,"minecraft:lectern":148,"minecraft:sugar_cane":17,"minecraft:spruce_trapdoor":44,"minecraft:phantom_membrane":3,"minecraft:raw_iron":119,"minecraft:copper_ingot":1,"alexscaves:fern_thatch":2,"minecraft:polished_blackstone_bricks":177,"minecraft:stone_button":19,"born_in_chaos_v1:charmof_endurance":1,"alexsmobs:leafcutter_ant_pupa":2,"minecraft:stone_pressure_plate":3,"minecraft:dark_oak_planks":46,"minecraft:smooth_sandstone_slab":5,"gnumus:pileof_gnumus_doubloons":1,"minecraft:arrow":109,"minecraft:pumpkin_pie":2,"minecraft:jungle_stairs":24,"minecraft:nether_bricks":65,"alexscaves:pewen_wood":4,"alexscaves:spelunkery_table":1,"minecraft:saddle":4,"minecraft:petrified_oak_slab":4,"gnumus:gnumus_pouch_3":1,"born_in_chaos_v1:trident_hayfork":1,"minecraft:nether_brick_wall":7,"minecraft:skeleton_skull":4,"born_in_chaos_v1:fused_bone":8,"born_in_chaos_v1:corpse_maggot":106,"farmersdelight:rich_soil":21,"minecraft:basalt":489,"minecraft:dark_oak_button":6,"minecraft:golden_carrot":12,"minecraft:glow_ink_sac":10,"minecraft:salmon":13,"minecraft:cut_sandstone":1,"minecraft:leather":35,"minecraft:birch_planks":5,"alexscaves:heavyweight":1,"alexscaves:limestone":1145,"minecraft:yellow_bed":2,"minecraft:gunpowder":31,"minecraft:cobblestone_stairs":9,"alexscaves:ferrouslime_ball":5,"alexscaves:pewen_planks":7,"alexscaves:amber":14,"minecraft:cooked_mutton":4,"minecraft:smooth_sandstone":15,"minecraft:red_carpet":6,"minecraft:red_nether_brick_stairs":3,"minecraft:gray_carpet":35,"gnumus:gnumus_horn":2,"gnumus:baked_gnumus_clay":1,"cataclysm:sandstorm_in_a_bottle":1,"minecraft:rabbit_hide":3,"minecraft:iron_ingot":20,"born_in_chaos_v1:chipped_black_argillite_brick":7,"alexscaves:curly_fern":109,"born_in_chaos_v1:fel_lamp":1,"minecraft:book":234,"minecraft:scaffolding":17,"minecraft:oak_slab":17,"minecraft:warped_fungus":2,"born_in_chaos_v1:death_totem":1,"minecraft:birch_boat":4,"born_in_chaos_v1:lifestealer_bone":9,"minecraft:brush":1,"minecraft:quartz":849,"minecraft:dandelion":13,"minecraft:lava_bucket":1,"alexscaves:tree_star":22,"born_in_chaos_v1:dark_rod":2,"cataclysm:remnant_skull":1,"minecraft:blast_furnace":6,"minecraft:white_bed":7,"minecraft:dark_oak_fence_gate":18,"minecraft:green_carpet":1,"minecraft:spider_eye":51,"minecraft:polished_diorite_stairs":8,"alexsmobs:raw_catfish":4,"minecraft:pumpkin_seeds":109,"minecraft:chainmail_leggings":2,"cataclysm:ancient_metal_ingot":6,"born_in_chaos_v1:tombstone_dark_titan_066":1,"minecraft:acacia_slab":1,"minecraft:damaged_anvil":2,"minecraft:coal":187,"alexscaves:ancient_sapling":5},"minecraft:used":{"alexsmobs:emu_egg":50,"minecraft:moss_block":73,"minecraft:writable_book":3,"minecraft:rotten_flesh":4,"minecraft:chest":16,"minecraft:spruce_slab":93,"minecraft:ladder":4,"born_in_chaos_v1:soul_cutlass":1424,"minecraft:stripped_spruce_log":16,"minecraft:grass_block":411,"born_in_chaos_v1:smoked_flesh":26,"minecraft:lava_bucket":100,"minecraft:birch_sapling":1,"minecraft:dark_oak_slab":8,"born_in_chaos_v1:fired_black_argillite":2,"minecraft:bow":102,"minecraft:sweet_berries":28,"minecraft:furnace":6,"minecraft:egg":1,"gnumus:grilled_juicy_meat":6,"minecraft:mossy_stone_bricks":1,"minecraft:diorite":39,"minecraft:damaged_anvil":2,"minecraft:blackstone":190,"minecraft:wooden_pickaxe":3,"minecraft:golden_apple":5,"minecraft:dark_oak_trapdoor":1,"minecraft:sand":41,"minecraft:blast_furnace":7,"gnumus:gnumus_cutlass":16,"born_in_chaos_v1:holiday_candy":10,"minecraft:gray_concrete":1,"minecraft:chiseled_sandstone":1,"minecraft:zombie_head":1,"minecraft:stone_button":1,"minecraft:lectern":152,"minecraft:red_terracotta":12,"minecraft:oak_pressure_plate":2,"alexscaves:tesla_bulb":1,"minecraft:diamond_sword":3,"cataclysm:sandstone_poison_dart_trap":1,"minecraft:smithing_table":4,"minecraft:birch_log":7,"minecraft:oak_boat":17,"minecraft:oak_trapdoor":13,"minecraft:iron_bars":5,"minecraft:stone_sword":131,"minecraft:enchanting_table":1,"minecraft:acacia_log":1,"born_in_chaos_v1:ethereal_spirit":5,"minecraft:carved_pumpkin":1,"minecraft:armor_stand":5,"minecraft:light_gray_carpet":4,"minecraft:cooked_salmon":1,"born_in_chaos_v1:fried_maggot":32,"minecraft:netherrack":252,"minecraft:torch":97,"minecraft:anvil":6,"minecraft:twisting_vines":1,"minecraft:golden_shovel":33,"minecraft:polished_diorite":2,"born_in_chaos_v1:chipped_black_argillite_brick":4,"alexscaves:fern_thatch":2,"minecraft:iron_axe":501,"minecraft:jungle_log":1,"minecraft:barrel":1,"minecraft:bamboo":2,"minecraft:basalt":166,"farmersdelight:cooking_pot":1,"born_in_chaos_v1:black_argillite_brick_slab":2,"minecraft:cherry_log":2,"minecraft:cobbled_deepslate":8,"minecraft:wheat_seeds":2,"minecraft:water_bucket":150,"minecraft:nether_brick_wall":1,"minecraft:birch_planks":7,"minecraft:smooth_sandstone_slab":1,"minecraft:fletching_table":19,"minecraft:polished_blackstone_bricks":72,"alexscaves:primitive_club":2,"minecraft:crafting_table":26,"minecraft:red_bed":1,"minecraft:dark_oak_fence_gate":3,"minecraft:white_bed":6,"minecraft:spruce_log":12,"minecraft:oak_log":18,"minecraft:diamond_pickaxe":5171,"minecraft:diamond_shovel":662,"minecraft:iron_pickaxe":353,"minecraft:enchanted_book":11,"minecraft:cobblestone":100,"minecraft:spruce_sapling":143,"minecraft:blue_carpet":17,"minecraft:green_carpet":1,"minecraft:potion":1,"minecraft:brush":10,"minecraft:red_sand":2,"minecraft:iron_shovel":803,"minecraft:melon":1,"alexscaves:fiddlehead":1,"born_in_chaos_v1:intoxicating_decoction":1,"minecraft:oak_sign":1,"minecraft:decorated_pot":1,"minecraft:shield":261,"minecraft:iron_sword":753,"minecraft:creeper_head":1,"alexscaves:galena":87,"minecraft:bell":1,"minecraft:player_head":3,"minecraft:green_terracotta":16,"minecraft:mutton":4,"minecraft:nether_bricks":43,"minecraft:obsidian":21,"minecraft:carrot":18,"minecraft:beehive":1,"minecraft:cyan_terracotta":3,"minecraft:lantern":19,"alexscaves:limestone_pillar":5,"minecraft:crimson_roots":1,"minecraft:stone_bricks":137,"minecraft:item_frame":7,"minecraft:golden_sword":1,"minecraft:hay_block":2,"minecraft:scaffolding":11,"farmersdelight:safety_net":2,"minecraft:skeleton_skull":1,"minecraft:dark_oak_stairs":12,"minecraft:stone_pickaxe":221,"minecraft:gray_carpet":35,"minecraft:wither_skeleton_skull":1,"minecraft:oak_planks":59,"minecraft:sandstone":9,"minecraft:sugar_cane":4,"minecraft:diamond_axe":2370,"minecraft:blue_bed":6,"minecraft:white_wool":5,"minecraft:mushroom_stew":1,"minecraft:crossbow":1,"minecraft:redstone_torch":1,"waystones:waystone":1,"minecraft:dark_oak_log":1,"born_in_chaos_v1:pumpkin_staff":2,"minecraft:bread":647,"born_in_chaos_v1:marigolds":6,"minecraft:gravel":65,"alexsmobs:cooked_moose_ribs":2,"born_in_chaos_v1:rotten_fish":1,"born_in_chaos_v1:mesh_door":1,"born_in_chaos_v1:river_mint":1,"minecraft:grindstone":2,"minecraft:andesite":25,"minecraft:chain":2,"minecraft:coarse_dirt":4,"minecraft:warped_button":1,"minecraft:experience_bottle":10,"minecraft:rose_bush":1,"minecraft:flint_and_steel":64,"minecraft:spruce_planks":14,"cataclysm:sandstone_ignite_trap":3,"minecraft:wooden_shovel":60,"minecraft:dirt":201,"minecraft:white_carpet":9,"minecraft:spruce_stairs":1,"alexscaves:limestone":252,"minecraft:granite":2,"minecraft:spruce_fence":63,"minecraft:dark_oak_planks":10,"born_in_chaos_v1:black_argillite_button":2,"minecraft:bookshelf":25,"minecraft:oak_stairs":3,"minecraft:acacia_slab":1,"minecraft:smooth_sandstone":4,"alexscaves:spelunkery_table":1,"minecraft:light_gray_wool":1,"minecraft:golden_carrot":6,"cataclysm:ancient_spear":2113,"minecraft:cooked_beef":15,"minecraft:cooked_mutton":5,"cataclysm:khopesh":1,"minecraft:birch_boat":4,"minecraft:cut_sandstone":1,"alexscaves:curly_fern":1,"minecraft:book":5,"minecraft:smoker":3,"alexscaves:pewen_planks":18,"minecraft:apple":2,"minecraft:cracked_polished_blackstone_bricks":16,"minecraft:stone_axe":87,"minecraft:white_banner":1,"minecraft:bucket":250,"born_in_chaos_v1:wood_splitter_axe":416,"minecraft:gray_wool":2}},"DataVersion":3465}