{"stats":{"minecraft:picked_up":{"minecraft:crafting_table":3,"minecraft:glow_ink_sac":4,"minecraft:andesite":3,"minecraft:leather":10,"minecraft:brown_wool":2,"minecraft:oak_log":22,"minecraft:lapis_lazuli":5,"minecraft:cornflower":1,"minecraft:dirt":15,"minecraft:string":3,"minecraft:bone":6,"minecraft:apple":1,"minecraft:wheat_seeds":3,"minecraft:cobbled_deepslate":3,"minecraft:beef":17,"minecraft:light_gray_wool":2,"minecraft:furnace":3,"minecraft:raw_iron":75,"minecraft:dripstone_block":34,"minecraft:porkchop":18,"minecraft:blast_furnace":1,"minecraft:pointed_dripstone":9,"minecraft:diorite":7,"minecraft:arrow":4,"minecraft:rotten_flesh":9,"minecraft:hay_block":20,"minecraft:granite":7,"alexscaves:spelunkery_table":1,"minecraft:emerald":1,"minecraft:black_wool":1,"minecraft:mutton":33,"minecraft:coal":117,"minecraft:white_wool":15,"minecraft:cobblestone":125},"minecraft:killed_by":{"minecraft:skeleton":2,"minecraft:zombie":1},"minecraft:killed":{"minecraft:pig":8,"dungeonsweaponry:enchanter":2,"minecraft:spider":3,"minecraft:sheep":20,"minecraft:skeleton":3,"minecraft:zombie":8,"minecraft:cow":10,"minecraft:enderman":1},"minecraft:crafted":{"minecraft:oak_slab":30,"minecraft:oak_planks":88,"minecraft:crafting_table":2,"minecraft:iron_helmet":1,"minecraft:wooden_pickaxe":1,"minecraft:iron_sword":1,"minecraft:furnace":2,"minecraft:stone_axe":1,"minecraft:cooked_mutton":31,"minecraft:air":0,"minecraft:iron_boots":1,"minecraft:iron_chestplate":1,"minecraft:shield":1,"minecraft:stick":24,"minecraft:iron_ingot":32,"minecraft:iron_pickaxe":2,"minecraft:stone_pickaxe":4,"minecraft:wooden_axe":2,"minecraft:chest":1,"minecraft:white_bed":1,"minecraft:torch":4},"minecraft:mined":{"alexscaves:spelunkery_table":1,"minecraft:crafting_table":3,"minecraft:granite":7,"minecraft:blast_furnace":1,"minecraft:grass_block":7,"minecraft:cobblestone":1,"minecraft:diorite":8,"minecraft:hay_block":20,"minecraft:furnace":3,"dungeonsweaponry:wraith_fire":2,"minecraft:iron_ore":47,"minecraft:andesite":3,"minecraft:deepslate_lapis_ore":1,"minecraft:grass":30,"minecraft:oak_log":22,"minecraft:pointed_dripstone":5,"minecraft:coal_ore":76,"minecraft:deepslate_iron_ore":13,"minecraft:dripstone_block":38,"minecraft:dirt":8,"minecraft:stone":122,"minecraft:deepslate":3,"minecraft:oak_leaves":6},"minecraft:used":{"minecraft:cooked_mutton":23,"minecraft:diorite":4,"minecraft:stone_pickaxe":330,"minecraft:wooden_pickaxe":4,"minecraft:chest":1,"minecraft:shield":12,"minecraft:iron_sword":84,"minecraft:torch":4,"minecraft:dirt":8,"minecraft:oak_slab":14,"minecraft:crafting_table":4,"minecraft:white_bed":1,"minecraft:dripstone_block":13,"minecraft:wooden_axe":26,"minecraft:apple":1,"minecraft:bread":8,"minecraft:brown_wool":1,"minecraft:stone_axe":64,"minecraft:light_gray_wool":2,"minecraft:cobblestone":67,"minecraft:furnace":4,"minecraft:porkchop":1,"minecraft:cobbled_deepslate":3},"minecraft:broken":{"minecraft:stone_pickaxe":2},"minecraft:custom":{"minecraft:interact_with_furnace":40,"minecraft:mob_kills":57,"minecraft:interact_with_crafting_table":27,"minecraft:open_barrel":1,"minecraft:interact_with_loom":1,"minecraft:time_since_death":6653,"minecraft:sleep_in_bed":2,"minecraft:time_since_rest":6684,"minecraft:sprint_one_cm":469961,"minecraft:damage_taken":2501,"minecraft:walk_one_cm":408535,"minecraft:damage_blocked_by_shield":660,"minecraft:drop":28,"minecraft:damage_dealt":7195,"minecraft:swim_one_cm":35813,"minecraft:fly_one_cm":857555,"minecraft:open_chest":11,"minecraft:crouch_one_cm":20123,"minecraft:play_time":74648,"minecraft:deaths":4,"minecraft:sneak_time":3148,"minecraft:walk_under_water_one_cm":5474,"minecraft:jump":2069,"minecraft:interact_with_blast_furnace":1,"minecraft:walk_on_water_one_cm":17744,"minecraft:total_world_time":74648,"minecraft:fall_one_cm":61926},"minecraft:dropped":{"minecraft:wheat_seeds":3,"minecraft:glow_ink_sac":4,"minecraft:dripstone_block":2,"minecraft:pointed_dripstone":7,"minecraft:rotten_flesh":9,"minecraft:leather":10,"minecraft:diorite":3,"minecraft:cornflower":1,"minecraft:andesite":3,"minecraft:arrow":1,"minecraft:wooden_pickaxe":1,"minecraft:string":3,"minecraft:white_wool":10,"minecraft:black_wool":1,"minecraft:bone":4}},"DataVersion":3465}