{"stats":{"minecraft:crafted":{"minecraft:oak_planks":324,"minecraft:barrel":4,"minecraft:birch_wood":6,"minecraft:stone":133,"minecraft:cooked_mutton":51,"minecraft:diamond_leggings":1,"minecraft:diamond_helmet":1,"minecraft:bow":1,"minecraft:iron_boots":1,"minecraft:chest":5,"minecraft:smoker":1,"minecraft:oak_slab":36,"minecraft:cooked_porkchop":35,"minecraft:diamond_axe":1,"minecraft:crafting_table":3,"minecraft:wooden_pickaxe":1,"minecraft:iron_helmet":1,"minecraft:iron_chestplate":1,"minecraft:diamond_pickaxe":2,"minecraft:shield":2,"minecraft:stick":44,"dungeonsweaponry:glaive":5,"minecraft:iron_pickaxe":2,"minecraft:iron_ingot":89,"minecraft:cherry_planks":8,"minecraft:oak_door":3,"minecraft:cobbled_deepslate_slab":84,"minecraft:furnace":2,"minecraft:polished_deepslate":64,"minecraft:stone_pickaxe":4,"minecraft:diamond_boots":1,"minecraft:wheat":180,"minecraft:cooked_beef":26,"minecraft:diamond_sword":1,"minecraft:enchanting_table":1,"minecraft:iron_sword":1,"minecraft:bucket":1,"minecraft:stone_axe":1,"minecraft:bread":60,"minecraft:air":0,"minecraft:wooden_axe":2,"minecraft:iron_shovel":3,"minecraft:iron_leggings":1,"minecraft:white_bed":1,"minecraft:torch":4,"minecraft:diamond_chestplate":1},"minecraft:killed":{"dungeonsweaponry:wraith":4,"minecraft:cave_spider":1,"minecraft:spider":15,"dungeonsweaponry:enchanter":6,"minecraft:skeleton":29,"minecraft:pig":36,"minecraft:zombie_villager":1,"minecraft:salmon":4,"minecraft:creeper":1,"minecraft:sheep":44,"minecraft:zombie":34,"dungeonsweaponry:geomancer":1,"minecraft:cow":31,"dungeonsweaponry:vanguard":23,"minecraft:drowned":2,"minecraft:squid":1,"minecraft:enderman":8},"minecraft:killed_by":{"minecraft:creeper":3,"dungeonsweaponry:vanguard":1,"minecraft:zombie":1,"minecraft:vex":1,"minecraft:spider":1,"minecraft:skeleton":3},"minecraft:picked_up":{"minecraft:wooden_axe":2,"minecraft:iron_chestplate":3,"alexscaves:cave_tablet":26,"minecraft:string":31,"minecraft:raw_copper":24,"minecraft:iron_leggings":3,"dungeonsweaponry:suns_grace":2,"minecraft:cobbled_deepslate":468,"minecraft:redstone_torch":1,"minecraft:cobblestone_slab":18,"minecraft:iron_pickaxe":1,"minecraft:furnace":7,"minecraft:iron_boots":3,"minecraft:stick":10,"minecraft:torch":41,"minecraft:porkchop":102,"minecraft:cherry_log":2,"minecraft:pointed_dripstone":24,"minecraft:diorite":527,"minecraft:rotten_flesh":78,"minecraft:obsidian":16,"minecraft:cobblestone":1621,"minecraft:birch_log":8,"minecraft:pink_petals":13,"minecraft:cherry_planks":16,"minecraft:andesite":135,"minecraft:brown_wool":4,"minecraft:smoker":2,"alexscaves:cave_book":5,"minecraft:flint":6,"minecraft:lapis_lazuli":370,"minecraft:dirt":1015,"minecraft:lantern":7,"minecraft:name_tag":3,"minecraft:bone":163,"minecraft:stonecutter":2,"minecraft:bow":2,"minecraft:wheat_seeds":119,"minecraft:raw_gold":1,"minecraft:cobbled_deepslate_slab":134,"minecraft:birch_wood":2,"minecraft:oak_planks":93,"minecraft:cooked_porkchop":34,"minecraft:grass_block":7,"minecraft:barrel":1,"minecraft:diamond":68,"minecraft:lever":3,"minecraft:granite":19,"minecraft:emerald":33,"minecraft:oak_sapling":3,"minecraft:crafting_table":5,"minecraft:azure_bluet":2,"minecraft:chicken":1,"minecraft:cornflower":1,"minecraft:iron_shovel":1,"minecraft:candle":16,"minecraft:beef":80,"minecraft:poppy":3,"minecraft:light_gray_wool":4,"minecraft:sugar_cane":6,"minecraft:chest":8,"minecraft:egg":4,"minecraft:raw_iron":105,"minecraft:oak_door":1,"sophisticatedbackpacks:backpack":1,"minecraft:redstone":1,"minecraft:iron_horse_armor":3,"dungeonsweaponry:whispering_spear":1,"minecraft:tnt":2,"minecraft:arrow":40,"minecraft:hay_block":20,"alexscaves:spelunkery_table":7,"minecraft:saddle":1,"minecraft:totem_of_undying":1,"minecraft:mutton":72,"minecraft:white_wool":33,"minecraft:oxeye_daisy":2,"minecraft:glow_ink_sac":7,"minecraft:salmon":4,"minecraft:leather":36,"dungeonsweaponry:venom_glaive":1,"minecraft:oak_log":122,"minecraft:gunpowder":7,"minecraft:cooked_mutton":7,"minecraft:apple":27,"minecraft:stone_bricks":160,"minecraft:iron_ingot":46,"minecraft:stone_pickaxe":2,"minecraft:book":1,"minecraft:oak_slab":20,"minecraft:chiseled_stone_bricks":3,"minecraft:stone_brick_slab":3,"minecraft:dandelion":6,"minecraft:dripstone_block":45,"minecraft:gravel":101,"minecraft:amethyst_shard":8,"minecraft:blast_furnace":3,"minecraft:white_bed":4,"minecraft:spider_eye":3,"minecraft:iron_helmet":3,"minecraft:diamond_axe":1,"dungeonsweaponry:glaive":39,"minecraft:black_wool":5,"minecraft:coal":243,"minecraft:hopper":4,"minecraft:ender_pearl":2,"minecraft:sunflower":4},"minecraft:used":{"minecraft:iron_shovel":910,"dungeonsweaponry:venom_glaive":1,"minecraft:polished_deepslate":20,"minecraft:chest":12,"minecraft:shield":68,"minecraft:stone":130,"minecraft:iron_sword":267,"minecraft:lantern":5,"minecraft:stone_bricks":157,"minecraft:bow":22,"minecraft:oak_sapling":1,"minecraft:furnace":8,"minecraft:egg":2,"minecraft:diorite":30,"minecraft:stone_pickaxe":359,"minecraft:oak_planks":92,"minecraft:wooden_pickaxe":4,"minecraft:sugar_cane":3,"minecraft:diamond_axe":133,"minecraft:white_wool":2,"minecraft:blast_furnace":3,"minecraft:dripstone_block":18,"minecraft:redstone_torch":1,"minecraft:lever":2,"minecraft:bread":73,"minecraft:brown_wool":1,"minecraft:diamond_sword":364,"minecraft:andesite":1,"minecraft:redstone":1,"minecraft:oak_door":3,"minecraft:torch":49,"minecraft:dirt":895,"minecraft:hopper":4,"minecraft:granite":7,"minecraft:wooden_axe":26,"minecraft:barrel":5,"minecraft:light_gray_wool":2,"alexscaves:spelunkery_table":5,"minecraft:cooked_beef":26,"minecraft:cobbled_deepslate":178,"minecraft:cooked_mutton":31,"minecraft:water_bucket":81,"minecraft:stonecutter":2,"minecraft:cobblestone_slab":5,"minecraft:oak_slab":25,"minecraft:crafting_table":7,"minecraft:white_bed":5,"minecraft:smoker":3,"minecraft:diamond_pickaxe":1683,"minecraft:apple":2,"minecraft:iron_pickaxe":458,"minecraft:stone_axe":86,"minecraft:chiseled_stone_bricks":3,"minecraft:cobblestone":335,"minecraft:cobbled_deepslate_slab":19,"minecraft:cooked_porkchop":30,"minecraft:porkchop":1,"minecraft:bucket":82},"minecraft:broken":{"minecraft:iron_shovel":3,"minecraft:stone_pickaxe":2,"minecraft:diamond_pickaxe":1,"minecraft:stone_axe":1,"minecraft:iron_sword":1,"minecraft:shield":1,"minecraft:iron_pickaxe":2},"minecraft:mined":{"minecraft:white_bed":3,"minecraft:cherry_log":2,"minecraft:obsidian":4,"minecraft:granite":18,"minecraft:grass_block":618,"minecraft:oxeye_daisy":2,"minecraft:chiseled_stone_bricks":3,"minecraft:spawner":2,"minecraft:iron_ore":76,"minecraft:cobbled_deepslate":11,"minecraft:barrel":1,"minecraft:deepslate_lapis_ore":10,"minecraft:azure_bluet":3,"minecraft:pointed_dripstone":6,"minecraft:smoker":2,"minecraft:torch":14,"minecraft:blast_furnace":3,"minecraft:poppy":4,"minecraft:chest":3,"minecraft:cobblestone":91,"minecraft:sugar_cane":2,"minecraft:oak_planks":1,"minecraft:wall_torch":17,"minecraft:birch_log":8,"minecraft:tnt":1,"minecraft:grass":561,"minecraft:oak_log":125,"minecraft:dirt":308,"minecraft:stonecutter":2,"minecraft:oak_leaves":20,"minecraft:deepslate":356,"alexscaves:spelunkery_table":5,"minecraft:diamond_ore":2,"minecraft:deepslate_diamond_ore":49,"minecraft:candle":1,"minecraft:oak_door":1,"minecraft:lever":1,"minecraft:cobbled_deepslate_slab":3,"minecraft:redstone_wire":1,"minecraft:hay_block":20,"minecraft:furnace":7,"minecraft:andesite":90,"minecraft:deepslate_iron_ore":15,"minecraft:cobblestone_slab":6,"minecraft:lantern":7,"minecraft:stone":964,"minecraft:oak_slab":17,"minecraft:stone_brick_slab":1,"minecraft:dandelion":6,"minecraft:crafting_table":5,"minecraft:smooth_sandstone":1,"minecraft:tall_grass":38,"minecraft:copper_ore":3,"minecraft:lapis_ore":2,"minecraft:deepslate_gold_ore":3,"minecraft:diorite":280,"dungeonsweaponry:wraith_fire":15,"minecraft:redstone_torch":1,"minecraft:coal_ore":105,"minecraft:sunflower":2,"minecraft:gravel":77,"minecraft:dripstone_block":47,"minecraft:cobweb":2,"minecraft:stone_bricks":204},"minecraft:custom":{"minecraft:interact_with_crafting_table":65,"minecraft:open_barrel":32,"minecraft:leave_game":2,"minecraft:time_since_death":1433,"minecraft:sprint_one_cm":1618812,"minecraft:damage_blocked_by_shield":5430,"minecraft:drop":204,"minecraft:talked_to_villager":4,"minecraft:play_time":474487,"minecraft:deaths":23,"minecraft:jump":10568,"minecraft:walk_on_water_one_cm":117123,"minecraft:interact_with_furnace":73,"minecraft:interact_with_loom":9,"minecraft:sleep_in_bed":7,"minecraft:damage_dealt":40163,"minecraft:player_kills":2,"minecraft:crouch_one_cm":76723,"minecraft:interact_with_smoker":10,"minecraft:horse_one_cm":32270,"minecraft:mob_kills":248,"minecraft:inspect_hopper":11,"minecraft:climb_one_cm":18794,"minecraft:walk_one_cm":1673280,"minecraft:damage_dealt_absorbed":774,"minecraft:sneak_time":18389,"minecraft:walk_under_water_one_cm":29254,"minecraft:interact_with_blast_furnace":25,"minecraft:total_world_time":474487,"minecraft:time_since_rest":1445,"minecraft:damage_taken":14357,"minecraft:trigger_trapped_chest":1,"minecraft:swim_one_cm":77785,"minecraft:fly_one_cm":2841256,"minecraft:open_chest":216,"minecraft:fall_one_cm":337808},"minecraft:dropped":{"minecraft:candle":8,"minecraft:porkchop":16,"minecraft:diamond_axe":1,"minecraft:lapis_lazuli":200,"minecraft:oak_log":41,"minecraft:glow_ink_sac":7,"minecraft:cooked_porkchop":17,"minecraft:leather":31,"minecraft:iron_horse_armor":2,"minecraft:flint":6,"minecraft:cornflower":1,"minecraft:mutton":3,"dungeonsweaponry:suns_grace":1,"minecraft:sunflower":1,"minecraft:iron_pickaxe":2,"minecraft:white_wool":23,"minecraft:bone":84,"minecraft:oak_door":1,"minecraft:gravel":72,"minecraft:lever":1,"dungeonsweaponry:whispering_spear":1,"minecraft:cobbled_deepslate":5,"alexscaves:cave_tablet":8,"minecraft:obsidian":8,"minecraft:pointed_dripstone":17,"minecraft:rotten_flesh":15,"minecraft:oak_planks":86,"minecraft:birch_wood":2,"minecraft:azure_bluet":2,"minecraft:poppy":3,"alexscaves:cave_book":2,"minecraft:gunpowder":5,"minecraft:chest":1,"minecraft:arrow":5,"minecraft:enchanting_table":1,"minecraft:iron_ingot":73,"minecraft:wheat_seeds":88,"minecraft:dripstone_block":27,"minecraft:cobblestone":196,"minecraft:iron_helmet":2,"alexscaves:spelunkery_table":1,"minecraft:granite":12,"minecraft:grass_block":2,"minecraft:coal":1,"minecraft:stick":10,"minecraft:oxeye_daisy":2,"minecraft:diorite":113,"minecraft:wooden_axe":2,"minecraft:brown_wool":2,"minecraft:cherry_planks":16,"minecraft:iron_leggings":2,"dungeonsweaponry:venom_glaive":1,"minecraft:paper":11,"minecraft:string":20,"minecraft:pink_petals":13,"minecraft:dandelion":6,"minecraft:stone_brick_slab":3,"minecraft:raw_copper":18,"minecraft:raw_iron":2,"minecraft:chicken":1,"minecraft:iron_boots":2,"dungeonsweaponry:glaive":23,"minecraft:name_tag":2,"minecraft:cobbled_deepslate_slab":67,"minecraft:stone":2,"minecraft:shield":1,"minecraft:iron_chestplate":2,"minecraft:andesite":21,"minecraft:oak_sapling":2,"minecraft:spider_eye":2,"minecraft:stone_bricks":3,"minecraft:wooden_pickaxe":1,"minecraft:stone_pickaxe":2,"minecraft:raw_gold":1,"minecraft:black_wool":3}},"DataVersion":3465}