{"stats":{"minecraft:broken":{"minecraft:stone_sword":1,"gnumus:gnumus_cutlass":1,"minecraft:stone_axe":1,"born_in_chaos_v1:wood_splitter_axe":1},"minecraft:mined":{"minecraft:diamond_ore":4,"minecraft:deepslate_diamond_ore":1,"farmersdelight:wild_carrots":15,"born_in_chaos_v1:infected_diamond_ore":4,"minecraft:granite":2,"minecraft:grass_block":3,"born_in_chaos_v1:black_argillite":1,"minecraft:crimson_roots":1,"minecraft:furnace":2,"minecraft:iron_ore":7,"minecraft:andesite":20,"minecraft:deepslate_lapis_ore":5,"minecraft:deepslate_iron_ore":38,"gnumus:fragile_gnumus_jug":2,"minecraft:stone":67,"minecraft:white_wool":1,"born_in_chaos_v1:marigolds":1,"minecraft:dandelion":1,"minecraft:crafting_table":6,"minecraft:torch":8,"minecraft:cobblestone":4,"minecraft:diorite":17,"minecraft:wall_torch":4,"minecraft:birch_log":21,"born_in_chaos_v1:river_mint":4,"minecraft:grass":26,"minecraft:coal_ore":17,"minecraft:dirt":3,"minecraft:oak_leaves":3,"minecraft:deepslate":9},"minecraft:picked_up":{"minecraft:crafting_table":6,"born_in_chaos_v1:diamond_termite_shard":7,"minecraft:chicken":3,"born_in_chaos_v1:river_mint":2,"gnumus:gnumus_claw":3,"minecraft:chain":2,"born_in_chaos_v1:black_argillite":2,"minecraft:string":11,"minecraft:cobbled_deepslate":5,"gnumus:packaged_goods":1,"minecraft:beef":16,"born_in_chaos_v1:gnawed_bones":1,"minecraft:light_gray_wool":1,"alexsmobs:raccoon_tail":2,"minecraft:sugar_cane":1,"minecraft:furnace":2,"minecraft:raw_iron":44,"born_in_chaos_v1:shattered_skull":2,"minecraft:torch":14,"minecraft:porkchop":4,"minecraft:diorite":20,"minecraft:carrot":14,"minecraft:arrow":8,"gnumus:vintage_metal":1,"minecraft:rotten_flesh":31,"born_in_chaos_v1:wood_splitter_axe":1,"gnumus:gnumus_chickpeas":12,"born_in_chaos_v1:spiny_shell":6,"gnumus:mouse_skin":12,"minecraft:glow_berries":3,"minecraft:mutton":11,"minecraft:white_wool":4,"minecraft:cobblestone":71,"minecraft:birch_log":23,"born_in_chaos_v1:corpse_maggot":39,"gnumus:gnumus_doubloons":3,"minecraft:feather":4,"born_in_chaos_v1:monster_flesh":5,"minecraft:andesite":23,"minecraft:leather":11,"minecraft:dirt":6,"minecraft:lapis_lazuli":34,"minecraft:paper":1,"gnumus:gnumus_pouch_2":5,"born_in_chaos_v1:monster_skin":3,"minecraft:bone":19,"minecraft:raw_gold":1,"alexsmobs:cockroach_wing_fragment":1,"minecraft:rabbit_hide":2,"minecraft:dandelion":1,"born_in_chaos_v1:ethereal_spirit":4,"minecraft:gravel":1,"born_in_chaos_v1:dark_rod":1,"minecraft:spruce_log":1,"minecraft:spider_eye":7,"alexsmobs:animal_dictionary":1,"born_in_chaos_v1:fire_dust":1,"minecraft:diamond":5,"minecraft:granite":2,"minecraft:gray_wool":2,"born_in_chaos_v1:rotten_fish":1,"minecraft:coal":20,"minecraft:crimson_roots":1},"minecraft:killed_by":{"minecraft:player":1,"born_in_chaos_v1:zombie_lumberjack":1,"born_in_chaos_v1:dread_hound":1},"minecraft:crafted":{"minecraft:furnace":2,"minecraft:cooked_mutton":5,"minecraft:iron_boots":1,"born_in_chaos_v1:fried_maggot":32,"minecraft:stone_pickaxe":2,"minecraft:chest":1,"minecraft:cooked_beef":16,"gnumus:gnumus_cutlass":1,"sophisticatedbackpacks:backpack":1,"minecraft:crafting_table":1,"minecraft:wooden_pickaxe":1,"minecraft:iron_helmet":1,"minecraft:iron_sword":1,"minecraft:birch_planks":76,"minecraft:stone_axe":1,"minecraft:air":0,"minecraft:iron_chestplate":1,"minecraft:gold_nugget":9,"minecraft:shield":1,"minecraft:stick":24,"minecraft:iron_pickaxe":1,"minecraft:iron_ingot":41,"minecraft:stone_sword":1,"minecraft:gold_ingot":1,"minecraft:iron_leggings":1,"minecraft:torch":20},"minecraft:used":{"minecraft:stone_sword":131,"minecraft:iron_sword":26,"born_in_chaos_v1:fried_maggot":32,"minecraft:rotten_flesh":4,"minecraft:torch":27,"minecraft:dirt":6,"minecraft:mutton":4,"minecraft:carrot":18,"minecraft:granite":2,"minecraft:crimson_roots":1,"minecraft:light_gray_wool":1,"minecraft:furnace":3,"minecraft:cooked_beef":15,"minecraft:cobbled_deepslate":5,"minecraft:diorite":7,"minecraft:birch_planks":1,"minecraft:stone_pickaxe":175,"minecraft:wooden_pickaxe":3,"minecraft:white_wool":4,"minecraft:crafting_table":7,"gnumus:gnumus_cutlass":16,"minecraft:iron_pickaxe":35,"minecraft:gravel":1,"minecraft:stone_axe":87,"minecraft:cobblestone":34,"born_in_chaos_v1:rotten_fish":1,"born_in_chaos_v1:river_mint":1,"minecraft:andesite":19,"minecraft:birch_log":2,"born_in_chaos_v1:wood_splitter_axe":151,"minecraft:gray_wool":2},"minecraft:custom":{"minecraft:mob_kills":133,"minecraft:interact_with_crafting_table":20,"minecraft:damage_dealt_resisted":139,"minecraft:leave_game":1,"minecraft:time_since_death":3947,"minecraft:sprint_one_cm":286510,"minecraft:walk_one_cm":271558,"minecraft:drop":50,"minecraft:play_time":75219,"minecraft:deaths":3,"minecraft:sneak_time":2382,"minecraft:walk_under_water_one_cm":2763,"minecraft:jump":1784,"minecraft:walk_on_water_one_cm":11533,"minecraft:total_world_time":75219,"minecraft:interact_with_furnace":37,"minecraft:time_since_rest":3975,"minecraft:damage_taken":3447,"minecraft:damage_dealt":20469,"minecraft:player_kills":2,"minecraft:swim_one_cm":9408,"minecraft:fly_one_cm":311475,"minecraft:open_chest":1,"minecraft:crouch_one_cm":6654,"minecraft:fall_one_cm":52947},"minecraft:dropped":{"born_in_chaos_v1:shattered_skull":2,"minecraft:feather":4,"minecraft:glow_berries":3,"minecraft:leather":3,"gnumus:mouse_skin":12,"minecraft:stick":4,"born_in_chaos_v1:monster_flesh":4,"born_in_chaos_v1:gnawed_bones":1,"born_in_chaos_v1:black_argillite":2,"born_in_chaos_v1:river_mint":1,"born_in_chaos_v1:monster_skin":3,"minecraft:chain":2,"minecraft:paper":1,"minecraft:string":7,"minecraft:birch_log":2,"minecraft:dandelion":1,"minecraft:bone":1,"minecraft:sugar_cane":1,"born_in_chaos_v1:fire_dust":1,"alexsmobs:animal_dictionary":2,"minecraft:raw_iron":2,"minecraft:chicken":3,"minecraft:rotten_flesh":23,"minecraft:rabbit_hide":2,"alexsmobs:cockroach_wing_fragment":1,"minecraft:andesite":4,"born_in_chaos_v1:corpse_maggot":7,"minecraft:spider_eye":7,"minecraft:spruce_log":1,"minecraft:stone_pickaxe":1,"minecraft:wooden_pickaxe":1,"born_in_chaos_v1:dark_rod":1},"minecraft:killed":{"born_in_chaos_v1:restless_spirit":4,"born_in_chaos_v1:zombie_lumberjack":1,"alexsmobs:raccoon":7,"minecraft:spider":10,"born_in_chaos_v1:thornshell_crab":2,"born_in_chaos_v1:maggot":7,"minecraft:skeleton":8,"gnumus:gnumus_hunter":4,"born_in_chaos_v1:firelight_not_despawn":2,"gnumus:gnumus_hunter_not_dispawn":1,"minecraft:pig":3,"born_in_chaos_v1:diamond_termite":7,"born_in_chaos_v1:swarmer":1,"minecraft:creeper":1,"born_in_chaos_v1:decrepit_skeleton":2,"gnumus:gnumus_merchant":1,"minecraft:sheep":7,"minecraft:pillager":1,"minecraft:zombie":19,"born_in_chaos_v1:decaying_zombie":1,"alexsmobs:cockroach":1,"born_in_chaos_v1:dread_hound":6,"born_in_chaos_v1:corpse_fly":28,"alexsmobs:crow":1,"minecraft:cow":7}},"DataVersion":3465}