{"stats":{"minecraft:killed":{"born_in_chaos_v1:zombie_clown":1,"minecraft:cave_spider":2,"born_in_chaos_v1:zombie_lumberjack":4,"born_in_chaos_v1:restless_spirit":4,"born_in_chaos_v1:pumpkin_spirit":1,"minecraft:spider":20,"born_in_chaos_v1:baby_skeleton_minion":10,"born_in_chaos_v1:scarlet_persecutor":2,"minecraft:skeleton":14,"born_in_chaos_v1:firelight_not_despawn":3,"minecraft:wolf":1,"minecraft:pig":3,"born_in_chaos_v1:diamond_termite":7,"alexsmobs:seal":1,"minecraft:creeper":1,"minecraft:sheep":7,"minecraft:pillager":1,"minecraft:zombie":32,"born_in_chaos_v1:dread_hound":8,"alexsmobs:terrapin":1,"born_in_chaos_v1:corpse_fly":31,"minecraft:stray":2,"minecraft:cow":11,"minecraft:vex":1,"alexsmobs:raccoon":9,"born_in_chaos_v1:thornshell_crab":2,"born_in_chaos_v1:zombie_bruiser":3,"born_in_chaos_v1:maggot":9,"gnumus:gnumus_hunter":4,"alexsmobs:bison":3,"born_in_chaos_v1:corpse_fish":1,"born_in_chaos_v1:barrel_zombie":3,"gnumus:gnumus_hunter_not_dispawn":2,"born_in_chaos_v1:fallen_chaos_knight":2,"born_in_chaos_v1:bone_imp_minion":2,"born_in_chaos_v1:baby_skeleton":4,"born_in_chaos_v1:swarmer":1,"born_in_chaos_v1:decrepit_skeleton":3,"gnumus:gnumus_merchant":1,"born_in_chaos_v1:decaying_zombie":1,"alexsmobs:cockroach":1,"born_in_chaos_v1:bonescaller_not_despawn":1,"born_in_chaos_v1:nightmare_stalker":1,"alexsmobs:moose":3,"alexsmobs:crow":1,"minecraft:enderman":1},"minecraft:custom":{"minecraft:interact_with_crafting_table":35,"minecraft:open_barrel":3,"minecraft:eat_cake_slice":2,"minecraft:leave_game":1,"minecraft:time_since_death":25988,"minecraft:sprint_one_cm":766511,"minecraft:damage_blocked_by_shield":470,"minecraft:drop":112,"minecraft:talked_to_villager":4,"minecraft:play_time":254585,"minecraft:deaths":26,"minecraft:jump":4653,"minecraft:walk_on_water_one_cm":21836,"minecraft:interact_with_furnace":55,"minecraft:sleep_in_bed":2,"minecraft:waystone_activated":4,"minecraft:damage_dealt":42789,"minecraft:player_kills":2,"minecraft:crouch_one_cm":11603,"minecraft:interact_with_smoker":4,"minecraft:interact_with_smithing_table":1,"minecraft:mob_kills":231,"minecraft:damage_dealt_resisted":1152,"minecraft:climb_one_cm":7952,"minecraft:walk_one_cm":915793,"minecraft:sneak_time":3801,"minecraft:walk_under_water_one_cm":5030,"minecraft:boat_one_cm":56249,"minecraft:interact_with_lectern":1,"minecraft:total_world_time":254585,"minecraft:interact_with_stonecutter":1,"minecraft:time_since_rest":26014,"minecraft:damage_taken":11536,"minecraft:swim_one_cm":22958,"minecraft:fly_one_cm":1095807,"minecraft:open_chest":125,"minecraft:fall_one_cm":122524},"minecraft:mined":{"minecraft:granite":2,"minecraft:grass_block":11,"minecraft:jungle_log":1,"minecraft:coal_block":6,"minecraft:spawner":1,"minecraft:iron_ore":9,"minecraft:deepslate_lapis_ore":5,"minecraft:azure_bluet":1,"minecraft:dirt_path":1,"minecraft:iron_bars":2,"minecraft:iron_block":7,"minecraft:red_bed":1,"minecraft:smoker":2,"born_in_chaos_v1:tombstone_petasi":1,"minecraft:torch":8,"minecraft:chest":1,"minecraft:cobblestone":23,"minecraft:sugar_cane":11,"minecraft:wall_torch":4,"minecraft:skeleton_skull":1,"minecraft:chain":1,"minecraft:birch_log":21,"born_in_chaos_v1:river_mint":4,"minecraft:grass":49,"minecraft:sand":10,"minecraft:dirt":7,"minecraft:oak_leaves":4,"minecraft:deepslate":9,"minecraft:diamond_ore":4,"minecraft:deepslate_diamond_ore":1,"farmersdelight:wild_carrots":15,"born_in_chaos_v1:infected_diamond_ore":4,"minecraft:ladder":4,"minecraft:spruce_fence":2,"born_in_chaos_v1:black_argillite":1,"minecraft:crimson_roots":2,"minecraft:white_stained_glass":1,"minecraft:spruce_leaves":5,"minecraft:acacia_slab":1,"minecraft:moss_block":2,"minecraft:large_fern":1,"minecraft:hay_block":24,"minecraft:furnace":2,"minecraft:andesite":20,"minecraft:gold_block":1,"minecraft:deepslate_iron_ore":38,"minecraft:packed_ice":2,"gnumus:fragile_gnumus_jug":4,"minecraft:stone":76,"minecraft:white_wool":1,"minecraft:smithing_table":1,"minecraft:light_gray_carpet":1,"minecraft:acacia_leaves":2,"born_in_chaos_v1:marigolds":1,"minecraft:dandelion":1,"minecraft:crafting_table":8,"minecraft:campfire":2,"minecraft:tall_grass":1,"born_in_chaos_v1:chipped_black_argillite_brick":3,"minecraft:diorite":44,"minecraft:blue_bed":1,"minecraft:birch_planks":5,"minecraft:coarse_dirt":1,"minecraft:beehive":2,"minecraft:ice":1,"minecraft:sweet_berry_bush":19,"minecraft:creeper_head":1,"minecraft:white_carpet":4,"minecraft:spruce_log":2,"minecraft:coal_ore":37,"born_in_chaos_v1:rotten_soil":2,"minecraft:cobweb":4,"minecraft:stone_bricks":1,"minecraft:mossy_stone_bricks":1,"minecraft:gold_ore":9,"minecraft:fern":4},"minecraft:dropped":{"minecraft:iron_sword":2,"minecraft:moss_block":1,"gnumus:overripe_carrot":3,"minecraft:glow_berries":3,"minecraft:leather":3,"gnumus:mouse_skin":16,"minecraft:item_frame":2,"minecraft:red_carpet":4,"minecraft:cod":5,"born_in_chaos_v1:monster_flesh":4,"born_in_chaos_v1:monster_skin":8,"minecraft:snowball":29,"minecraft:chain":2,"minecraft:bone_meal":1,"minecraft:birch_log":2,"minecraft:bone":3,"minecraft:sugar_cane":3,"born_in_chaos_v1:fire_dust":1,"alexsmobs:animal_dictionary":2,"minecraft:rotten_flesh":46,"minecraft:golden_shovel":1,"minecraft:salmon":6,"minecraft:rabbit_hide":2,"minecraft:tipped_arrow":2,"born_in_chaos_v1:corpse_maggot":7,"minecraft:iron_bars":2,"minecraft:beef":6,"born_in_chaos_v1:dark_rod":1,"minecraft:golden_boots":1,"minecraft:iron_ingot":1,"born_in_chaos_v1:shattered_skull":2,"minecraft:wheat_seeds":2,"minecraft:iron_helmet":1,"minecraft:feather":4,"minecraft:prismarine_crystals":3,"minecraft:acacia_log":2,"minecraft:stick":5,"born_in_chaos_v1:gnawed_bones":1,"born_in_chaos_v1:black_argillite":2,"born_in_chaos_v1:river_mint":1,"minecraft:fire_charge":1,"minecraft:iron_leggings":1,"minecraft:paper":1,"minecraft:string":12,"minecraft:dandelion":1,"minecraft:moss_carpet":1,"minecraft:kelp":2,"minecraft:raw_iron":2,"born_in_chaos_v1:rotten_fish":1,"minecraft:chicken":3,"minecraft:white_carpet":2,"minecraft:potato":1,"minecraft:hay_block":1,"alexsmobs:cockroach_wing_fragment":1,"minecraft:andesite":4,"minecraft:spider_eye":9,"minecraft:spruce_log":1,"minecraft:birch_boat":1,"minecraft:stone_pickaxe":1,"minecraft:wooden_pickaxe":1},"minecraft:killed_by":{"born_in_chaos_v1:nightmare_stalker":4,"born_in_chaos_v1:bone_imp_minion":2,"minecraft:cave_spider":2,"born_in_chaos_v1:scarlet_persecutor":2,"minecraft:vex":1,"minecraft:player":1,"minecraft:stray":1,"born_in_chaos_v1:zombie_lumberjack":1,"born_in_chaos_v1:zombie_clown":1,"alexsmobs:bison":2,"born_in_chaos_v1:decrepit_skeleton":1,"alexsmobs:moose":4,"born_in_chaos_v1:missioner":1,"born_in_chaos_v1:door_knight":1,"born_in_chaos_v1:dread_hound":1},"minecraft:broken":{"gnumus:gnumus_cutlass":1,"minecraft:stone_axe":1,"born_in_chaos_v1:wood_splitter_axe":1,"minecraft:stone_sword":1,"minecraft:iron_helmet":2},"minecraft:crafted":{"minecraft:birch_boat":1,"minecraft:birch_slab":18,"minecraft:cooked_mutton":5,"minecraft:iron_bars":16,"minecraft:iron_boots":1,"minecraft:chest":1,"gnumus:gnumus_cutlass":1,"sophisticatedbackpacks:backpack":1,"minecraft:crafting_table":2,"minecraft:wooden_pickaxe":1,"minecraft:iron_helmet":2,"minecraft:birch_planks":84,"sophisticatedbackpacks:upgrade_base":1,"minecraft:iron_chestplate":2,"minecraft:shield":1,"minecraft:stick":24,"minecraft:iron_ingot":86,"minecraft:iron_pickaxe":1,"minecraft:iron_block":5,"minecraft:stone_sword":1,"minecraft:gold_ingot":19,"minecraft:coal":9,"minecraft:furnace":2,"minecraft:iron_axe":1,"born_in_chaos_v1:fried_maggot":32,"minecraft:stone_pickaxe":2,"sophisticatedbackpacks:iron_backpack":1,"minecraft:cooked_beef":22,"minecraft:iron_sword":1,"alexsmobs:cooked_moose_ribs":4,"sophisticatedbackpacks:gold_backpack":1,"minecraft:stone_axe":1,"minecraft:air":0,"minecraft:gold_nugget":9,"minecraft:iron_leggings":1,"minecraft:torch":20},"minecraft:picked_up":{"minecraft:creeper_head":1,"gnumus:gnumus_claw":5,"minecraft:smithing_table":1,"born_in_chaos_v1:black_argillite":2,"minecraft:string":30,"minecraft:cooked_salmon":1,"minecraft:iron_leggings":1,"minecraft:experience_bottle":6,"minecraft:cobbled_deepslate":5,"gnumus:packaged_goods":1,"minecraft:redstone_torch":1,"minecraft:iron_pickaxe":1,"alexsmobs:raccoon_tail":3,"minecraft:coal_block":6,"minecraft:furnace":2,"minecraft:tipped_arrow":2,"minecraft:stick":1,"born_in_chaos_v1:shattered_skull":2,"minecraft:torch":15,"minecraft:acacia_log":2,"minecraft:porkchop":4,"minecraft:cherry_log":2,"minecraft:diorite":46,"born_in_chaos_v1:nightmare_claw":1,"gnumus:vintage_metal":1,"minecraft:rotten_flesh":57,"minecraft:iron_block":8,"minecraft:carved_pumpkin":1,"gnumus:gnumus_chickpeas":17,"alexsmobs:emu_egg":1,"minecraft:iron_bars":4,"minecraft:cod":5,"minecraft:snowball":34,"minecraft:cobblestone":98,"minecraft:birch_log":25,"gnumus:gnumus_doubloons":6,"minecraft:feather":4,"minecraft:cooked_beef":2,"gnumus:overripe_carrot":6,"born_in_chaos_v1:spiritual_dust":1,"minecraft:andesite":23,"minecraft:jungle_log":1,"minecraft:smoker":2,"minecraft:potato":1,"alexsmobs:bison_fur":1,"minecraft:lapis_lazuli":35,"minecraft:dirt":32,"minecraft:lantern":1,"gnumus:gnumus_pouch_2":6,"born_in_chaos_v1:monster_skin":8,"minecraft:bone":34,"minecraft:bow":1,"minecraft:wheat_seeds":2,"minecraft:raw_gold":10,"minecraft:mossy_stone_bricks":1,"minecraft:moss_block":1,"minecraft:sand":9,"minecraft:barrel":1,"alexsmobs:animal_dictionary":1,"minecraft:diamond":5,"born_in_chaos_v1:fire_dust":1,"minecraft:writable_book":1,"minecraft:crossbow":1,"minecraft:bone_meal":1,"minecraft:granite":2,"alexsmobs:moose_ribs":4,"minecraft:emerald":18,"minecraft:bread":13,"born_in_chaos_v1:rotten_fish":2,"minecraft:light_gray_carpet":4,"minecraft:crimson_roots":1,"minecraft:charcoal":4,"born_in_chaos_v1:diamond_termite_shard":7,"minecraft:crafting_table":8,"born_in_chaos_v1:river_mint":2,"minecraft:chicken":3,"minecraft:ladder":4,"minecraft:leather_leggings":1,"born_in_chaos_v1:seedof_chaos":6,"minecraft:gold_block":1,"minecraft:chain":3,"minecraft:red_bed":1,"minecraft:moss_carpet":1,"minecraft:iron_axe":1,"born_in_chaos_v1:intoxicating_decoction":2,"minecraft:item_frame":6,"minecraft:white_carpet":13,"minecraft:beef":68,"born_in_chaos_v1:gnawed_bones":1,"minecraft:light_gray_wool":1,"minecraft:sugar_cane":3,"minecraft:chest":1,"minecraft:raw_iron":46,"sophisticatedbackpacks:backpack":1,"minecraft:spruce_fence":2,"minecraft:carrot":14,"born_in_chaos_v1:pieceofdarkmetal":9,"minecraft:prismarine_crystals":3,"minecraft:arrow":16,"born_in_chaos_v1:wood_splitter_axe":1,"minecraft:pumpkin_pie":1,"minecraft:hay_block":25,"born_in_chaos_v1:spiny_shell":6,"minecraft:gold_ingot":8,"gnumus:mouse_skin":16,"minecraft:glow_berries":3,"minecraft:mutton":11,"minecraft:skeleton_skull":1,"minecraft:white_wool":4,"born_in_chaos_v1:corpse_maggot":40,"minecraft:dark_oak_button":2,"born_in_chaos_v1:monster_flesh":7,"minecraft:salmon":6,"minecraft:leather":15,"minecraft:birch_planks":5,"minecraft:oak_log":2,"minecraft:blue_bed":1,"minecraft:paper":1,"minecraft:cooked_mutton":4,"minecraft:red_carpet":6,"minecraft:apple":1,"minecraft:stone_bricks":1,"minecraft:kelp":2,"alexsmobs:cockroach_wing_fragment":1,"minecraft:rabbit_hide":2,"minecraft:iron_ingot":9,"born_in_chaos_v1:chipped_black_argillite_brick":3,"minecraft:iron_sword":2,"born_in_chaos_v1:tombstone_petasi":1,"minecraft:birch_boat":4,"minecraft:sweet_berries":44,"born_in_chaos_v1:ethereal_spirit":7,"minecraft:dandelion":1,"minecraft:gravel":1,"minecraft:lava_bucket":1,"born_in_chaos_v1:dark_rod":1,"minecraft:spruce_log":3,"minecraft:spider_eye":10,"minecraft:slime_ball":3,"minecraft:gray_wool":2,"minecraft:acacia_slab":1,"minecraft:coal":40,"minecraft:ender_pearl":1},"minecraft:used":{"minecraft:writable_book":1,"minecraft:ladder":4,"minecraft:chest":1,"minecraft:shield":39,"minecraft:iron_sword":573,"minecraft:rotten_flesh":4,"minecraft:mutton":4,"minecraft:carrot":18,"minecraft:lantern":1,"minecraft:crimson_roots":1,"minecraft:stone_bricks":1,"minecraft:item_frame":4,"minecraft:sweet_berries":27,"minecraft:furnace":3,"minecraft:mossy_stone_bricks":1,"minecraft:diorite":39,"minecraft:stone_pickaxe":221,"minecraft:wooden_pickaxe":3,"minecraft:white_wool":4,"minecraft:sand":9,"gnumus:gnumus_cutlass":16,"minecraft:redstone_torch":1,"minecraft:bread":36,"minecraft:gravel":1,"alexsmobs:cooked_moose_ribs":2,"born_in_chaos_v1:rotten_fish":1,"born_in_chaos_v1:river_mint":1,"minecraft:smithing_table":1,"minecraft:birch_log":2,"minecraft:andesite":19,"minecraft:chain":1,"minecraft:experience_bottle":5,"minecraft:iron_bars":2,"minecraft:stone_sword":131,"minecraft:carved_pumpkin":1,"minecraft:light_gray_carpet":4,"born_in_chaos_v1:fried_maggot":32,"minecraft:cooked_salmon":1,"minecraft:torch":27,"minecraft:dirt":6,"minecraft:white_carpet":9,"minecraft:spruce_fence":2,"minecraft:granite":2,"born_in_chaos_v1:chipped_black_argillite_brick":1,"minecraft:iron_axe":31,"minecraft:acacia_slab":1,"minecraft:jungle_log":1,"minecraft:barrel":1,"minecraft:light_gray_wool":1,"minecraft:cooked_beef":15,"minecraft:cobbled_deepslate":5,"minecraft:cherry_log":2,"minecraft:cooked_mutton":5,"minecraft:water_bucket":6,"minecraft:birch_planks":7,"minecraft:birch_boat":4,"minecraft:crafting_table":9,"minecraft:red_bed":1,"minecraft:smoker":2,"minecraft:oak_log":2,"minecraft:iron_pickaxe":101,"minecraft:stone_axe":87,"minecraft:cobblestone":60,"minecraft:bucket":6,"born_in_chaos_v1:wood_splitter_axe":151,"minecraft:gray_wool":2}},"DataVersion":3465}