{"stats":{"minecraft:killed":{"born_in_chaos_v1:restless_spirit":4,"born_in_chaos_v1:zombie_lumberjack":4,"alexsmobs:raccoon":9,"minecraft:spider":15,"born_in_chaos_v1:thornshell_crab":2,"born_in_chaos_v1:zombie_bruiser":2,"born_in_chaos_v1:maggot":7,"minecraft:skeleton":10,"gnumus:gnumus_hunter":4,"alexsmobs:bison":3,"born_in_chaos_v1:firelight_not_despawn":2,"gnumus:gnumus_hunter_not_dispawn":1,"born_in_chaos_v1:fallen_chaos_knight":1,"minecraft:pig":3,"born_in_chaos_v1:diamond_termite":7,"born_in_chaos_v1:baby_skeleton":2,"born_in_chaos_v1:swarmer":1,"alexsmobs:seal":1,"minecraft:creeper":1,"born_in_chaos_v1:decrepit_skeleton":3,"gnumus:gnumus_merchant":1,"minecraft:sheep":7,"minecraft:pillager":1,"minecraft:zombie":23,"born_in_chaos_v1:decaying_zombie":1,"alexsmobs:cockroach":1,"born_in_chaos_v1:dread_hound":7,"born_in_chaos_v1:corpse_fly":30,"minecraft:stray":2,"alexsmobs:moose":3,"alexsmobs:crow":1,"minecraft:cow":10},"minecraft:custom":{"minecraft:interact_with_smithing_table":1,"minecraft:mob_kills":172,"minecraft:open_barrel":3,"minecraft:interact_with_crafting_table":31,"minecraft:damage_dealt_resisted":846,"minecraft:eat_cake_slice":2,"minecraft:leave_game":1,"minecraft:time_since_death":0,"minecraft:climb_one_cm":7952,"minecraft:sprint_one_cm":529631,"minecraft:walk_one_cm":585641,"minecraft:damage_blocked_by_shield":80,"minecraft:drop":70,"minecraft:play_time":164585,"minecraft:deaths":17,"minecraft:sneak_time":2743,"minecraft:walk_under_water_one_cm":3621,"minecraft:boat_one_cm":15706,"minecraft:interact_with_lectern":1,"minecraft:jump":3113,"minecraft:walk_on_water_one_cm":17686,"minecraft:total_world_time":164585,"minecraft:interact_with_furnace":51,"minecraft:sleep_in_bed":1,"minecraft:waystone_activated":1,"minecraft:time_since_rest":2407,"minecraft:damage_taken":7905,"minecraft:damage_dealt":31402,"minecraft:player_kills":2,"minecraft:swim_one_cm":17319,"minecraft:fly_one_cm":711959,"minecraft:open_chest":67,"minecraft:crouch_one_cm":7516,"minecraft:interact_with_smoker":4,"minecraft:fall_one_cm":86768},"minecraft:mined":{"minecraft:diamond_ore":4,"minecraft:deepslate_diamond_ore":1,"farmersdelight:wild_carrots":15,"born_in_chaos_v1:infected_diamond_ore":4,"minecraft:ladder":4,"minecraft:granite":2,"minecraft:grass_block":3,"minecraft:jungle_log":1,"born_in_chaos_v1:black_argillite":1,"minecraft:crimson_roots":1,"minecraft:white_stained_glass":1,"minecraft:hay_block":24,"minecraft:large_fern":1,"minecraft:furnace":2,"minecraft:iron_ore":9,"minecraft:andesite":20,"minecraft:deepslate_lapis_ore":5,"minecraft:deepslate_iron_ore":38,"minecraft:iron_bars":2,"minecraft:packed_ice":2,"gnumus:fragile_gnumus_jug":2,"minecraft:stone":76,"minecraft:white_wool":1,"minecraft:smithing_table":1,"born_in_chaos_v1:marigolds":1,"minecraft:red_bed":1,"minecraft:smoker":2,"minecraft:dandelion":1,"minecraft:crafting_table":8,"minecraft:torch":8,"minecraft:chest":1,"minecraft:campfire":2,"minecraft:cobblestone":4,"minecraft:diorite":38,"minecraft:blue_bed":1,"minecraft:wall_torch":4,"minecraft:creeper_head":1,"minecraft:beehive":2,"minecraft:birch_log":21,"minecraft:sweet_berry_bush":19,"minecraft:white_carpet":3,"minecraft:spruce_log":2,"born_in_chaos_v1:river_mint":4,"minecraft:grass":27,"minecraft:coal_ore":37,"minecraft:dirt":3,"minecraft:cobweb":4,"minecraft:stone_bricks":1,"minecraft:gold_ore":9,"minecraft:mossy_stone_bricks":1,"minecraft:oak_leaves":4,"minecraft:deepslate":9,"minecraft:fern":4},"minecraft:dropped":{"minecraft:iron_ingot":1,"born_in_chaos_v1:shattered_skull":2,"minecraft:wheat_seeds":1,"minecraft:feather":4,"minecraft:glow_berries":3,"minecraft:leather":3,"minecraft:acacia_log":2,"gnumus:mouse_skin":12,"minecraft:cod":5,"minecraft:red_carpet":4,"minecraft:stick":4,"born_in_chaos_v1:monster_flesh":4,"born_in_chaos_v1:gnawed_bones":1,"born_in_chaos_v1:black_argillite":2,"born_in_chaos_v1:river_mint":1,"born_in_chaos_v1:monster_skin":3,"minecraft:snowball":29,"minecraft:chain":2,"minecraft:paper":1,"minecraft:string":7,"minecraft:birch_log":2,"minecraft:dandelion":1,"minecraft:bone":2,"minecraft:sugar_cane":1,"born_in_chaos_v1:fire_dust":1,"alexsmobs:animal_dictionary":2,"minecraft:raw_iron":2,"minecraft:white_carpet":2,"minecraft:chicken":3,"minecraft:rotten_flesh":39,"minecraft:golden_shovel":1,"minecraft:salmon":4,"minecraft:rabbit_hide":2,"minecraft:tipped_arrow":2,"alexsmobs:cockroach_wing_fragment":1,"minecraft:andesite":4,"born_in_chaos_v1:corpse_maggot":7,"minecraft:spider_eye":7,"minecraft:iron_bars":2,"minecraft:spruce_log":1,"minecraft:wooden_pickaxe":1,"minecraft:stone_pickaxe":1,"born_in_chaos_v1:dark_rod":1},"minecraft:killed_by":{"minecraft:player":1,"born_in_chaos_v1:nightmare_stalker":2,"minecraft:stray":1,"born_in_chaos_v1:zombie_lumberjack":1,"born_in_chaos_v1:zombie_clown":1,"alexsmobs:bison":2,"born_in_chaos_v1:decrepit_skeleton":1,"alexsmobs:moose":4,"born_in_chaos_v1:door_knight":1,"born_in_chaos_v1:missioner":1,"born_in_chaos_v1:dread_hound":1},"minecraft:broken":{"minecraft:stone_sword":1,"gnumus:gnumus_cutlass":1,"minecraft:stone_axe":1,"minecraft:iron_helmet":1,"born_in_chaos_v1:wood_splitter_axe":1},"minecraft:crafted":{"minecraft:birch_boat":1,"minecraft:birch_slab":18,"minecraft:furnace":2,"minecraft:cooked_mutton":5,"minecraft:iron_boots":1,"minecraft:iron_axe":1,"born_in_chaos_v1:fried_maggot":32,"minecraft:stone_pickaxe":2,"minecraft:chest":1,"sophisticatedbackpacks:iron_backpack":1,"minecraft:cooked_beef":22,"gnumus:gnumus_cutlass":1,"sophisticatedbackpacks:backpack":1,"minecraft:crafting_table":2,"minecraft:iron_helmet":1,"minecraft:wooden_pickaxe":1,"minecraft:iron_sword":1,"alexsmobs:cooked_moose_ribs":4,"sophisticatedbackpacks:gold_backpack":1,"minecraft:birch_planks":84,"minecraft:stone_axe":1,"sophisticatedbackpacks:upgrade_base":1,"minecraft:air":0,"minecraft:iron_chestplate":1,"minecraft:gold_nugget":9,"minecraft:shield":1,"minecraft:stick":24,"minecraft:iron_pickaxe":1,"minecraft:iron_ingot":41,"minecraft:stone_sword":1,"minecraft:iron_leggings":1,"minecraft:gold_ingot":10,"minecraft:torch":20},"minecraft:picked_up":{"minecraft:charcoal":4,"minecraft:crafting_table":8,"born_in_chaos_v1:diamond_termite_shard":7,"minecraft:creeper_head":1,"minecraft:ladder":4,"minecraft:chicken":3,"born_in_chaos_v1:river_mint":2,"born_in_chaos_v1:seedof_chaos":3,"minecraft:smithing_table":1,"gnumus:gnumus_claw":3,"minecraft:chain":2,"minecraft:iron_axe":1,"born_in_chaos_v1:black_argillite":2,"minecraft:cooked_salmon":1,"minecraft:red_bed":1,"minecraft:string":24,"minecraft:item_frame":2,"minecraft:white_carpet":12,"minecraft:experience_bottle":5,"minecraft:cobbled_deepslate":5,"gnumus:packaged_goods":1,"minecraft:beef":62,"minecraft:redstone_torch":1,"born_in_chaos_v1:gnawed_bones":1,"minecraft:iron_pickaxe":1,"minecraft:light_gray_wool":1,"alexsmobs:raccoon_tail":3,"minecraft:sugar_cane":1,"minecraft:chest":1,"minecraft:furnace":2,"minecraft:tipped_arrow":2,"minecraft:raw_iron":46,"born_in_chaos_v1:shattered_skull":2,"minecraft:torch":15,"minecraft:acacia_log":2,"minecraft:porkchop":4,"minecraft:cherry_log":2,"minecraft:diorite":40,"born_in_chaos_v1:pieceofdarkmetal":6,"minecraft:carrot":14,"minecraft:arrow":12,"gnumus:vintage_metal":1,"minecraft:rotten_flesh":46,"minecraft:pumpkin_pie":1,"born_in_chaos_v1:wood_splitter_axe":1,"minecraft:hay_block":24,"gnumus:gnumus_chickpeas":12,"born_in_chaos_v1:spiny_shell":6,"minecraft:gold_ingot":2,"minecraft:iron_bars":4,"gnumus:mouse_skin":12,"minecraft:glow_berries":3,"minecraft:mutton":11,"minecraft:cod":5,"minecraft:snowball":29,"minecraft:white_wool":4,"minecraft:cobblestone":80,"minecraft:birch_log":25,"born_in_chaos_v1:corpse_maggot":39,"minecraft:cooked_beef":2,"gnumus:gnumus_doubloons":3,"minecraft:feather":4,"minecraft:dark_oak_button":2,"born_in_chaos_v1:monster_flesh":7,"minecraft:jungle_log":1,"born_in_chaos_v1:spiritual_dust":1,"minecraft:salmon":4,"minecraft:andesite":23,"minecraft:leather":15,"minecraft:smoker":2,"alexsmobs:bison_fur":1,"minecraft:oak_log":2,"minecraft:blue_bed":1,"minecraft:lapis_lazuli":35,"minecraft:dirt":25,"minecraft:paper":1,"minecraft:lantern":1,"gnumus:gnumus_pouch_2":5,"minecraft:cooked_mutton":4,"born_in_chaos_v1:monster_skin":3,"minecraft:red_carpet":6,"minecraft:bone":28,"minecraft:apple":1,"minecraft:stone_bricks":1,"minecraft:wheat_seeds":1,"minecraft:raw_gold":10,"alexsmobs:cockroach_wing_fragment":1,"minecraft:rabbit_hide":2,"minecraft:iron_ingot":1,"minecraft:mossy_stone_bricks":1,"minecraft:birch_boat":2,"minecraft:sweet_berries":44,"minecraft:lava_bucket":1,"born_in_chaos_v1:ethereal_spirit":4,"minecraft:dandelion":1,"minecraft:gravel":1,"born_in_chaos_v1:dark_rod":1,"minecraft:spruce_log":3,"minecraft:spider_eye":7,"alexsmobs:animal_dictionary":1,"born_in_chaos_v1:fire_dust":1,"minecraft:diamond":5,"minecraft:writable_book":1,"minecraft:granite":2,"minecraft:gray_wool":2,"minecraft:bread":5,"alexsmobs:moose_ribs":4,"minecraft:emerald":8,"minecraft:light_gray_carpet":3,"born_in_chaos_v1:rotten_fish":1,"minecraft:coal":40,"minecraft:crimson_roots":1},"minecraft:used":{"minecraft:writable_book":1,"minecraft:iron_bars":2,"minecraft:stone_sword":131,"minecraft:ladder":4,"minecraft:light_gray_carpet":3,"minecraft:chest":1,"minecraft:shield":2,"minecraft:iron_sword":274,"minecraft:cooked_salmon":1,"born_in_chaos_v1:fried_maggot":32,"minecraft:rotten_flesh":4,"minecraft:torch":27,"minecraft:dirt":6,"minecraft:mutton":4,"minecraft:white_carpet":8,"minecraft:carrot":18,"minecraft:granite":2,"minecraft:lantern":1,"minecraft:iron_axe":23,"minecraft:jungle_log":1,"minecraft:crimson_roots":1,"minecraft:stone_bricks":1,"minecraft:item_frame":2,"minecraft:light_gray_wool":1,"minecraft:sweet_berries":27,"minecraft:furnace":3,"minecraft:cooked_beef":15,"minecraft:cherry_log":2,"minecraft:cobbled_deepslate":5,"minecraft:cooked_mutton":5,"minecraft:mossy_stone_bricks":1,"minecraft:diorite":33,"minecraft:birch_planks":1,"minecraft:stone_pickaxe":221,"minecraft:birch_boat":2,"minecraft:wooden_pickaxe":3,"minecraft:white_wool":4,"minecraft:red_bed":1,"minecraft:crafting_table":9,"gnumus:gnumus_cutlass":16,"minecraft:smoker":2,"minecraft:redstone_torch":1,"minecraft:oak_log":2,"minecraft:bread":4,"minecraft:iron_pickaxe":56,"minecraft:gravel":1,"minecraft:stone_axe":87,"alexsmobs:cooked_moose_ribs":2,"minecraft:cobblestone":34,"born_in_chaos_v1:rotten_fish":1,"born_in_chaos_v1:river_mint":1,"minecraft:smithing_table":1,"minecraft:andesite":19,"minecraft:birch_log":2,"born_in_chaos_v1:wood_splitter_axe":151,"minecraft:experience_bottle":3,"minecraft:gray_wool":2}},"DataVersion":3465}