{"stats":{"minecraft:custom":{"minecraft:mob_kills":95,"minecraft:interact_with_crafting_table":40,"minecraft:open_barrel":8,"minecraft:leave_game":1,"minecraft:time_since_death":30409,"minecraft:sprint_one_cm":977642,"minecraft:walk_one_cm":696834,"minecraft:damage_blocked_by_shield":2895,"minecraft:drop":56,"minecraft:damage_dealt_absorbed":396,"minecraft:play_time":175932,"minecraft:deaths":11,"minecraft:sneak_time":6325,"minecraft:walk_under_water_one_cm":15920,"minecraft:jump":5262,"minecraft:interact_with_blast_furnace":12,"minecraft:walk_on_water_one_cm":42589,"minecraft:total_world_time":175932,"minecraft:interact_with_furnace":45,"minecraft:interact_with_loom":3,"minecraft:sleep_in_bed":2,"minecraft:time_since_rest":30437,"minecraft:damage_taken":7962,"minecraft:damage_dealt":14007,"minecraft:swim_one_cm":48914,"minecraft:fly_one_cm":1633898,"minecraft:open_chest":45,"minecraft:crouch_one_cm":30113,"minecraft:fall_one_cm":189517},"minecraft:used":{"minecraft:iron_shovel":34,"minecraft:chest":3,"minecraft:shield":40,"minecraft:iron_sword":239,"minecraft:oak_door":3,"minecraft:torch":5,"minecraft:dirt":23,"minecraft:granite":7,"minecraft:wooden_axe":26,"minecraft:light_gray_wool":2,"minecraft:bow":17,"minecraft:furnace":5,"minecraft:cobbled_deepslate":18,"minecraft:cooked_mutton":31,"minecraft:water_bucket":44,"minecraft:diorite":4,"minecraft:stone_pickaxe":354,"minecraft:oak_planks":16,"minecraft:wooden_pickaxe":4,"minecraft:oak_slab":23,"minecraft:crafting_table":5,"minecraft:blast_furnace":1,"minecraft:white_bed":3,"minecraft:dripstone_block":18,"minecraft:apple":1,"minecraft:bread":67,"minecraft:brown_wool":1,"minecraft:iron_pickaxe":349,"minecraft:stone_axe":74,"minecraft:cobblestone":115,"minecraft:porkchop":1,"minecraft:andesite":1,"minecraft:bucket":45},"minecraft:broken":{"minecraft:stone_pickaxe":2,"minecraft:iron_pickaxe":1},"minecraft:killed":{"dungeonsweaponry:wraith":2,"minecraft:cave_spider":1,"minecraft:spider":9,"dungeonsweaponry:enchanter":4,"minecraft:skeleton":19,"minecraft:drowned":2,"minecraft:pig":8,"minecraft:zombie_villager":1,"minecraft:sheep":20,"minecraft:zombie":15,"dungeonsweaponry:geomancer":1,"minecraft:cow":10,"minecraft:enderman":1},"minecraft:picked_up":{"minecraft:wooden_axe":2,"minecraft:crafting_table":3,"minecraft:chicken":1,"alexscaves:cave_tablet":9,"minecraft:cornflower":1,"minecraft:string":17,"minecraft:raw_copper":3,"minecraft:candle":4,"minecraft:cobbled_deepslate":86,"minecraft:beef":34,"minecraft:iron_pickaxe":1,"minecraft:light_gray_wool":2,"minecraft:furnace":4,"minecraft:stick":2,"minecraft:raw_iron":102,"minecraft:oak_door":1,"sophisticatedbackpacks:backpack":1,"minecraft:porkchop":50,"minecraft:pointed_dripstone":24,"minecraft:diorite":11,"minecraft:tnt":1,"minecraft:arrow":30,"minecraft:rotten_flesh":23,"minecraft:hay_block":20,"alexscaves:spelunkery_table":3,"minecraft:mutton":33,"minecraft:white_wool":17,"minecraft:cobblestone":275,"minecraft:glow_ink_sac":7,"minecraft:andesite":49,"minecraft:brown_wool":3,"minecraft:leather":10,"alexscaves:cave_book":1,"minecraft:flint":1,"minecraft:oak_log":30,"minecraft:gunpowder":5,"minecraft:lapis_lazuli":76,"minecraft:dirt":92,"minecraft:bone":44,"minecraft:apple":14,"minecraft:stonecutter":1,"minecraft:bow":1,"minecraft:wheat_seeds":21,"minecraft:stone_pickaxe":1,"minecraft:iron_ingot":17,"minecraft:oak_slab":3,"minecraft:cooked_porkchop":16,"minecraft:dripstone_block":44,"minecraft:gravel":8,"minecraft:blast_furnace":1,"minecraft:white_bed":2,"minecraft:spider_eye":2,"minecraft:diamond":21,"minecraft:granite":16,"minecraft:emerald":8,"minecraft:black_wool":1,"minecraft:coal":160,"minecraft:sunflower":3},"minecraft:killed_by":{"minecraft:creeper":2,"minecraft:skeleton":3,"minecraft:zombie":1},"minecraft:crafted":{"minecraft:oak_door":3,"minecraft:oak_planks":120,"minecraft:furnace":2,"minecraft:cooked_mutton":31,"minecraft:iron_boots":1,"minecraft:stone_pickaxe":4,"minecraft:chest":3,"minecraft:wheat":180,"minecraft:oak_slab":36,"minecraft:crafting_table":2,"minecraft:wooden_pickaxe":1,"minecraft:iron_helmet":1,"minecraft:iron_sword":1,"minecraft:bucket":1,"minecraft:stone_axe":1,"minecraft:bread":60,"minecraft:air":0,"minecraft:iron_chestplate":1,"minecraft:diamond_pickaxe":1,"minecraft:shield":1,"minecraft:stick":28,"minecraft:iron_ingot":63,"minecraft:iron_pickaxe":2,"minecraft:wooden_axe":2,"minecraft:iron_shovel":1,"minecraft:iron_leggings":1,"minecraft:white_bed":1,"minecraft:torch":4,"minecraft:diamond_chestplate":1},"minecraft:mined":{"alexscaves:spelunkery_table":2,"minecraft:diamond_ore":2,"minecraft:white_bed":1,"minecraft:deepslate_diamond_ore":18,"minecraft:candle":1,"minecraft:oak_door":1,"minecraft:granite":16,"minecraft:grass_block":44,"minecraft:spawner":2,"minecraft:hay_block":20,"minecraft:furnace":4,"minecraft:iron_ore":73,"minecraft:andesite":54,"minecraft:deepslate_lapis_ore":5,"minecraft:pointed_dripstone":6,"minecraft:deepslate_iron_ore":13,"minecraft:stone":255,"minecraft:crafting_table":3,"minecraft:blast_furnace":1,"minecraft:tall_grass":19,"minecraft:copper_ore":1,"minecraft:cobblestone":12,"minecraft:lapis_ore":2,"minecraft:diorite":12,"dungeonsweaponry:wraith_fire":2,"minecraft:tnt":1,"minecraft:grass":123,"minecraft:oak_log":30,"minecraft:coal_ore":76,"minecraft:sunflower":1,"minecraft:gravel":10,"minecraft:dripstone_block":46,"minecraft:dirt":22,"minecraft:cobweb":2,"minecraft:stonecutter":1,"minecraft:oak_leaves":6,"minecraft:deepslate":77},"minecraft:dropped":{"minecraft:iron_ingot":16,"minecraft:porkchop":16,"minecraft:wheat_seeds":21,"minecraft:glow_ink_sac":5,"minecraft:dripstone_block":2,"alexscaves:spelunkery_table":1,"minecraft:leather":10,"minecraft:coal":1,"minecraft:diorite":3,"minecraft:cornflower":1,"minecraft:iron_pickaxe":1,"minecraft:paper":11,"minecraft:string":8,"minecraft:white_wool":10,"minecraft:bone":17,"alexscaves:cave_tablet":8,"minecraft:raw_iron":1,"minecraft:pointed_dripstone":8,"minecraft:chicken":1,"minecraft:rotten_flesh":11,"alexscaves:cave_book":1,"minecraft:gunpowder":3,"minecraft:andesite":3,"minecraft:spider_eye":1,"minecraft:arrow":5,"minecraft:wooden_pickaxe":1,"minecraft:black_wool":1}},"DataVersion":3465}