{"stats":{"minecraft:custom":{"minecraft:mob_kills":143,"minecraft:interact_with_crafting_table":52,"minecraft:open_barrel":8,"minecraft:leave_game":1,"minecraft:time_since_death":25698,"minecraft:sprint_one_cm":1214226,"minecraft:walk_one_cm":1031022,"minecraft:damage_blocked_by_shield":2895,"minecraft:drop":97,"minecraft:damage_dealt_absorbed":396,"minecraft:play_time":289932,"minecraft:deaths":16,"minecraft:sneak_time":13460,"minecraft:walk_under_water_one_cm":18272,"minecraft:jump":7307,"minecraft:interact_with_blast_furnace":19,"minecraft:walk_on_water_one_cm":88181,"minecraft:total_world_time":289932,"minecraft:interact_with_furnace":51,"minecraft:interact_with_loom":8,"minecraft:sleep_in_bed":3,"minecraft:time_since_rest":25728,"minecraft:damage_taken":10756,"minecraft:damage_dealt":23071,"minecraft:player_kills":2,"minecraft:swim_one_cm":56806,"minecraft:fly_one_cm":2056438,"minecraft:open_chest":103,"minecraft:crouch_one_cm":56569,"minecraft:interact_with_smoker":2,"minecraft:fall_one_cm":252307,"minecraft:horse_one_cm":32270},"minecraft:used":{"dungeonsweaponry:venom_glaive":1,"minecraft:iron_shovel":506,"minecraft:chest":3,"minecraft:shield":40,"minecraft:iron_sword":267,"minecraft:oak_door":3,"minecraft:torch":5,"minecraft:dirt":588,"minecraft:granite":7,"minecraft:wooden_axe":26,"minecraft:stone_bricks":27,"alexscaves:spelunkery_table":2,"minecraft:light_gray_wool":2,"minecraft:bow":22,"minecraft:furnace":6,"minecraft:cooked_beef":22,"minecraft:cobbled_deepslate":47,"minecraft:cooked_mutton":31,"minecraft:water_bucket":65,"minecraft:diorite":4,"minecraft:stone_pickaxe":354,"minecraft:oak_planks":16,"minecraft:wooden_pickaxe":4,"minecraft:stonecutter":1,"minecraft:oak_slab":23,"minecraft:crafting_table":5,"minecraft:blast_furnace":1,"minecraft:white_bed":3,"minecraft:dripstone_block":18,"minecraft:smoker":1,"minecraft:diamond_pickaxe":662,"minecraft:apple":1,"minecraft:bread":73,"minecraft:brown_wool":1,"minecraft:iron_pickaxe":424,"minecraft:chiseled_stone_bricks":3,"minecraft:stone_axe":86,"minecraft:diamond_sword":69,"minecraft:cobbled_deepslate_slab":19,"minecraft:cobblestone":175,"minecraft:porkchop":1,"minecraft:andesite":1,"minecraft:bucket":66},"minecraft:broken":{"minecraft:iron_shovel":2,"minecraft:stone_pickaxe":2,"minecraft:stone_axe":1,"minecraft:iron_sword":1,"minecraft:iron_pickaxe":1},"minecraft:killed":{"dungeonsweaponry:wraith":4,"minecraft:cave_spider":1,"dungeonsweaponry:vanguard":11,"minecraft:spider":10,"dungeonsweaponry:enchanter":5,"minecraft:skeleton":22,"minecraft:drowned":2,"minecraft:pig":18,"minecraft:zombie_villager":1,"minecraft:sheep":24,"minecraft:zombie":23,"dungeonsweaponry:geomancer":1,"minecraft:cow":14,"minecraft:enderman":1},"minecraft:picked_up":{"minecraft:wooden_axe":2,"minecraft:crafting_table":3,"minecraft:chicken":1,"alexscaves:cave_tablet":13,"minecraft:cornflower":1,"minecraft:string":19,"minecraft:raw_copper":12,"dungeonsweaponry:suns_grace":2,"minecraft:candle":4,"minecraft:cobbled_deepslate":215,"minecraft:beef":43,"minecraft:iron_pickaxe":1,"minecraft:light_gray_wool":2,"minecraft:furnace":5,"minecraft:stick":2,"minecraft:raw_iron":102,"minecraft:oak_door":1,"minecraft:torch":5,"sophisticatedbackpacks:backpack":1,"minecraft:porkchop":68,"minecraft:cherry_log":2,"minecraft:pointed_dripstone":24,"minecraft:diorite":57,"dungeonsweaponry:whispering_spear":1,"minecraft:tnt":1,"minecraft:arrow":36,"minecraft:rotten_flesh":35,"minecraft:hay_block":20,"alexscaves:spelunkery_table":4,"minecraft:saddle":1,"minecraft:obsidian":4,"minecraft:mutton":39,"minecraft:white_wool":20,"minecraft:cobblestone":520,"minecraft:birch_log":8,"minecraft:pink_petals":13,"minecraft:glow_ink_sac":7,"minecraft:andesite":51,"minecraft:brown_wool":3,"minecraft:leather":17,"dungeonsweaponry:venom_glaive":1,"alexscaves:cave_book":2,"minecraft:flint":1,"minecraft:oak_log":30,"minecraft:gunpowder":5,"minecraft:lapis_lazuli":114,"minecraft:dirt":595,"minecraft:bone":55,"minecraft:apple":14,"minecraft:stone_bricks":142,"minecraft:stonecutter":1,"minecraft:bow":1,"minecraft:wheat_seeds":38,"minecraft:cobbled_deepslate_slab":2,"minecraft:stone_pickaxe":1,"minecraft:iron_ingot":17,"minecraft:oak_slab":3,"minecraft:cooked_porkchop":16,"minecraft:chiseled_stone_bricks":3,"minecraft:stone_brick_slab":3,"minecraft:dripstone_block":44,"minecraft:gravel":8,"minecraft:blast_furnace":1,"minecraft:white_bed":2,"minecraft:spider_eye":2,"minecraft:diamond":52,"minecraft:granite":16,"dungeonsweaponry:glaive":18,"minecraft:emerald":17,"minecraft:black_wool":2,"minecraft:coal":160,"minecraft:sunflower":4},"minecraft:killed_by":{"minecraft:creeper":2,"dungeonsweaponry:vanguard":1,"minecraft:skeleton":3,"minecraft:zombie":1},"minecraft:mined":{"alexscaves:spelunkery_table":2,"minecraft:diamond_ore":2,"minecraft:white_bed":1,"minecraft:deepslate_diamond_ore":49,"minecraft:candle":1,"minecraft:oak_door":1,"minecraft:cherry_log":2,"minecraft:obsidian":4,"minecraft:granite":16,"minecraft:cobbled_deepslate_slab":3,"minecraft:grass_block":451,"minecraft:chiseled_stone_bricks":3,"minecraft:spawner":2,"minecraft:hay_block":20,"minecraft:furnace":5,"minecraft:iron_ore":73,"minecraft:cobbled_deepslate":5,"minecraft:andesite":55,"minecraft:deepslate_lapis_ore":10,"minecraft:pointed_dripstone":6,"minecraft:deepslate_iron_ore":13,"minecraft:stone":497,"minecraft:stone_brick_slab":1,"minecraft:smooth_sandstone":1,"minecraft:crafting_table":3,"minecraft:blast_furnace":1,"minecraft:tall_grass":20,"minecraft:copper_ore":3,"minecraft:cobblestone":24,"minecraft:lapis_ore":2,"minecraft:diorite":37,"dungeonsweaponry:wraith_fire":15,"minecraft:birch_log":8,"minecraft:tnt":1,"minecraft:grass":292,"minecraft:oak_log":30,"minecraft:coal_ore":76,"minecraft:sunflower":2,"minecraft:gravel":10,"minecraft:dripstone_block":46,"minecraft:dirt":106,"minecraft:cobweb":2,"minecraft:stone_bricks":184,"minecraft:stonecutter":1,"minecraft:oak_leaves":6,"minecraft:deepslate":205},"minecraft:dropped":{"minecraft:iron_ingot":16,"minecraft:porkchop":16,"minecraft:wheat_seeds":21,"minecraft:glow_ink_sac":7,"minecraft:dripstone_block":26,"minecraft:cooked_porkchop":17,"minecraft:cobblestone":2,"alexscaves:spelunkery_table":1,"minecraft:leather":17,"minecraft:granite":9,"minecraft:coal":1,"minecraft:flint":1,"minecraft:diorite":7,"minecraft:cornflower":1,"minecraft:wooden_axe":2,"minecraft:brown_wool":1,"dungeonsweaponry:venom_glaive":1,"dungeonsweaponry:suns_grace":1,"minecraft:sunflower":1,"minecraft:iron_pickaxe":2,"minecraft:paper":11,"minecraft:string":8,"minecraft:pink_petals":13,"minecraft:white_wool":15,"minecraft:stone_brick_slab":2,"minecraft:bone":17,"minecraft:oak_door":1,"minecraft:gravel":8,"dungeonsweaponry:whispering_spear":1,"alexscaves:cave_tablet":8,"minecraft:raw_iron":1,"minecraft:pointed_dripstone":17,"minecraft:chicken":1,"minecraft:rotten_flesh":11,"dungeonsweaponry:glaive":11,"minecraft:shield":1,"alexscaves:cave_book":1,"minecraft:gunpowder":5,"minecraft:andesite":4,"minecraft:spider_eye":2,"minecraft:arrow":5,"minecraft:wooden_pickaxe":1,"minecraft:black_wool":1},"minecraft:crafted":{"minecraft:cherry_planks":8,"minecraft:oak_door":3,"minecraft:cobbled_deepslate_slab":84,"minecraft:oak_planks":120,"minecraft:birch_wood":6,"minecraft:furnace":2,"minecraft:cooked_mutton":31,"minecraft:bow":1,"minecraft:diamond_helmet":1,"minecraft:diamond_leggings":1,"minecraft:iron_boots":1,"minecraft:stone_pickaxe":4,"minecraft:chest":3,"minecraft:diamond_boots":1,"minecraft:smoker":1,"minecraft:wheat":180,"minecraft:cooked_beef":26,"minecraft:oak_slab":36,"minecraft:diamond_sword":1,"minecraft:cooked_porkchop":1,"minecraft:crafting_table":2,"minecraft:wooden_pickaxe":1,"minecraft:iron_helmet":1,"minecraft:iron_sword":1,"minecraft:bucket":1,"minecraft:stone_axe":1,"minecraft:bread":60,"minecraft:air":0,"minecraft:iron_chestplate":1,"minecraft:diamond_pickaxe":1,"minecraft:shield":2,"minecraft:stick":32,"minecraft:iron_ingot":89,"minecraft:iron_pickaxe":2,"minecraft:wooden_axe":2,"minecraft:iron_shovel":2,"minecraft:iron_leggings":1,"minecraft:white_bed":1,"minecraft:torch":4,"minecraft:diamond_chestplate":1}},"DataVersion":3465}