{"stats":{"minecraft:broken":{"minecraft:stone_sword":1},"minecraft:mined":{"born_in_chaos_v1:marigolds":1,"farmersdelight:wild_carrots":15,"born_in_chaos_v1:infected_diamond_ore":1,"minecraft:crafting_table":5,"minecraft:granite":2,"minecraft:grass_block":1,"born_in_chaos_v1:black_argillite":1,"minecraft:cobblestone":4,"minecraft:diorite":16,"minecraft:furnace":2,"minecraft:birch_log":21,"minecraft:iron_ore":7,"minecraft:andesite":20,"minecraft:grass":3,"minecraft:coal_ore":17,"minecraft:deepslate_iron_ore":32,"minecraft:stone":57,"minecraft:deepslate":5},"minecraft:picked_up":{"minecraft:birch_log":23,"born_in_chaos_v1:corpse_maggot":36,"born_in_chaos_v1:diamond_termite_shard":1,"minecraft:crafting_table":5,"born_in_chaos_v1:monster_flesh":2,"minecraft:andesite":23,"minecraft:leather":3,"born_in_chaos_v1:black_argillite":2,"minecraft:string":6,"minecraft:dirt":1,"gnumus:gnumus_pouch_2":1,"minecraft:bone":7,"minecraft:cobbled_deepslate":5,"alexsmobs:cockroach_wing_fragment":1,"minecraft:beef":10,"minecraft:light_gray_wool":1,"minecraft:furnace":2,"minecraft:raw_iron":38,"minecraft:torch":1,"born_in_chaos_v1:ethereal_spirit":2,"minecraft:spruce_log":1,"minecraft:diorite":16,"minecraft:carrot":14,"alexsmobs:animal_dictionary":1,"minecraft:arrow":2,"minecraft:rotten_flesh":13,"born_in_chaos_v1:wood_splitter_axe":1,"minecraft:granite":2,"minecraft:gray_wool":2,"minecraft:coal":20,"minecraft:mutton":6,"minecraft:white_wool":1,"minecraft:cobblestone":61},"minecraft:killed_by":{"born_in_chaos_v1:dread_hound":1},"minecraft:crafted":{"minecraft:cooked_beef":10,"minecraft:crafting_table":1,"minecraft:iron_helmet":1,"minecraft:wooden_pickaxe":1,"minecraft:furnace":2,"minecraft:birch_planks":76,"minecraft:stone_axe":1,"minecraft:air":0,"minecraft:iron_boots":1,"minecraft:iron_chestplate":1,"born_in_chaos_v1:fried_maggot":32,"minecraft:stick":16,"minecraft:iron_ingot":34,"minecraft:iron_pickaxe":1,"minecraft:stone_pickaxe":2,"minecraft:stone_sword":1,"minecraft:iron_leggings":1,"minecraft:torch":20},"minecraft:used":{"minecraft:diorite":7,"minecraft:stone_sword":131,"minecraft:birch_planks":1,"minecraft:stone_pickaxe":160,"minecraft:wooden_pickaxe":3,"born_in_chaos_v1:fried_maggot":3,"minecraft:rotten_flesh":4,"minecraft:white_wool":1,"minecraft:torch":8,"minecraft:dirt":1,"minecraft:mutton":4,"minecraft:crafting_table":5,"minecraft:carrot":14,"minecraft:granite":2,"minecraft:iron_pickaxe":1,"minecraft:stone_axe":55,"minecraft:light_gray_wool":1,"minecraft:cobblestone":18,"minecraft:furnace":2,"minecraft:birch_log":2,"minecraft:andesite":19,"born_in_chaos_v1:wood_splitter_axe":14,"minecraft:cooked_beef":6,"minecraft:cobbled_deepslate":5,"minecraft:gray_wool":2},"minecraft:dropped":{"alexsmobs:animal_dictionary":1,"minecraft:rotten_flesh":9,"minecraft:leather":3,"born_in_chaos_v1:black_argillite":2,"alexsmobs:cockroach_wing_fragment":1,"minecraft:andesite":4,"minecraft:spruce_log":1,"minecraft:stone_pickaxe":1,"minecraft:string":1,"minecraft:birch_log":2,"minecraft:bone":1},"minecraft:custom":{"minecraft:interact_with_furnace":26,"minecraft:mob_kills":66,"minecraft:interact_with_crafting_table":10,"minecraft:damage_dealt_resisted":139,"minecraft:time_since_death":12459,"minecraft:time_since_rest":12480,"minecraft:sprint_one_cm":119293,"minecraft:damage_taken":1379,"minecraft:walk_one_cm":119131,"minecraft:drop":15,"minecraft:damage_dealt":8473,"minecraft:swim_one_cm":2027,"minecraft:fly_one_cm":81923,"minecraft:crouch_one_cm":3074,"minecraft:deaths":1,"minecraft:play_time":35738,"minecraft:sneak_time":1484,"minecraft:walk_under_water_one_cm":145,"minecraft:jump":567,"minecraft:walk_on_water_one_cm":4623,"minecraft:total_world_time":35738,"minecraft:fall_one_cm":16478},"minecraft:killed":{"born_in_chaos_v1:diamond_termite":1,"born_in_chaos_v1:zombie_lumberjack":1,"born_in_chaos_v1:restless_spirit":2,"born_in_chaos_v1:swarmer":1,"minecraft:spider":5,"born_in_chaos_v1:maggot":5,"minecraft:sheep":4,"minecraft:skeleton":2,"alexsmobs:cockroach":1,"minecraft:zombie":10,"born_in_chaos_v1:dread_hound":2,"born_in_chaos_v1:corpse_fly":26,"gnumus:gnumus_hunter":1,"alexsmobs:crow":1,"minecraft:cow":4}},"DataVersion":3465}