{"stats":{"minecraft:killed":{"born_in_chaos_v1:zombie_clown":2,"minecraft:cave_spider":2,"born_in_chaos_v1:mr_pumpkin":17,"born_in_chaos_v1:restless_spirit":5,"born_in_chaos_v1:zombie_lumberjack":4,"born_in_chaos_v1:skeleton_demoman":1,"born_in_chaos_v1:sir_the_headless":1,"born_in_chaos_v1:pumpkin_spirit":1,"minecraft:spider":20,"born_in_chaos_v1:baby_skeleton_minion":16,"born_in_chaos_v1:scarlet_persecutor":2,"minecraft:skeleton":15,"gnumus:pitcher_mousse":1,"born_in_chaos_v1:skeleton_thrasher":1,"born_in_chaos_v1:firelight_not_despawn":6,"minecraft:wolf":1,"born_in_chaos_v1:bonescaller":1,"minecraft:pig":3,"born_in_chaos_v1:diamond_termite":7,"alexsmobs:seal":1,"minecraft:creeper":1,"minecraft:sheep":10,"minecraft:pillager":1,"minecraft:zombie":32,"born_in_chaos_v1:dread_hound":8,"alexsmobs:terrapin":1,"born_in_chaos_v1:corpse_fly":38,"minecraft:stray":3,"alexsmobs:roadrunner":1,"born_in_chaos_v1:door_knight":1,"minecraft:cow":11,"minecraft:vex":1,"alexsmobs:tarantula_hawk":1,"alexsmobs:raccoon":9,"born_in_chaos_v1:thornshell_crab":2,"alexsmobs:rattlesnake":1,"born_in_chaos_v1:zombie_bruiser":3,"born_in_chaos_v1:maggot":9,"born_in_chaos_v1:pumpkinhead":1,"gnumus:gnumus_hunter":5,"alexsmobs:bison":3,"born_in_chaos_v1:corpse_fish":1,"cataclysm:koboleton":3,"born_in_chaos_v1:barrel_zombie":3,"gnumus:gnumus_hunter_not_dispawn":2,"born_in_chaos_v1:fallen_chaos_knight":3,"born_in_chaos_v1:felsteed":1,"born_in_chaos_v1:bone_imp_minion":2,"born_in_chaos_v1:baby_skeleton":5,"born_in_chaos_v1:swarmer":3,"born_in_chaos_v1:decrepit_skeleton":8,"gnumus:gnumus_merchant":1,"born_in_chaos_v1:decaying_zombie":1,"alexsmobs:crocodile":1,"alexsmobs:cockroach":1,"born_in_chaos_v1:bonescaller_not_despawn":1,"alexsmobs:moose":3,"born_in_chaos_v1:nightmare_stalker":1,"alexsmobs:crow":1,"minecraft:enderman":1},"minecraft:custom":{"minecraft:interact_with_crafting_table":40,"minecraft:open_barrel":5,"minecraft:eat_cake_slice":2,"minecraft:leave_game":2,"minecraft:time_since_death":8203,"minecraft:sprint_one_cm":970387,"minecraft:damage_blocked_by_shield":2030,"minecraft:drop":128,"minecraft:talked_to_villager":4,"minecraft:play_time":312168,"minecraft:deaths":32,"minecraft:jump":6166,"minecraft:walk_on_water_one_cm":67176,"minecraft:interact_with_furnace":55,"minecraft:sleep_in_bed":3,"minecraft:waystone_activated":6,"minecraft:damage_dealt":56773,"minecraft:player_kills":2,"minecraft:crouch_one_cm":13656,"minecraft:interact_with_smoker":4,"minecraft:interact_with_smithing_table":1,"minecraft:mob_kills":298,"minecraft:damage_dealt_resisted":5135,"minecraft:climb_one_cm":8986,"minecraft:walk_one_cm":1071700,"minecraft:sneak_time":4779,"minecraft:walk_under_water_one_cm":16237,"minecraft:boat_one_cm":56249,"minecraft:interact_with_lectern":1,"minecraft:total_world_time":312168,"minecraft:interact_with_stonecutter":1,"minecraft:time_since_rest":5597,"minecraft:damage_taken":15126,"minecraft:swim_one_cm":35056,"minecraft:fly_one_cm":1501156,"minecraft:open_chest":153,"minecraft:fall_one_cm":158680},"minecraft:mined":{"minecraft:stone_pressure_plate":1,"minecraft:granite":2,"minecraft:grass_block":11,"minecraft:jungle_log":1,"minecraft:coal_block":6,"minecraft:spawner":2,"minecraft:iron_ore":9,"minecraft:deepslate_lapis_ore":5,"minecraft:azure_bluet":1,"minecraft:dirt_path":1,"minecraft:iron_bars":2,"minecraft:iron_block":11,"minecraft:cut_sandstone":1,"minecraft:red_bed":1,"minecraft:smoker":3,"minecraft:yellow_banner":2,"born_in_chaos_v1:tombstone_petasi":1,"minecraft:torch":8,"minecraft:chest":1,"minecraft:dead_bush":8,"minecraft:cobblestone":36,"minecraft:sugar_cane":11,"minecraft:wall_torch":4,"minecraft:skeleton_skull":1,"minecraft:chain":1,"minecraft:birch_log":21,"born_in_chaos_v1:river_mint":4,"minecraft:grass":50,"minecraft:sand":10,"minecraft:dirt":7,"born_in_chaos_v1:infernal_evil_pumpkin_s":1,"minecraft:oak_leaves":4,"minecraft:deepslate":9,"minecraft:diamond_ore":4,"minecraft:deepslate_diamond_ore":1,"farmersdelight:wild_carrots":15,"born_in_chaos_v1:infected_diamond_ore":4,"minecraft:ladder":4,"minecraft:spruce_fence":2,"born_in_chaos_v1:black_argillite":1,"minecraft:crimson_roots":2,"born_in_chaos_v1:fel_soil":18,"minecraft:white_stained_glass":1,"minecraft:spruce_leaves":5,"minecraft:acacia_slab":1,"minecraft:moss_block":2,"minecraft:sandstone":9,"minecraft:large_fern":1,"minecraft:hay_block":24,"minecraft:furnace":3,"minecraft:chiseled_sandstone":1,"minecraft:andesite":20,"minecraft:gold_block":1,"minecraft:deepslate_iron_ore":38,"minecraft:packed_ice":2,"gnumus:fragile_gnumus_jug":6,"minecraft:stone":76,"minecraft:white_wool":1,"minecraft:smithing_table":2,"minecraft:light_gray_carpet":1,"minecraft:acacia_leaves":2,"born_in_chaos_v1:marigolds":1,"minecraft:dandelion":1,"minecraft:crafting_table":11,"minecraft:campfire":2,"minecraft:tall_grass":1,"born_in_chaos_v1:chipped_black_argillite_brick":4,"farmersdelight:wild_tomatoes":14,"minecraft:diorite":44,"minecraft:blue_bed":1,"minecraft:birch_planks":5,"minecraft:coarse_dirt":1,"minecraft:beehive":2,"minecraft:sweet_berry_bush":19,"minecraft:ice":1,"minecraft:creeper_head":1,"minecraft:white_carpet":4,"minecraft:spruce_log":2,"minecraft:coal_ore":37,"minecraft:dark_oak_button":1,"born_in_chaos_v1:rotten_soil":2,"minecraft:gray_carpet":5,"minecraft:cobweb":4,"minecraft:stone_bricks":1,"minecraft:mossy_stone_bricks":1,"minecraft:gold_ore":9,"minecraft:fern":4},"minecraft:dropped":{"minecraft:iron_sword":3,"minecraft:moss_block":1,"gnumus:overripe_carrot":3,"minecraft:glow_berries":3,"minecraft:leather":3,"minecraft:dark_oak_button":3,"gnumus:mouse_skin":16,"minecraft:red_carpet":4,"minecraft:cod":5,"minecraft:item_frame":2,"born_in_chaos_v1:monster_flesh":4,"born_in_chaos_v1:monster_skin":8,"minecraft:snowball":29,"minecraft:chain":2,"minecraft:bone_meal":1,"minecraft:birch_log":2,"minecraft:bone":3,"minecraft:sugar_cane":3,"born_in_chaos_v1:fire_dust":2,"alexsmobs:animal_dictionary":2,"minecraft:rotten_flesh":60,"minecraft:golden_shovel":1,"minecraft:salmon":6,"minecraft:rabbit_hide":2,"minecraft:tipped_arrow":2,"born_in_chaos_v1:chipped_black_argillite_brick":1,"born_in_chaos_v1:corpse_maggot":12,"minecraft:iron_bars":2,"minecraft:beef":6,"born_in_chaos_v1:dark_rod":1,"minecraft:iron_ingot":1,"minecraft:golden_boots":1,"born_in_chaos_v1:shattered_skull":2,"minecraft:wheat_seeds":3,"minecraft:feather":5,"minecraft:iron_helmet":1,"minecraft:prismarine_crystals":3,"alexsmobs:rattlesnake_rattle":1,"minecraft:acacia_log":2,"minecraft:stick":13,"born_in_chaos_v1:gnawed_bones":1,"born_in_chaos_v1:black_argillite":2,"born_in_chaos_v1:river_mint":1,"minecraft:fire_charge":1,"minecraft:iron_leggings":1,"minecraft:paper":1,"minecraft:string":12,"minecraft:dandelion":1,"minecraft:moss_carpet":1,"minecraft:kelp":2,"minecraft:raw_iron":2,"born_in_chaos_v1:rotten_fish":1,"minecraft:chicken":3,"minecraft:white_carpet":2,"minecraft:pumpkin_seeds":25,"minecraft:potato":1,"minecraft:hay_block":1,"alexsmobs:cockroach_wing_fragment":1,"minecraft:andesite":4,"minecraft:stone_pressure_plate":1,"minecraft:spider_eye":9,"minecraft:birch_boat":1,"minecraft:spruce_log":1,"minecraft:stone_pickaxe":1,"minecraft:wooden_pickaxe":1},"minecraft:killed_by":{"born_in_chaos_v1:nightmare_stalker":5,"born_in_chaos_v1:bone_imp_minion":2,"alexsmobs:elephant":1,"minecraft:cave_spider":2,"cataclysm:koboleton":1,"born_in_chaos_v1:pumpkinhead":2,"born_in_chaos_v1:scarlet_persecutor":2,"minecraft:vex":1,"born_in_chaos_v1:lifestealer_true_form":1,"minecraft:player":1,"minecraft:stray":1,"born_in_chaos_v1:zombie_lumberjack":1,"born_in_chaos_v1:zombie_clown":1,"alexsmobs:bison":2,"born_in_chaos_v1:decrepit_skeleton":1,"alexsmobs:moose":4,"born_in_chaos_v1:door_knight":1,"born_in_chaos_v1:missioner":1,"born_in_chaos_v1:dread_hound":1},"minecraft:broken":{"gnumus:gnumus_cutlass":1,"minecraft:stone_axe":1,"born_in_chaos_v1:wood_splitter_axe":1,"minecraft:stone_sword":1,"minecraft:shield":1,"minecraft:iron_helmet":2},"minecraft:crafted":{"minecraft:birch_boat":1,"minecraft:birch_slab":18,"minecraft:cooked_mutton":5,"minecraft:iron_bars":16,"minecraft:iron_boots":1,"minecraft:chest":1,"gnumus:gnumus_cutlass":1,"sophisticatedbackpacks:backpack":1,"minecraft:crafting_table":4,"minecraft:iron_helmet":2,"minecraft:wooden_pickaxe":1,"minecraft:birch_planks":84,"sophisticatedbackpacks:upgrade_base":1,"minecraft:iron_chestplate":2,"minecraft:shield":4,"minecraft:stick":24,"minecraft:iron_pickaxe":1,"minecraft:iron_ingot":86,"minecraft:iron_block":5,"minecraft:stone_sword":1,"minecraft:gold_ingot":19,"minecraft:coal":9,"minecraft:furnace":2,"minecraft:iron_axe":1,"born_in_chaos_v1:fried_maggot":32,"minecraft:stone_pickaxe":2,"sophisticatedbackpacks:iron_backpack":1,"minecraft:cooked_beef":22,"minecraft:iron_sword":1,"alexsmobs:cooked_moose_ribs":4,"sophisticatedbackpacks:gold_backpack":1,"minecraft:stone_axe":1,"minecraft:air":0,"minecraft:gold_nugget":9,"minecraft:iron_leggings":1,"minecraft:torch":20},"minecraft:picked_up":{"minecraft:creeper_head":1,"minecraft:smithing_table":2,"gnumus:gnumus_claw":7,"born_in_chaos_v1:holiday_candy":22,"born_in_chaos_v1:black_argillite":2,"minecraft:string":30,"minecraft:cooked_salmon":1,"minecraft:iron_leggings":1,"minecraft:experience_bottle":6,"minecraft:cobbled_deepslate":5,"gnumus:packaged_goods":1,"minecraft:redstone_torch":1,"minecraft:iron_pickaxe":1,"cataclysm:khopesh":1,"alexsmobs:raccoon_tail":3,"minecraft:coal_block":6,"minecraft:furnace":3,"minecraft:tipped_arrow":2,"minecraft:stick":9,"born_in_chaos_v1:shattered_skull":3,"minecraft:torch":15,"minecraft:acacia_log":2,"minecraft:porkchop":4,"minecraft:cherry_log":2,"born_in_chaos_v1:fel_soil":18,"minecraft:diorite":46,"born_in_chaos_v1:nightmare_claw":1,"minecraft:yellow_banner":2,"gnumus:vintage_metal":1,"minecraft:rotten_flesh":74,"minecraft:iron_block":11,"minecraft:carved_pumpkin":1,"gnumus:gnumus_chickpeas":18,"alexsmobs:emu_egg":2,"minecraft:iron_bars":4,"minecraft:cod":5,"minecraft:snowball":34,"minecraft:cobblestone":111,"minecraft:birch_log":25,"gnumus:gnumus_doubloons":6,"minecraft:feather":5,"minecraft:cooked_beef":5,"born_in_chaos_v1:spiritual_dust":3,"minecraft:andesite":23,"minecraft:jungle_log":1,"gnumus:overripe_carrot":6,"minecraft:smoker":3,"minecraft:potato":1,"alexsmobs:bison_fur":1,"minecraft:lapis_lazuli":35,"farmersdelight:tomato":2,"minecraft:dirt":32,"minecraft:lantern":2,"gnumus:gnumus_pouch_2":6,"born_in_chaos_v1:monster_skin":8,"cataclysm:koboleton_bone":2,"minecraft:bone":53,"minecraft:bow":1,"minecraft:wheat_seeds":3,"minecraft:raw_gold":10,"minecraft:mossy_stone_bricks":1,"minecraft:moss_block":1,"minecraft:sand":9,"minecraft:chiseled_sandstone":1,"minecraft:barrel":1,"alexsmobs:animal_dictionary":1,"born_in_chaos_v1:fire_dust":3,"minecraft:diamond":5,"minecraft:writable_book":1,"alexsmobs:rattlesnake_rattle":1,"minecraft:crossbow":1,"minecraft:granite":2,"minecraft:bone_meal":1,"cataclysm:ancient_metal_nugget":1,"alexsmobs:moose_ribs":4,"minecraft:emerald":18,"minecraft:bread":13,"born_in_chaos_v1:rotten_fish":2,"minecraft:light_gray_carpet":4,"minecraft:crimson_roots":1,"minecraft:charcoal":4,"minecraft:crafting_table":11,"born_in_chaos_v1:diamond_termite_shard":7,"minecraft:ladder":4,"minecraft:chicken":3,"born_in_chaos_v1:river_mint":2,"born_in_chaos_v1:seedof_chaos":8,"minecraft:leather_leggings":1,"alexsmobs:roadrunner_feather":1,"minecraft:gold_block":1,"minecraft:chain":3,"minecraft:red_bed":1,"minecraft:moss_carpet":1,"minecraft:iron_axe":2,"minecraft:item_frame":7,"born_in_chaos_v1:intoxicating_decoction":4,"minecraft:white_carpet":13,"minecraft:beef":85,"born_in_chaos_v1:gnawed_bones":1,"minecraft:light_gray_wool":1,"minecraft:sugar_cane":3,"minecraft:chest":1,"minecraft:raw_iron":46,"minecraft:sandstone":9,"minecraft:spruce_fence":2,"sophisticatedbackpacks:backpack":1,"farmersdelight:tomato_seeds":11,"born_in_chaos_v1:pieceofdarkmetal":19,"minecraft:carrot":14,"minecraft:prismarine_crystals":3,"minecraft:stone_pressure_plate":1,"minecraft:arrow":23,"minecraft:pumpkin_pie":1,"born_in_chaos_v1:wood_splitter_axe":1,"minecraft:hay_block":25,"born_in_chaos_v1:spiny_shell":6,"minecraft:gold_ingot":8,"gnumus:mouse_skin":16,"minecraft:glow_berries":3,"minecraft:mutton":11,"minecraft:skeleton_skull":1,"minecraft:white_wool":4,"born_in_chaos_v1:corpse_maggot":47,"minecraft:dark_oak_button":5,"born_in_chaos_v1:monster_flesh":7,"born_in_chaos_v1:pumpkin_staff":1,"minecraft:salmon":6,"minecraft:cut_sandstone":1,"minecraft:leather":15,"gnumus:gnumus_pouch":1,"minecraft:birch_planks":5,"minecraft:oak_log":2,"minecraft:blue_bed":1,"minecraft:paper":1,"minecraft:cooked_mutton":4,"minecraft:red_carpet":6,"born_in_chaos_v1:soul_cutlass":1,"minecraft:stone_bricks":1,"minecraft:apple":1,"minecraft:gray_carpet":5,"minecraft:kelp":2,"alexsmobs:cockroach_wing_fragment":1,"minecraft:rabbit_hide":2,"minecraft:iron_ingot":9,"born_in_chaos_v1:chipped_black_argillite_brick":4,"minecraft:iron_sword":3,"born_in_chaos_v1:tombstone_petasi":1,"minecraft:birch_boat":4,"minecraft:sweet_berries":44,"born_in_chaos_v1:ethereal_spirit":9,"minecraft:dandelion":1,"minecraft:gravel":1,"minecraft:lava_bucket":1,"born_in_chaos_v1:dark_rod":1,"gnumus:gnumus_cheese":1,"minecraft:spruce_log":3,"minecraft:spider_eye":10,"minecraft:pumpkin_seeds":25,"minecraft:slime_ball":5,"minecraft:gray_wool":2,"minecraft:acacia_slab":1,"minecraft:coal":60,"minecraft:ender_pearl":1},"minecraft:used":{"alexsmobs:emu_egg":1,"minecraft:writable_book":1,"minecraft:ladder":4,"minecraft:chest":1,"minecraft:shield":73,"minecraft:iron_sword":753,"minecraft:rotten_flesh":4,"minecraft:mutton":4,"minecraft:carrot":18,"born_in_chaos_v1:soul_cutlass":126,"minecraft:lantern":2,"minecraft:crimson_roots":1,"minecraft:item_frame":5,"minecraft:stone_bricks":1,"minecraft:bow":21,"minecraft:sweet_berries":27,"minecraft:furnace":4,"minecraft:mossy_stone_bricks":1,"minecraft:diorite":39,"minecraft:stone_pickaxe":221,"minecraft:gray_carpet":5,"minecraft:wooden_pickaxe":3,"minecraft:sandstone":9,"minecraft:blue_bed":1,"minecraft:white_wool":4,"minecraft:sand":9,"gnumus:gnumus_cutlass":16,"minecraft:redstone_torch":1,"minecraft:chiseled_sandstone":1,"minecraft:bread":80,"minecraft:gravel":1,"alexsmobs:cooked_moose_ribs":2,"born_in_chaos_v1:rotten_fish":1,"born_in_chaos_v1:river_mint":1,"minecraft:andesite":19,"minecraft:smithing_table":2,"minecraft:chain":1,"minecraft:birch_log":2,"minecraft:experience_bottle":5,"minecraft:iron_bars":2,"minecraft:stone_sword":131,"born_in_chaos_v1:ethereal_spirit":5,"minecraft:carved_pumpkin":1,"minecraft:light_gray_carpet":4,"minecraft:cooked_salmon":1,"born_in_chaos_v1:fried_maggot":32,"minecraft:torch":27,"minecraft:dirt":6,"minecraft:white_carpet":9,"minecraft:granite":2,"minecraft:spruce_fence":2,"born_in_chaos_v1:chipped_black_argillite_brick":1,"minecraft:iron_axe":36,"minecraft:acacia_slab":1,"minecraft:jungle_log":1,"minecraft:barrel":1,"minecraft:light_gray_wool":1,"minecraft:cooked_beef":15,"minecraft:cherry_log":2,"minecraft:cobbled_deepslate":5,"minecraft:cooked_mutton":5,"minecraft:water_bucket":6,"minecraft:birch_planks":7,"minecraft:birch_boat":4,"minecraft:cut_sandstone":1,"minecraft:crafting_table":14,"minecraft:red_bed":1,"minecraft:smoker":3,"minecraft:oak_log":2,"minecraft:iron_pickaxe":152,"minecraft:stone_axe":87,"minecraft:cobblestone":77,"minecraft:bucket":6,"born_in_chaos_v1:wood_splitter_axe":151,"minecraft:gray_wool":2}},"DataVersion":3465}