{"stats":{"minecraft:mined":{"born_in_chaos_v1:infected_diamond_ore":7,"minecraft:crafting_table":3,"born_in_chaos_v1:black_argillite":1,"minecraft:cobblestone":3,"minecraft:lapis_ore":2,"minecraft:sugar_cane":1,"minecraft:wall_torch":2,"farmersdelight:wild_beetroots":2,"gnumus:scion_weed":1,"minecraft:furnace":5,"minecraft:iron_ore":51,"minecraft:birch_leaves":1,"minecraft:andesite":4,"minecraft:grass":3,"minecraft:oak_log":17,"minecraft:coal_ore":36,"gnumus:fragile_gnumus_jug":1,"minecraft:stone":104,"minecraft:oak_leaves":10},"minecraft:picked_up":{"born_in_chaos_v1:diamond_termite_shard":2,"minecraft:crafting_table":3,"gnumus:gnumus_doubloons":2,"minecraft:chicken":1,"minecraft:glow_ink_sac":4,"minecraft:andesite":4,"minecraft:leather":3,"minecraft:oak_log":29,"minecraft:gunpowder":1,"born_in_chaos_v1:black_argillite":1,"minecraft:lapis_lazuli":8,"minecraft:apple":2,"minecraft:beef":11,"minecraft:sugar_cane":4,"minecraft:furnace":5,"minecraft:raw_iron":48,"minecraft:torch":3,"minecraft:porkchop":16,"born_in_chaos_v1:pieceofdarkmetal":1,"minecraft:spider_eye":1,"minecraft:rotten_flesh":3,"minecraft:oak_sapling":4,"minecraft:coal":34,"minecraft:cobblestone":105},"minecraft:crafted":{"minecraft:cooked_beef":4,"minecraft:oak_planks":68,"minecraft:cooked_porkchop":12,"minecraft:crafting_table":2,"minecraft:wooden_pickaxe":1,"minecraft:iron_helmet":1,"minecraft:iron_sword":1,"minecraft:furnace":5,"minecraft:bucket":1,"minecraft:stone_axe":1,"minecraft:air":0,"minecraft:iron_boots":1,"minecraft:iron_chestplate":1,"minecraft:shield":1,"minecraft:stick":24,"minecraft:iron_ingot":33,"minecraft:iron_pickaxe":1,"minecraft:stone_pickaxe":1,"minecraft:iron_leggings":1,"minecraft:torch":32},"minecraft:used":{"minecraft:water_bucket":3,"minecraft:stone_pickaxe":71,"minecraft:wooden_pickaxe":18,"minecraft:shield":10,"minecraft:iron_sword":37,"minecraft:torch":35,"minecraft:crafting_table":4,"minecraft:chicken":1,"minecraft:iron_pickaxe":133,"minecraft:stone_axe":52,"minecraft:cobblestone":46,"minecraft:porkchop":4,"minecraft:furnace":6,"minecraft:cooked_porkchop":8,"minecraft:bucket":3,"alexsmobs:animal_dictionary":2},"minecraft:dropped":{"minecraft:oak_log":12,"minecraft:andesite":4,"minecraft:oak_sapling":4,"minecraft:wooden_pickaxe":1},"minecraft:custom":{"minecraft:interact_with_furnace":46,"minecraft:mob_kills":21,"minecraft:interact_with_crafting_table":15,"minecraft:leave_game":2,"minecraft:time_since_death":42333,"minecraft:time_since_rest":42333,"minecraft:sprint_one_cm":92790,"minecraft:damage_taken":588,"minecraft:walk_one_cm":60680,"minecraft:damage_blocked_by_shield":330,"minecraft:drop":5,"minecraft:damage_dealt":2716,"minecraft:swim_one_cm":2359,"minecraft:fly_one_cm":234950,"minecraft:crouch_one_cm":28921,"minecraft:play_time":42333,"minecraft:sneak_time":10349,"minecraft:walk_under_water_one_cm":8241,"minecraft:jump":1087,"minecraft:walk_on_water_one_cm":4222,"minecraft:total_world_time":42333,"minecraft:fall_one_cm":35183},"minecraft:killed":{"minecraft:pig":7,"born_in_chaos_v1:diamond_termite":3,"minecraft:spider":2,"minecraft:skeleton":2,"minecraft:zombie":3,"minecraft:chicken":1,"minecraft:cow":3}},"DataVersion":3465}