{"stats":{"minecraft:picked_up":{"minecraft:crafting_table":1,"minecraft:apple":1,"minecraft:oak_log":11,"minecraft:oak_sapling":4,"minecraft:cobblestone":16},"minecraft:mined":{"minecraft:grass":1,"minecraft:oak_log":11,"minecraft:stone":16,"minecraft:crafting_table":1,"minecraft:oak_leaves":1},"minecraft:crafted":{"minecraft:oak_planks":20,"minecraft:stone_axe":1,"minecraft:crafting_table":1,"minecraft:stick":8,"minecraft:wooden_pickaxe":1,"minecraft:stone_pickaxe":1},"minecraft:used":{"minecraft:stone_axe":7,"minecraft:cobblestone":4,"minecraft:crafting_table":1,"minecraft:stone_pickaxe":1,"alexsmobs:animal_dictionary":1,"minecraft:wooden_pickaxe":18},"minecraft:dropped":{"minecraft:oak_sapling":4},"minecraft:custom":{"minecraft:time_since_rest":3675,"minecraft:crouch_one_cm":1400,"minecraft:play_time":3675,"minecraft:sprint_one_cm":2437,"minecraft:damage_taken":60,"minecraft:walk_one_cm":4133,"minecraft:sneak_time":505,"minecraft:drop":2,"minecraft:jump":42,"minecraft:damage_dealt":40,"minecraft:time_since_death":3675,"minecraft:total_world_time":3675,"minecraft:interact_with_crafting_table":2,"minecraft:fall_one_cm":1240,"minecraft:fly_one_cm":3967}},"DataVersion":3465}