{"stats":{"minecraft:custom":{"minecraft:mob_kills":73,"minecraft:interact_with_crafting_table":35,"minecraft:leave_game":2,"minecraft:time_since_death":975,"minecraft:climb_one_cm":343,"minecraft:sprint_one_cm":293705,"minecraft:walk_one_cm":248623,"minecraft:damage_blocked_by_shield":3310,"minecraft:drop":37,"minecraft:damage_dealt_absorbed":252,"minecraft:play_time":138328,"minecraft:deaths":3,"minecraft:sneak_time":14213,"minecraft:walk_under_water_one_cm":4263,"minecraft:boat_one_cm":122,"minecraft:jump":3487,"minecraft:walk_on_water_one_cm":3145,"minecraft:enchant_item":6,"minecraft:total_world_time":138328,"minecraft:interact_with_furnace":31,"minecraft:time_since_rest":1025,"minecraft:damage_taken":3302,"minecraft:damage_dealt":13667,"minecraft:swim_one_cm":8270,"minecraft:fly_one_cm":600899,"minecraft:open_chest":8,"minecraft:crouch_one_cm":48532,"minecraft:fall_one_cm":132518},"minecraft:used":{"minecraft:enchanting_table":1,"minecraft:flint_and_steel":1,"minecraft:shield":60,"minecraft:netherrack":143,"minecraft:torch":183,"minecraft:dirt":6,"minecraft:lava_bucket":10,"minecraft:iron_axe":127,"minecraft:crimson_planks":41,"minecraft:bow":1,"minecraft:furnace":12,"minecraft:cooked_beef":10,"minecraft:cooked_mutton":6,"minecraft:water_bucket":9,"minecraft:diorite":1,"minecraft:stone_pickaxe":181,"minecraft:oak_planks":15,"minecraft:wooden_pickaxe":23,"minecraft:crafting_table":11,"minecraft:mushroom_stew":9,"minecraft:warped_planks":28,"minecraft:diamond_pickaxe":546,"minecraft:bread":1,"minecraft:iron_pickaxe":170,"minecraft:stone_axe":72,"minecraft:diamond_sword":96,"minecraft:cobblestone":135,"minecraft:porkchop":3,"minecraft:cooked_porkchop":13,"minecraft:bucket":20,"minecraft:oak_boat":8},"minecraft:broken":{"minecraft:stone_pickaxe":1,"minecraft:shield":1},"minecraft:killed":{"dungeonsweaponry:wraith":1,"minecraft:spider":4,"dungeonsweaponry:enchanter":1,"minecraft:skeleton":15,"minecraft:piglin":3,"minecraft:pig":8,"minecraft:sheep":3,"minecraft:zombie":20,"dungeonsweaponry:geomancer":1,"minecraft:wither_skeleton":4,"minecraft:blaze":2,"minecraft:cow":6,"minecraft:enderman":5},"minecraft:picked_up":{"minecraft:crafting_table":10,"minecraft:nether_wart":20,"minecraft:nether_brick_fence":2,"minecraft:brown_mushroom":9,"minecraft:diamond_sword":1,"minecraft:string":1,"minecraft:gold_nugget":13,"minecraft:cobbled_deepslate":5,"minecraft:beef":10,"minecraft:oak_boat":8,"minecraft:sugar_cane":11,"minecraft:furnace":12,"minecraft:stick":2,"minecraft:raw_iron":46,"sophisticatedbackpacks:backpack":1,"minecraft:porkchop":16,"minecraft:pointed_dripstone":1,"minecraft:diorite":2,"minecraft:warped_planks":2,"minecraft:redstone":53,"minecraft:arrow":7,"minecraft:rotten_flesh":8,"sophisticatedbackpacks:copper_backpack":1,"minecraft:blaze_rod":1,"minecraft:mutton":6,"minecraft:obsidian":4,"minecraft:white_wool":3,"minecraft:cobblestone":179,"minecraft:enchanting_table":1,"minecraft:cooked_beef":3,"minecraft:crimson_stem":14,"minecraft:andesite":2,"minecraft:leather":7,"minecraft:red_mushroom":15,"minecraft:flint":1,"minecraft:oak_log":19,"minecraft:nether_wart_block":1,"minecraft:lapis_lazuli":64,"minecraft:dirt":9,"minecraft:leather_boots":2,"minecraft:bone":15,"minecraft:bow":1,"minecraft:wheat_seeds":1,"minecraft:raw_gold":24,"minecraft:warped_stem":8,"minecraft:glowstone_dust":30,"minecraft:oak_planks":25,"minecraft:soul_sand":20,"minecraft:warped_fungus":1,"minecraft:quartz":23,"minecraft:dripstone_block":1,"minecraft:gravel":1,"minecraft:diamond":8,"minecraft:emerald":2,"minecraft:warped_roots":4,"minecraft:netherrack":485,"minecraft:warped_nylium":1,"minecraft:coal":67,"minecraft:ender_pearl":1},"minecraft:killed_by":{"dungeonsweaponry:enchanter":1},"minecraft:crafted":{"minecraft:oak_planks":76,"minecraft:furnace":4,"minecraft:mushroom_stew":9,"minecraft:cooked_mutton":6,"minecraft:flint_and_steel":1,"minecraft:warped_planks":32,"minecraft:iron_boots":1,"minecraft:iron_axe":1,"minecraft:stone_pickaxe":2,"minecraft:cooked_beef":7,"minecraft:crimson_planks":56,"minecraft:diamond_sword":1,"minecraft:cooked_porkchop":13,"minecraft:crafting_table":3,"minecraft:enchanting_table":1,"minecraft:wooden_pickaxe":1,"minecraft:iron_helmet":1,"minecraft:bowl":4,"minecraft:bucket":1,"minecraft:stone_axe":2,"minecraft:air":0,"minecraft:oak_boat":1,"minecraft:iron_chestplate":1,"minecraft:book":3,"minecraft:paper":9,"minecraft:diamond_pickaxe":1,"minecraft:shield":2,"minecraft:stick":76,"minecraft:iron_ingot":36,"minecraft:iron_pickaxe":1,"minecraft:iron_leggings":1,"minecraft:torch":240},"minecraft:dropped":{"minecraft:bread":1,"minecraft:wheat_seeds":1,"minecraft:warped_fungus":1,"minecraft:dripstone_block":1,"minecraft:warped_roots":4,"minecraft:dirt":3,"minecraft:diorite":1,"sophisticatedbackpacks:jukebox_upgrade":1,"minecraft:string":3,"minecraft:gravel":1,"minecraft:stone_axe":2,"minecraft:sugar_cane":2,"minecraft:warped_nylium":1,"minecraft:cobbled_deepslate":5,"minecraft:bowl":1,"minecraft:pointed_dripstone":1,"minecraft:rotten_flesh":10,"sophisticatedbackpacks:backpack":1,"minecraft:diamond_sword":1,"minecraft:andesite":2,"minecraft:beetroot_seeds":2,"minecraft:leather_boots":2,"minecraft:bow":1,"minecraft:stone_pickaxe":1,"minecraft:wooden_pickaxe":1,"minecraft:netherrack":1},"minecraft:mined":{"minecraft:nether_gold_ore":3,"minecraft:deepslate_diamond_ore":8,"minecraft:obsidian":4,"minecraft:glow_lichen":1,"minecraft:grass_block":1,"minecraft:red_mushroom":19,"minecraft:nether_wart":20,"minecraft:crimson_stem":14,"minecraft:glowstone":11,"minecraft:furnace":12,"minecraft:nether_sprouts":1,"minecraft:iron_ore":33,"minecraft:andesite":2,"minecraft:deepslate_lapis_ore":10,"minecraft:enchanting_table":1,"minecraft:nether_brick_fence":3,"minecraft:deepslate_iron_ore":13,"minecraft:warped_stem":8,"minecraft:stone":170,"minecraft:deepslate_redstone_ore":12,"minecraft:brown_mushroom":9,"minecraft:soul_sand":20,"minecraft:crafting_table":10,"minecraft:warped_roots":3,"minecraft:nether_quartz_ore":23,"minecraft:tall_grass":1,"minecraft:cobblestone":10,"minecraft:deepslate_gold_ore":24,"minecraft:sugar_cane":4,"minecraft:oak_planks":1,"minecraft:diorite":1,"minecraft:warped_nylium":3,"minecraft:nether_wart_block":1,"minecraft:warped_planks":2,"minecraft:grass":6,"minecraft:coal_ore":67,"minecraft:oak_log":19,"minecraft:dirt":8,"minecraft:gravel":2,"minecraft:dripstone_block":1,"minecraft:netherrack":496,"minecraft:oak_leaves":1,"minecraft:deepslate":7}},"DataVersion":3465}