{"stats":{"minecraft:crafted":{"minecraft:oak_planks":76,"minecraft:furnace":4,"minecraft:mushroom_stew":9,"minecraft:cooked_mutton":37,"minecraft:flint_and_steel":1,"minecraft:warped_planks":32,"minecraft:iron_boots":1,"minecraft:iron_axe":1,"minecraft:stone_pickaxe":2,"minecraft:cooked_beef":7,"minecraft:crimson_planks":56,"minecraft:diamond_sword":1,"minecraft:cooked_porkchop":42,"minecraft:crafting_table":3,"minecraft:enchanting_table":1,"minecraft:wooden_pickaxe":1,"minecraft:iron_helmet":1,"minecraft:bowl":4,"minecraft:bucket":1,"minecraft:stone_axe":2,"minecraft:air":0,"minecraft:oak_boat":1,"minecraft:iron_chestplate":1,"minecraft:book":3,"minecraft:paper":9,"minecraft:diamond_pickaxe":1,"minecraft:shield":2,"minecraft:stick":76,"minecraft:iron_ingot":36,"minecraft:iron_pickaxe":1,"minecraft:iron_leggings":1,"minecraft:torch":240},"minecraft:killed":{"dungeonsweaponry:wraith":1,"minecraft:spider":4,"dungeonsweaponry:enchanter":1,"minecraft:skeleton":20,"minecraft:piglin":3,"minecraft:pig":24,"minecraft:creeper":2,"minecraft:sheep":23,"minecraft:zombie":22,"dungeonsweaponry:geomancer":1,"minecraft:wither_skeleton":4,"minecraft:cow":9,"minecraft:enderman":5,"minecraft:blaze":2},"minecraft:killed_by":{"dungeonsweaponry:enchanter":1},"minecraft:picked_up":{"minecraft:crafting_table":10,"minecraft:nether_brick_fence":2,"minecraft:nether_wart":20,"minecraft:brown_mushroom":9,"minecraft:diamond_sword":1,"minecraft:string":1,"minecraft:cobbled_deepslate":5,"minecraft:gold_nugget":13,"minecraft:beef":18,"minecraft:oak_boat":8,"minecraft:sugar_cane":25,"minecraft:egg":1,"minecraft:furnace":16,"minecraft:stick":2,"minecraft:raw_iron":57,"minecraft:torch":1,"sophisticatedbackpacks:backpack":1,"minecraft:porkchop":52,"minecraft:pointed_dripstone":2,"minecraft:diorite":2,"minecraft:warped_planks":2,"minecraft:redstone":53,"minecraft:arrow":8,"minecraft:rotten_flesh":8,"sophisticatedbackpacks:copper_backpack":1,"minecraft:blaze_rod":1,"minecraft:obsidian":4,"minecraft:mutton":37,"minecraft:white_wool":20,"minecraft:cobblestone":183,"minecraft:enchanting_table":1,"minecraft:cooked_beef":3,"minecraft:crimson_stem":14,"minecraft:andesite":3,"minecraft:leather":9,"minecraft:red_mushroom":15,"minecraft:flint":1,"minecraft:oak_log":19,"minecraft:nether_wart_block":1,"minecraft:gunpowder":2,"minecraft:lapis_lazuli":91,"minecraft:dirt":9,"minecraft:leather_boots":2,"minecraft:bone":16,"minecraft:bow":1,"minecraft:wheat_seeds":4,"minecraft:raw_gold":26,"minecraft:warped_stem":8,"minecraft:glowstone_dust":30,"minecraft:oak_planks":25,"minecraft:soul_sand":20,"minecraft:book":3,"minecraft:warped_fungus":1,"minecraft:quartz":23,"minecraft:dripstone_block":2,"minecraft:gravel":1,"minecraft:diamond":8,"minecraft:emerald":2,"minecraft:warped_roots":4,"minecraft:black_wool":2,"minecraft:warped_nylium":1,"minecraft:netherrack":491,"minecraft:coal":102,"minecraft:ender_pearl":1},"minecraft:used":{"minecraft:enchanting_table":1,"minecraft:flint_and_steel":1,"minecraft:shield":71,"minecraft:netherrack":150,"minecraft:torch":204,"minecraft:dirt":6,"minecraft:lava_bucket":10,"minecraft:iron_axe":128,"minecraft:crimson_planks":41,"minecraft:bow":1,"minecraft:beef":8,"minecraft:furnace":16,"minecraft:cooked_beef":10,"minecraft:cooked_mutton":10,"minecraft:water_bucket":15,"minecraft:diorite":1,"minecraft:stone_pickaxe":181,"minecraft:oak_planks":15,"minecraft:wooden_pickaxe":23,"minecraft:crafting_table":11,"minecraft:mushroom_stew":9,"minecraft:dripstone_block":1,"minecraft:warped_planks":28,"minecraft:diamond_pickaxe":620,"minecraft:bread":1,"minecraft:iron_pickaxe":170,"minecraft:stone_axe":72,"minecraft:diamond_sword":186,"minecraft:cobblestone":135,"minecraft:porkchop":10,"minecraft:cooked_porkchop":14,"minecraft:bucket":26,"minecraft:oak_boat":8},"minecraft:broken":{"minecraft:stone_pickaxe":1,"minecraft:shield":1},"minecraft:mined":{"minecraft:nether_gold_ore":3,"minecraft:deepslate_diamond_ore":8,"minecraft:obsidian":4,"minecraft:glow_lichen":1,"minecraft:grass_block":1,"minecraft:red_mushroom":19,"minecraft:nether_wart":20,"minecraft:crimson_stem":14,"minecraft:glowstone":11,"minecraft:furnace":16,"minecraft:nether_sprouts":1,"minecraft:iron_ore":35,"minecraft:andesite":3,"minecraft:deepslate_lapis_ore":11,"minecraft:enchanting_table":1,"minecraft:nether_brick_fence":3,"minecraft:bookshelf":1,"minecraft:pointed_dripstone":1,"minecraft:deepslate_iron_ore":22,"minecraft:warped_stem":8,"minecraft:stone":175,"minecraft:deepslate_redstone_ore":12,"minecraft:brown_mushroom":9,"minecraft:soul_sand":20,"minecraft:crafting_table":10,"minecraft:torch":1,"minecraft:warped_roots":3,"minecraft:nether_quartz_ore":23,"minecraft:tall_grass":2,"minecraft:cobblestone":10,"minecraft:lapis_ore":3,"minecraft:deepslate_gold_ore":26,"minecraft:sugar_cane":9,"minecraft:oak_planks":1,"minecraft:diorite":2,"minecraft:warped_nylium":3,"minecraft:nether_wart_block":1,"minecraft:warped_planks":2,"minecraft:grass":16,"minecraft:oak_log":19,"minecraft:coal_ore":103,"minecraft:gravel":2,"minecraft:dripstone_block":2,"minecraft:dirt":8,"minecraft:netherrack":504,"minecraft:oak_leaves":1,"minecraft:deepslate":7},"minecraft:custom":{"minecraft:mob_kills":121,"minecraft:interact_with_crafting_table":35,"minecraft:open_barrel":3,"minecraft:leave_game":2,"minecraft:time_since_death":20494,"minecraft:climb_one_cm":343,"minecraft:sprint_one_cm":351377,"minecraft:walk_one_cm":289416,"minecraft:damage_blocked_by_shield":3940,"minecraft:drop":41,"minecraft:damage_dealt_absorbed":252,"minecraft:play_time":157847,"minecraft:deaths":3,"minecraft:sneak_time":15325,"minecraft:walk_under_water_one_cm":8343,"minecraft:boat_one_cm":122,"minecraft:jump":4291,"minecraft:walk_on_water_one_cm":9116,"minecraft:enchant_item":6,"minecraft:total_world_time":157847,"minecraft:interact_with_furnace":49,"minecraft:time_since_rest":20544,"minecraft:damage_taken":3990,"minecraft:damage_dealt":19125,"minecraft:swim_one_cm":11990,"minecraft:player_kills":1,"minecraft:fly_one_cm":760646,"minecraft:open_chest":9,"minecraft:crouch_one_cm":51834,"minecraft:fall_one_cm":168001},"minecraft:dropped":{"minecraft:bread":1,"minecraft:wheat_seeds":2,"minecraft:warped_fungus":1,"minecraft:dripstone_block":1,"minecraft:warped_roots":4,"minecraft:dirt":3,"minecraft:diorite":1,"sophisticatedbackpacks:jukebox_upgrade":1,"minecraft:string":3,"minecraft:gravel":1,"minecraft:stone_axe":2,"minecraft:sugar_cane":2,"minecraft:warped_nylium":1,"minecraft:cobbled_deepslate":5,"minecraft:bowl":1,"minecraft:pointed_dripstone":1,"minecraft:rotten_flesh":10,"sophisticatedbackpacks:backpack":1,"minecraft:diamond_sword":1,"minecraft:andesite":3,"minecraft:beetroot_seeds":2,"minecraft:leather_boots":2,"minecraft:wooden_pickaxe":1,"minecraft:bow":1,"minecraft:stone_pickaxe":1,"minecraft:black_wool":2,"minecraft:netherrack":1}},"DataVersion":3465}