{"stats":{"minecraft:broken":{"minecraft:iron_sword":1},"minecraft:mined":{"minecraft:white_bed":1,"minecraft:deepslate_diamond_ore":4,"minecraft:grass_block":2,"farmersdelight:wild_cabbages":14,"born_in_chaos_v1:gnawed_bones":1,"minecraft:furnace":7,"minecraft:iron_ore":9,"minecraft:azure_bluet":1,"minecraft:deepslate_iron_ore":7,"gnumus:fragile_gnumus_jug":2,"minecraft:stone":43,"minecraft:brown_mushroom":4,"minecraft:crafting_table":10,"minecraft:torch":6,"minecraft:tall_grass":3,"minecraft:sugar_cane":6,"minecraft:diorite":1,"minecraft:wall_torch":4,"farmersdelight:sandy_shrub":2,"minecraft:birch_leaves":2,"born_in_chaos_v1:river_mint":3,"minecraft:grass":21,"minecraft:oak_log":60,"minecraft:coal_ore":61,"born_in_chaos_v1:rotten_soil":1,"minecraft:gray_carpet":3,"minecraft:oak_leaves":8,"minecraft:deepslate":7,"minecraft:fern":1},"minecraft:picked_up":{"minecraft:fishing_rod":2,"minecraft:crafting_table":11,"minecraft:chicken":6,"born_in_chaos_v1:river_mint":3,"gnumus:gnumus_claw":7,"minecraft:brown_mushroom":4,"born_in_chaos_v1:bloody_gadfly_eye":1,"minecraft:string":9,"minecraft:raw_copper":2,"minecraft:white_carpet":1,"minecraft:cobbled_deepslate":6,"gnumus:packaged_goods":1,"born_in_chaos_v1:gnawed_bones":2,"alexsmobs:raccoon_tail":4,"born_in_chaos_v1:stimulating_decoction":2,"minecraft:sugar_cane":14,"farmersdelight:cabbage_seeds":15,"minecraft:egg":2,"minecraft:furnace":7,"minecraft:raw_iron":16,"born_in_chaos_v1:shattered_skull":1,"minecraft:torch":10,"minecraft:acacia_log":1,"minecraft:porkchop":24,"minecraft:diorite":1,"minecraft:rotten_flesh":8,"gnumus:mouse_skin":18,"minecraft:glow_berries":6,"minecraft:mutton":14,"minecraft:white_wool":7,"minecraft:cobblestone":40,"born_in_chaos_v1:corpse_maggot":6,"gnumus:gnumus_doubloons":4,"minecraft:feather":13,"born_in_chaos_v1:monster_flesh":2,"minecraft:golden_carrot":3,"minecraft:salmon":6,"minecraft:leather":4,"minecraft:oak_log":59,"minecraft:lily_pad":1,"minecraft:paper":1,"minecraft:dirt":3,"gnumus:gnumus_pouch_2":3,"born_in_chaos_v1:monster_skin":3,"minecraft:cooked_mutton":1,"minecraft:bone":23,"minecraft:wheat_seeds":3,"minecraft:rabbit_hide":4,"minecraft:iron_ingot":1,"born_in_chaos_v1:ethereal_spirit":1,"born_in_chaos_v1:dark_rod":1,"minecraft:white_bed":1,"minecraft:diamond":4,"gnumus:gnumus_clay":12,"minecraft:bone_meal":1,"minecraft:coal":117},"minecraft:killed_by":{"alexsmobs:bison":1},"minecraft:crafted":{"minecraft:oak_planks":64,"born_in_chaos_v1:rotten_soil":1,"minecraft:cooked_chicken":4,"minecraft:furnace":3,"minecraft:cooked_mutton":13,"minecraft:stone_pickaxe":1,"minecraft:chest":2,"minecraft:sugar":2,"born_in_chaos_v1:mint_candy":2,"sophisticatedbackpacks:backpack":1,"minecraft:cooked_porkchop":24,"minecraft:crafting_table":2,"minecraft:wooden_pickaxe":1,"minecraft:iron_sword":1,"minecraft:bone":6,"minecraft:stone_axe":1,"minecraft:air":0,"minecraft:iron_chestplate":1,"minecraft:shield":1,"minecraft:stick":16,"minecraft:iron_pickaxe":1,"minecraft:iron_ingot":16,"minecraft:wooden_axe":1,"minecraft:white_bed":1,"minecraft:torch":16},"minecraft:used":{"minecraft:shield":13,"minecraft:iron_sword":272,"minecraft:cooked_chicken":4,"minecraft:rotten_flesh":2,"minecraft:torch":17,"born_in_chaos_v1:corpse_maggot":1,"minecraft:wooden_axe":9,"born_in_chaos_v1:mint_candy":2,"born_in_chaos_v1:rotten_soil":1,"born_in_chaos_v1:gnawed_bones":1,"minecraft:golden_carrot":2,"minecraft:furnace":8,"minecraft:egg":1,"minecraft:cooked_mutton":6,"minecraft:stone_pickaxe":75,"minecraft:oak_planks":17,"minecraft:wooden_pickaxe":3,"born_in_chaos_v1:stimulating_decoction":1,"minecraft:glow_berries":2,"minecraft:crafting_table":12,"minecraft:white_bed":2,"minecraft:iron_pickaxe":70,"minecraft:stone_axe":80,"minecraft:fishing_rod":14,"minecraft:cobblestone":14,"minecraft:cooked_porkchop":13,"alexsmobs:animal_dictionary":13},"minecraft:custom":{"minecraft:mob_kills":74,"minecraft:interact_with_crafting_table":22,"minecraft:interact_with_campfire":1,"minecraft:damage_dealt_resisted":106,"minecraft:leave_game":4,"minecraft:time_since_death":37353,"minecraft:sprint_one_cm":289869,"minecraft:walk_one_cm":214925,"minecraft:damage_blocked_by_shield":370,"minecraft:drop":37,"minecraft:play_time":85873,"minecraft:deaths":3,"minecraft:sneak_time":5099,"minecraft:walk_under_water_one_cm":26440,"minecraft:jump":1765,"minecraft:walk_on_water_one_cm":14856,"minecraft:total_world_time":85873,"minecraft:interact_with_furnace":45,"minecraft:sleep_in_bed":1,"minecraft:time_since_rest":3176,"minecraft:damage_taken":2522,"minecraft:damage_dealt":9812,"minecraft:fly_one_cm":374026,"minecraft:swim_one_cm":64510,"minecraft:player_kills":1,"minecraft:open_chest":3,"minecraft:crouch_one_cm":18545,"minecraft:fish_caught":10,"minecraft:fall_one_cm":50754},"minecraft:dropped":{"minecraft:brown_mushroom":4,"minecraft:wheat_seeds":3,"minecraft:glass_bottle":1,"minecraft:acacia_log":1,"minecraft:stick":1,"minecraft:dirt":2,"minecraft:diorite":1,"born_in_chaos_v1:river_mint":2,"minecraft:golden_carrot":1,"minecraft:wooden_axe":1,"minecraft:bone_meal":1,"minecraft:paper":1,"minecraft:bone":21,"minecraft:cobbled_deepslate":2,"minecraft:raw_copper":2,"farmersdelight:cabbage_seeds":15,"minecraft:chicken":2,"minecraft:rotten_flesh":5,"minecraft:salmon":6,"gnumus:gnumus_doubloons":4,"minecraft:rabbit_hide":4,"born_in_chaos_v1:corpse_maggot":1,"minecraft:chest":1,"minecraft:wooden_pickaxe":1,"minecraft:egg":1},"minecraft:killed":{"born_in_chaos_v1:zombie_lumberjack":1,"alexsmobs:raccoon":6,"minecraft:spider":4,"born_in_chaos_v1:maggot":1,"minecraft:horse":3,"minecraft:skeleton":1,"alexsmobs:blue_jay":1,"minecraft:chicken":5,"gnumus:pitcher_mousse":3,"born_in_chaos_v1:corpse_fish":1,"gnumus:gnumus_hunter_not_dispawn":3,"minecraft:pig":11,"minecraft:salmon":3,"gnumus:marsupial_mousse":1,"born_in_chaos_v1:decrepit_skeleton":1,"minecraft:sheep":8,"gnumus:gnumus_merchant":1,"alexsmobs:catfish":1,"born_in_chaos_v1:bloody_gadfly":1,"born_in_chaos_v1:zombie_fisherman":1,"minecraft:zombie":7,"alexsmobs:cockroach":2,"born_in_chaos_v1:dread_hound":4,"born_in_chaos_v1:corpse_fly":1,"born_in_chaos_v1:dark_vortex":1,"alexsmobs:crow":1,"minecraft:cow":1}},"DataVersion":3465}