{"stats":{"minecraft:broken":{"minecraft:iron_sword":1},"minecraft:mined":{"alexscaves:spelunkery_table":1,"minecraft:white_bed":1,"minecraft:deepslate_diamond_ore":11,"minecraft:granite":1,"minecraft:grass_block":3,"born_in_chaos_v1:black_argillite":12,"farmersdelight:wild_cabbages":14,"born_in_chaos_v1:gnawed_bones":1,"minecraft:sculk_catalyst":2,"minecraft:furnace":9,"minecraft:iron_ore":78,"minecraft:cobbled_deepslate":1,"minecraft:andesite":9,"minecraft:azure_bluet":1,"minecraft:deepslate_iron_ore":11,"minecraft:stripped_oak_log":1,"gnumus:fragile_gnumus_jug":2,"minecraft:stone":80,"minecraft:deepslate_redstone_ore":4,"minecraft:brown_mushroom":4,"minecraft:crafting_table":14,"minecraft:torch":6,"minecraft:sculk_sensor":1,"minecraft:tall_grass":3,"minecraft:sugar_cane":6,"minecraft:sculk":6,"minecraft:diorite":1,"minecraft:wall_torch":4,"farmersdelight:sandy_shrub":2,"minecraft:birch_leaves":2,"born_in_chaos_v1:river_mint":3,"minecraft:grass":21,"minecraft:oak_log":60,"minecraft:coal_ore":91,"minecraft:gravel":1,"born_in_chaos_v1:rotten_soil":1,"minecraft:dirt":2,"minecraft:gray_carpet":3,"minecraft:stonecutter":1,"minecraft:oak_leaves":8,"minecraft:deepslate":8,"minecraft:fern":1},"minecraft:picked_up":{"minecraft:fishing_rod":2,"minecraft:crafting_table":16,"minecraft:chicken":6,"born_in_chaos_v1:river_mint":3,"gnumus:gnumus_claw":7,"minecraft:brown_mushroom":4,"born_in_chaos_v1:bloody_gadfly_eye":1,"born_in_chaos_v1:black_argillite":12,"minecraft:string":11,"minecraft:raw_copper":2,"minecraft:white_carpet":1,"minecraft:cobbled_deepslate":7,"gnumus:packaged_goods":1,"born_in_chaos_v1:gnawed_bones":2,"minecraft:iron_pickaxe":1,"alexsmobs:raccoon_tail":4,"born_in_chaos_v1:stimulating_decoction":2,"minecraft:sugar_cane":14,"farmersdelight:cabbage_seeds":15,"minecraft:furnace":9,"minecraft:egg":2,"minecraft:raw_iron":86,"born_in_chaos_v1:shattered_skull":1,"minecraft:torch":10,"minecraft:acacia_log":1,"minecraft:porkchop":24,"minecraft:diorite":1,"minecraft:redstone":18,"minecraft:rotten_flesh":15,"alexscaves:spelunkery_table":1,"gnumus:mouse_skin":18,"minecraft:glow_berries":6,"minecraft:mutton":14,"minecraft:white_wool":8,"minecraft:cobblestone":77,"born_in_chaos_v1:fused_bone":1,"born_in_chaos_v1:corpse_maggot":7,"gnumus:gnumus_doubloons":4,"minecraft:feather":13,"minecraft:golden_carrot":3,"born_in_chaos_v1:monster_flesh":2,"minecraft:andesite":8,"minecraft:salmon":6,"minecraft:leather":4,"minecraft:oak_log":59,"minecraft:lily_pad":1,"minecraft:paper":1,"minecraft:dirt":6,"gnumus:gnumus_pouch_2":3,"born_in_chaos_v1:monster_skin":3,"minecraft:cooked_mutton":1,"minecraft:bone":24,"minecraft:stonecutter":1,"minecraft:wheat_seeds":3,"minecraft:rabbit_hide":4,"minecraft:iron_ingot":11,"born_in_chaos_v1:ethereal_spirit":3,"born_in_chaos_v1:dark_rod":1,"minecraft:blast_furnace":1,"minecraft:white_bed":1,"minecraft:diamond":11,"gnumus:gnumus_clay":12,"minecraft:granite":1,"minecraft:bone_meal":1,"minecraft:coal":151},"minecraft:killed_by":{"alexsmobs:bison":1},"minecraft:crafted":{"minecraft:oak_planks":76,"born_in_chaos_v1:rotten_soil":1,"minecraft:cooked_chicken":4,"minecraft:furnace":3,"alexscaves:cave_map":1,"minecraft:cooked_mutton":13,"minecraft:iron_boots":1,"minecraft:stone_pickaxe":1,"minecraft:chest":2,"minecraft:sugar":2,"born_in_chaos_v1:mint_candy":2,"sophisticatedbackpacks:backpack":1,"minecraft:cooked_porkchop":24,"minecraft:crafting_table":2,"minecraft:iron_helmet":1,"minecraft:wooden_pickaxe":1,"minecraft:iron_sword":2,"minecraft:bucket":1,"minecraft:bone":6,"minecraft:stone_axe":1,"born_in_chaos_v1:bone_heart":1,"minecraft:air":0,"minecraft:iron_chestplate":1,"minecraft:shield":1,"minecraft:stick":40,"minecraft:iron_ingot":60,"minecraft:iron_pickaxe":4,"minecraft:wooden_axe":1,"minecraft:iron_leggings":1,"minecraft:white_bed":1,"minecraft:torch":84},"minecraft:used":{"minecraft:shield":15,"minecraft:iron_sword":307,"minecraft:cooked_chicken":4,"minecraft:rotten_flesh":2,"minecraft:torch":32,"born_in_chaos_v1:corpse_maggot":1,"minecraft:wooden_axe":9,"born_in_chaos_v1:mint_candy":2,"born_in_chaos_v1:rotten_soil":1,"born_in_chaos_v1:gnawed_bones":1,"minecraft:golden_carrot":2,"minecraft:furnace":10,"minecraft:egg":1,"minecraft:cobbled_deepslate":1,"minecraft:cooked_mutton":11,"minecraft:stone_pickaxe":88,"minecraft:oak_planks":17,"minecraft:wooden_pickaxe":3,"born_in_chaos_v1:stimulating_decoction":1,"minecraft:glow_berries":2,"minecraft:crafting_table":17,"alexscaves:cave_book":1,"minecraft:white_bed":2,"minecraft:iron_pickaxe":259,"minecraft:stone_axe":99,"minecraft:fishing_rod":14,"minecraft:cobblestone":22,"minecraft:cooked_porkchop":19,"alexsmobs:animal_dictionary":13},"minecraft:custom":{"minecraft:mob_kills":90,"minecraft:interact_with_crafting_table":33,"minecraft:open_barrel":2,"minecraft:interact_with_campfire":1,"minecraft:damage_dealt_resisted":106,"minecraft:leave_game":6,"minecraft:time_since_death":53996,"minecraft:damage_resisted":19,"minecraft:sprint_one_cm":356253,"minecraft:walk_one_cm":285023,"minecraft:damage_blocked_by_shield":410,"minecraft:drop":40,"minecraft:play_time":142452,"minecraft:sneak_time":9178,"minecraft:deaths":4,"minecraft:walk_under_water_one_cm":27204,"minecraft:jump":2454,"minecraft:interact_with_blast_furnace":1,"minecraft:walk_on_water_one_cm":18944,"minecraft:total_world_time":142452,"minecraft:interact_with_furnace":77,"minecraft:interact_with_loom":6,"minecraft:sleep_in_bed":2,"minecraft:time_since_rest":15271,"minecraft:damage_taken":3687,"minecraft:damage_dealt":12477,"minecraft:player_kills":1,"minecraft:swim_one_cm":67874,"minecraft:fly_one_cm":494253,"minecraft:open_chest":3,"minecraft:crouch_one_cm":34368,"minecraft:fish_caught":10,"minecraft:fall_one_cm":80292},"minecraft:dropped":{"minecraft:brown_mushroom":4,"minecraft:wheat_seeds":3,"minecraft:glass_bottle":1,"minecraft:acacia_log":1,"minecraft:stick":1,"minecraft:dirt":2,"minecraft:diorite":1,"born_in_chaos_v1:river_mint":2,"minecraft:golden_carrot":1,"minecraft:wooden_axe":1,"minecraft:bone_meal":1,"minecraft:iron_pickaxe":1,"minecraft:paper":1,"minecraft:bone":21,"minecraft:cobbled_deepslate":2,"minecraft:raw_copper":2,"alexscaves:cave_tablet":2,"farmersdelight:cabbage_seeds":15,"minecraft:chicken":2,"minecraft:rotten_flesh":5,"minecraft:salmon":6,"gnumus:gnumus_doubloons":4,"minecraft:rabbit_hide":4,"born_in_chaos_v1:corpse_maggot":1,"minecraft:chest":1,"minecraft:wooden_pickaxe":1,"minecraft:egg":1},"minecraft:killed":{"born_in_chaos_v1:restless_spirit":1,"born_in_chaos_v1:zombie_lumberjack":1,"alexsmobs:raccoon":6,"minecraft:spider":7,"born_in_chaos_v1:siamese_skeletonsright":1,"born_in_chaos_v1:maggot":2,"minecraft:skeleton":2,"minecraft:horse":3,"alexsmobs:blue_jay":1,"minecraft:chicken":5,"gnumus:pitcher_mousse":3,"born_in_chaos_v1:corpse_fish":1,"gnumus:gnumus_hunter_not_dispawn":3,"minecraft:pig":11,"minecraft:salmon":3,"gnumus:marsupial_mousse":1,"born_in_chaos_v1:decrepit_skeleton":2,"minecraft:sheep":8,"gnumus:gnumus_merchant":1,"alexsmobs:catfish":1,"born_in_chaos_v1:bloody_gadfly":1,"born_in_chaos_v1:zombie_fisherman":1,"minecraft:zombie":14,"alexsmobs:cockroach":2,"born_in_chaos_v1:dread_hound":4,"born_in_chaos_v1:corpse_fly":1,"born_in_chaos_v1:dark_vortex":1,"alexsmobs:crow":1,"minecraft:cow":1}},"DataVersion":3465}