{"stats":{"minecraft:killed":{"alexsmobs:lobster":5,"born_in_chaos_v1:mr_pumpkin":19,"born_in_chaos_v1:restless_spirit":6,"born_in_chaos_v1:zombie_lumberjack":3,"born_in_chaos_v1:sir_the_headless":2,"born_in_chaos_v1:door_knight_not_despawn":2,"born_in_chaos_v1:pumpkin_spirit":1,"minecraft:spider":22,"born_in_chaos_v1:siamese_skeletonsright":1,"born_in_chaos_v1:baby_skeleton_minion":2,"born_in_chaos_v1:scarlet_persecutor":4,"minecraft:skeleton":10,"minecraft:chicken":5,"gnumus:pitcher_mousse":4,"alexsmobs:centipede_head":1,"born_in_chaos_v1:supreme_bonescaller_stage_2":1,"minecraft:magma_cube":5,"minecraft:pig":13,"born_in_chaos_v1:diamond_termite":8,"minecraft:salmon":3,"gnumus:big_snout":2,"minecraft:creeper":1,"alexsmobs:crimson_mosquito":1,"gnumus:marsupial_mousse":1,"minecraft:sheep":14,"born_in_chaos_v1:zombie_fisherman":2,"minecraft:zombie":51,"born_in_chaos_v1:dread_hound":10,"alexsmobs:terrapin":3,"born_in_chaos_v1:corpse_fly":6,"minecraft:glow_squid":6,"minecraft:cow":3,"alexsmobs:raccoon":6,"alexsmobs:tasmanian_devil":2,"born_in_chaos_v1:zombie_bruiser":1,"born_in_chaos_v1:maggot":17,"alexsmobs:gorilla":1,"born_in_chaos_v1:pumpkinhead":1,"minecraft:horse":3,"alexsmobs:blue_jay":1,"gnumus:gnumus_hunter":4,"minecraft:drowned":8,"born_in_chaos_v1:corpse_fish":2,"alexsmobs:flying_fish":7,"born_in_chaos_v1:barrel_zombie":3,"gnumus:gnumus_hunter_not_dispawn":5,"born_in_chaos_v1:fallen_chaos_knight":2,"born_in_chaos_v1:felsteed":3,"born_in_chaos_v1:bone_imp_minion":3,"born_in_chaos_v1:baby_skeleton":1,"born_in_chaos_v1:decrepit_skeleton":10,"gnumus:gnumus_merchant":1,"born_in_chaos_v1:phantom_creeper_copy":1,"alexsmobs:catfish":2,"born_in_chaos_v1:bloody_gadfly":1,"alexsmobs:cockroach":5,"born_in_chaos_v1:dark_vortex":3,"born_in_chaos_v1:nightmare_stalker":1,"alexsmobs:crow":1,"minecraft:enderman":2},"minecraft:custom":{"minecraft:interact_with_crafting_table":57,"minecraft:open_barrel":37,"minecraft:leave_game":11,"minecraft:time_since_death":46423,"minecraft:damage_resisted":177,"minecraft:sprint_one_cm":1078906,"minecraft:damage_blocked_by_shield":3380,"minecraft:drop":139,"minecraft:talked_to_villager":10,"minecraft:play_time":462604,"minecraft:deaths":43,"minecraft:jump":7554,"minecraft:walk_on_water_one_cm":118406,"minecraft:interact_with_furnace":115,"minecraft:interact_with_loom":6,"minecraft:sleep_in_bed":7,"minecraft:damage_dealt":60085,"minecraft:player_kills":4,"minecraft:crouch_one_cm":86474,"minecraft:mob_kills":326,"minecraft:interact_with_campfire":1,"minecraft:damage_dealt_resisted":4914,"minecraft:climb_one_cm":452,"minecraft:walk_one_cm":1141716,"minecraft:sneak_time":25134,"minecraft:walk_under_water_one_cm":108172,"minecraft:boat_one_cm":363159,"minecraft:interact_with_blast_furnace":1,"minecraft:total_world_time":462604,"minecraft:time_since_rest":4560,"minecraft:damage_absorbed":40,"minecraft:damage_taken":18542,"minecraft:swim_one_cm":238470,"minecraft:fly_one_cm":1478252,"minecraft:open_chest":44,"minecraft:fish_caught":10,"minecraft:fall_one_cm":253469},"minecraft:mined":{"minecraft:white_bed":5,"minecraft:sculk_vein":1,"minecraft:carved_pumpkin":1,"minecraft:granite":5,"minecraft:grass_block":15,"minecraft:spawner":7,"minecraft:tall_seagrass":4,"minecraft:sculk_catalyst":2,"minecraft:cobbled_deepslate":1,"minecraft:iron_ore":165,"born_in_chaos_v1:black_argillite_brick_slab":1,"minecraft:fire":14,"born_in_chaos_v1:black_argillite_brick_stairs":3,"minecraft:deepslate_lapis_ore":19,"minecraft:azure_bluet":1,"minecraft:brown_bed":1,"minecraft:deepslate_redstone_ore":18,"minecraft:cut_sandstone":3,"minecraft:brown_mushroom":4,"minecraft:kelp_plant":3,"born_in_chaos_v1:infected_deepslate_diamond_ore":3,"minecraft:torch":11,"minecraft:melon":7,"minecraft:sugar_cane":10,"minecraft:wall_torch":8,"minecraft:seagrass":1,"farmersdelight:sandy_shrub":5,"gnumus:gnumus_clay_block":1,"minecraft:wheat":114,"born_in_chaos_v1:river_mint":10,"minecraft:grass":76,"minecraft:oak_log":82,"minecraft:sand":9,"minecraft:dirt":7,"minecraft:stonecutter":2,"born_in_chaos_v1:infernal_evil_pumpkin_s":1,"minecraft:oak_leaves":19,"minecraft:deepslate":325,"alexscaves:spelunkery_table":1,"minecraft:tuff":36,"minecraft:mossy_cobblestone":4,"minecraft:dark_oak_leaves":1,"minecraft:deepslate_diamond_ore":55,"minecraft:candle":4,"farmersdelight:wild_carrots":12,"born_in_chaos_v1:infected_diamond_ore":4,"minecraft:spruce_fence":1,"born_in_chaos_v1:black_argillite_brick_wall":1,"born_in_chaos_v1:black_argillite":17,"farmersdelight:wild_cabbages":15,"born_in_chaos_v1:gnawed_bones":1,"minecraft:hay_block":14,"farmersdelight:wild_onions":1,"minecraft:redstone_ore":4,"gnumus:scion_weed":1,"minecraft:furnace":11,"minecraft:andesite":20,"minecraft:bell":1,"minecraft:deepslate_iron_ore":74,"minecraft:stripped_oak_log":1,"gnumus:fragile_gnumus_jug":6,"minecraft:stone":147,"born_in_chaos_v1:marigolds":7,"minecraft:crafting_table":17,"minecraft:sculk_sensor":1,"minecraft:tall_grass":10,"minecraft:lapis_ore":12,"minecraft:deepslate_gold_ore":27,"minecraft:sculk":29,"minecraft:diorite":1,"farmersdelight:wild_beetroots":6,"minecraft:birch_leaves":2,"minecraft:coal_ore":255,"minecraft:gravel":5,"born_in_chaos_v1:rotten_soil":1,"minecraft:gray_carpet":3,"minecraft:gold_ore":12,"minecraft:fern":1},"minecraft:dropped":{"minecraft:brown_mushroom":4,"minecraft:ender_pearl":1,"minecraft:glass_bottle":1,"minecraft:leather":2,"minecraft:dirt":2,"minecraft:cut_sandstone":3,"minecraft:bone_meal":1,"minecraft:iron_pickaxe":1,"minecraft:bone":31,"minecraft:gravel":1,"minecraft:sugar_cane":9,"minecraft:cobbled_deepslate":14,"alexscaves:cave_tablet":2,"born_in_chaos_v1:ethereal_spirit":1,"minecraft:rotten_flesh":13,"minecraft:salmon":6,"gnumus:gnumus_doubloons":6,"minecraft:rabbit_hide":5,"minecraft:mangrove_log":1,"minecraft:gunpowder":12,"born_in_chaos_v1:corpse_maggot":1,"minecraft:chest":1,"born_in_chaos_v1:marigolds":7,"minecraft:egg":1,"minecraft:golden_boots":1,"minecraft:bread":7,"minecraft:wheat_seeds":24,"minecraft:golden_helmet":1,"minecraft:dripstone_block":6,"minecraft:iron_helmet":1,"minecraft:cobblestone":3,"minecraft:apple":5,"born_in_chaos_v1:soul_cutlass":1,"minecraft:acacia_log":1,"minecraft:stick":1,"born_in_chaos_v1:pumpkin_staff":1,"born_in_chaos_v1:river_mint":7,"minecraft:diorite":1,"minecraft:golden_carrot":1,"minecraft:leather_horse_armor":2,"minecraft:wooden_axe":1,"minecraft:iron_leggings":2,"minecraft:iron_axe":1,"minecraft:paper":1,"minecraft:string":2,"minecraft:kelp":1,"minecraft:raw_copper":2,"minecraft:bowl":1,"farmersdelight:cabbage_seeds":16,"minecraft:chicken":2,"minecraft:iron_boots":1,"minecraft:pumpkin_seeds":69,"minecraft:allium":2,"minecraft:iron_chestplate":1,"minecraft:andesite":18,"minecraft:fire_coral":1,"minecraft:spider_eye":2,"minecraft:wooden_pickaxe":1},"minecraft:killed_by":{"alexsmobs:froststalker":1,"born_in_chaos_v1:nightmare_stalker":5,"born_in_chaos_v1:glutton_fish":1,"born_in_chaos_v1:bone_imp_minion":3,"born_in_chaos_v1:pumpkinhead":3,"minecraft:zombie":3,"minecraft:vex":1,"minecraft:player":1,"born_in_chaos_v1:baby_skeleton_minion":1,"minecraft:stray":1,"alexsmobs:bison":1,"born_in_chaos_v1:sir_pumpkinhead_without_horse":1,"born_in_chaos_v1:bonescaller":1,"alexsmobs:centipede_head":1,"born_in_chaos_v1:sir_pumpkinhead":1,"minecraft:skeleton":1,"born_in_chaos_v1:corpse_fish":1,"born_in_chaos_v1:sir_the_headless":1,"born_in_chaos_v1:door_knight":1},"minecraft:broken":{"minecraft:iron_boots":1,"minecraft:iron_chestplate":2,"minecraft:iron_leggings":1,"minecraft:stone_axe":1,"minecraft:iron_sword":4,"minecraft:shield":1,"minecraft:iron_pickaxe":3,"minecraft:iron_helmet":3},"minecraft:crafted":{"minecraft:oak_planks":144,"minecraft:cooked_chicken":4,"sophisticatedbackpacks:crafting_upgrade":1,"minecraft:cooked_mutton":13,"sophisticatedbackpacks:smelting_upgrade":1,"minecraft:iron_boots":1,"born_in_chaos_v1:fel_lamp":1,"minecraft:chest":3,"born_in_chaos_v1:mint_candy":2,"sophisticatedbackpacks:backpack":1,"minecraft:cooked_porkchop":24,"minecraft:crafting_table":3,"minecraft:spruce_planks":12,"minecraft:iron_helmet":2,"minecraft:wooden_pickaxe":1,"sophisticatedbackpacks:upgrade_base":2,"minecraft:iron_chestplate":2,"minecraft:shield":1,"sophisticatedbackpacks:diamond_backpack":1,"minecraft:stick":76,"minecraft:iron_ingot":175,"minecraft:iron_pickaxe":4,"minecraft:gold_ingot":13,"born_in_chaos_v1:rotten_soil":1,"minecraft:furnace":3,"alexscaves:cave_map":1,"minecraft:leather":12,"minecraft:iron_axe":1,"born_in_chaos_v1:fried_maggot":5,"minecraft:stone_pickaxe":1,"alexsmobs:flying_fish_boots":1,"minecraft:golden_helmet":1,"minecraft:wheat":45,"sophisticatedbackpacks:iron_backpack":1,"minecraft:sugar":2,"minecraft:iron_sword":3,"sophisticatedbackpacks:gold_backpack":1,"minecraft:bucket":1,"minecraft:bone":6,"minecraft:stone_axe":1,"born_in_chaos_v1:bone_heart":1,"minecraft:air":0,"minecraft:wooden_axe":1,"minecraft:iron_leggings":1,"minecraft:white_bed":3,"minecraft:torch":208},"minecraft:picked_up":{"minecraft:wheat":109,"gnumus:gnumus_claw":17,"minecraft:brown_bed":1,"born_in_chaos_v1:bloody_gadfly_eye":2,"born_in_chaos_v1:holiday_candy":30,"born_in_chaos_v1:black_argillite":14,"minecraft:string":24,"minecraft:raw_copper":3,"minecraft:pufferfish":1,"minecraft:beetroot":2,"minecraft:cobbled_deepslate":293,"minecraft:bucket":1,"gnumus:packaged_goods":1,"minecraft:iron_pickaxe":1,"alexsmobs:raccoon_tail":4,"born_in_chaos_v1:stimulating_decoction":2,"minecraft:melon_slice":36,"minecraft:mangrove_log":1,"farmersdelight:cabbage_seeds":16,"minecraft:furnace":11,"minecraft:stick":2,"born_in_chaos_v1:shattered_skull":1,"born_in_chaos_v1:phantom_powder":2,"minecraft:torch":20,"minecraft:acacia_log":1,"minecraft:porkchop":28,"minecraft:diorite":1,"born_in_chaos_v1:nightmare_claw":1,"born_in_chaos_v1:black_argillite_brick_stairs":2,"alexsmobs:centipede_leg":2,"minecraft:rotten_flesh":94,"farmersdelight:onion":1,"minecraft:carved_pumpkin":2,"gnumus:gnumus_chickpeas":3,"alexsmobs:emu_egg":3,"minecraft:leather_horse_armor":1,"alexsmobs:lobster_tail":2,"alexsmobs:flying_fish":7,"minecraft:cobblestone":146,"gnumus:gnumus_doubloons":6,"minecraft:feather":13,"born_in_chaos_v1:spiritual_dust":5,"minecraft:andesite":18,"minecraft:potato":3,"minecraft:flint":2,"minecraft:tuff":35,"minecraft:lapis_lazuli":194,"minecraft:dirt":27,"gnumus:gnumus_pouch_2":6,"born_in_chaos_v1:monster_skin":8,"born_in_chaos_v1:marigolds":7,"minecraft:bone":48,"minecraft:stonecutter":2,"minecraft:wheat_seeds":300,"minecraft:raw_gold":39,"minecraft:bell":1,"minecraft:sand":5,"minecraft:ink_sac":2,"minecraft:diamond":53,"gnumus:gnumus_clay":32,"minecraft:granite":5,"minecraft:bone_meal":1,"born_in_chaos_v1:rotten_fish":1,"minecraft:fishing_rod":2,"minecraft:crafting_table":19,"born_in_chaos_v1:diamond_termite_shard":6,"minecraft:allium":2,"minecraft:chicken":6,"born_in_chaos_v1:river_mint":11,"born_in_chaos_v1:seedof_chaos":2,"minecraft:brown_mushroom":4,"minecraft:chain":1,"minecraft:fire_coral":2,"minecraft:iron_axe":1,"minecraft:compass":1,"minecraft:white_carpet":1,"minecraft:candle":7,"minecraft:beef":5,"minecraft:oak_boat":2,"born_in_chaos_v1:gnawed_bones":4,"minecraft:sugar_cane":23,"minecraft:egg":3,"minecraft:raw_iron":233,"gnumus:juicy_meat":7,"minecraft:copper_ingot":1,"minecraft:spruce_fence":1,"born_in_chaos_v1:pieceofdarkmetal":8,"minecraft:carrot":14,"minecraft:redstone":96,"minecraft:arrow":8,"minecraft:beetroot_seeds":5,"minecraft:hay_block":15,"alexscaves:spelunkery_table":1,"gnumus:mouse_skin":26,"minecraft:glow_berries":6,"minecraft:mutton":23,"minecraft:white_wool":14,"born_in_chaos_v1:fused_bone":1,"born_in_chaos_v1:corpse_maggot":25,"minecraft:golden_carrot":3,"born_in_chaos_v1:monster_flesh":9,"born_in_chaos_v1:pumpkin_staff":3,"minecraft:glow_ink_sac":12,"minecraft:salmon":7,"minecraft:cut_sandstone":3,"minecraft:leather":6,"gnumus:gnumus_pouch":2,"minecraft:oak_log":80,"minecraft:lily_pad":1,"minecraft:golden_boots":2,"minecraft:gunpowder":8,"minecraft:paper":1,"minecraft:cooked_mutton":1,"born_in_chaos_v1:soul_cutlass":3,"minecraft:apple":2,"minecraft:kelp":1,"alexsmobs:cockroach_wing_fragment":1,"minecraft:rabbit_hide":6,"minecraft:iron_ingot":13,"born_in_chaos_v1:fel_lamp":1,"born_in_chaos_v1:orbofthe_summoner":1,"born_in_chaos_v1:ethereal_spirit":18,"minecraft:dripstone_block":6,"minecraft:gravel":5,"born_in_chaos_v1:dark_rod":6,"minecraft:blast_furnace":1,"minecraft:white_bed":5,"minecraft:spruce_log":3,"minecraft:spider_eye":5,"alexsmobs:raw_catfish":2,"minecraft:pumpkin_seeds":72,"minecraft:coal":318,"minecraft:ender_pearl":2},"minecraft:used":{"alexsmobs:emu_egg":3,"minecraft:beetroot":8,"minecraft:shield":74,"minecraft:iron_sword":1028,"minecraft:rotten_flesh":2,"minecraft:iron_chestplate":1,"minecraft:carrot":42,"born_in_chaos_v1:soul_cutlass":660,"born_in_chaos_v1:corpse_maggot":4,"born_in_chaos_v1:mint_candy":2,"born_in_chaos_v1:rotten_soil":1,"born_in_chaos_v1:gnawed_bones":1,"born_in_chaos_v1:fel_lamp":8,"minecraft:furnace":12,"minecraft:egg":1,"minecraft:potato":5,"minecraft:diamond_boots":1,"minecraft:stone_pickaxe":88,"minecraft:oak_planks":17,"minecraft:wooden_pickaxe":3,"minecraft:golden_apple":1,"minecraft:glow_berries":2,"alexscaves:cave_book":2,"minecraft:mushroom_stew":1,"born_in_chaos_v1:monster_flesh":1,"minecraft:melon_slice":34,"minecraft:bread":27,"born_in_chaos_v1:pumpkin_staff":8,"born_in_chaos_v1:river_mint":2,"minecraft:chain":1,"minecraft:oak_boat":5,"gnumus:juicy_meat":7,"born_in_chaos_v1:ethereal_spirit":3,"minecraft:carved_pumpkin":1,"born_in_chaos_v1:fried_maggot":5,"minecraft:cooked_chicken":4,"minecraft:torch":185,"minecraft:dirt":12,"minecraft:diamond_helmet":1,"minecraft:granite":5,"minecraft:wooden_axe":9,"minecraft:iron_axe":98,"minecraft:diamond_chestplate":2,"minecraft:golden_carrot":2,"minecraft:cooked_beef":5,"minecraft:cobbled_deepslate":60,"minecraft:brown_bed":1,"minecraft:wheat_seeds":88,"minecraft:cooked_mutton":23,"minecraft:water_bucket":28,"born_in_chaos_v1:stimulating_decoction":1,"born_in_chaos_v1:black_argillite_brick_stairs":2,"farmersdelight:onion":2,"minecraft:crafting_table":20,"minecraft:white_bed":8,"minecraft:apple":2,"minecraft:iron_pickaxe":1229,"minecraft:stone_axe":113,"minecraft:fishing_rod":14,"minecraft:cobblestone":110,"minecraft:cooked_porkchop":27,"minecraft:bucket":28,"alexsmobs:animal_dictionary":19}},"DataVersion":3465}