{"stats":{"minecraft:killed":{"alexsmobs:lobster":5,"born_in_chaos_v1:mr_pumpkin":14,"born_in_chaos_v1:zombie_lumberjack":2,"born_in_chaos_v1:restless_spirit":3,"born_in_chaos_v1:sir_the_headless":1,"alexsmobs:raccoon":6,"minecraft:spider":17,"alexsmobs:tasmanian_devil":2,"born_in_chaos_v1:baby_skeleton_minion":2,"born_in_chaos_v1:siamese_skeletonsright":1,"born_in_chaos_v1:zombie_bruiser":1,"born_in_chaos_v1:maggot":16,"born_in_chaos_v1:pumpkinhead":1,"minecraft:horse":3,"minecraft:skeleton":7,"alexsmobs:blue_jay":1,"minecraft:chicken":5,"gnumus:pitcher_mousse":3,"gnumus:gnumus_hunter":2,"born_in_chaos_v1:corpse_fish":1,"born_in_chaos_v1:supreme_bonescaller_stage_2":1,"alexsmobs:flying_fish":7,"born_in_chaos_v1:barrel_zombie":2,"gnumus:gnumus_hunter_not_dispawn":4,"born_in_chaos_v1:fallen_chaos_knight":1,"born_in_chaos_v1:felsteed":1,"minecraft:pig":11,"born_in_chaos_v1:bone_imp_minion":3,"born_in_chaos_v1:diamond_termite":7,"born_in_chaos_v1:baby_skeleton":1,"minecraft:salmon":3,"gnumus:marsupial_mousse":1,"born_in_chaos_v1:decrepit_skeleton":5,"gnumus:gnumus_merchant":1,"minecraft:sheep":14,"born_in_chaos_v1:phantom_creeper_copy":1,"alexsmobs:catfish":2,"born_in_chaos_v1:bloody_gadfly":1,"born_in_chaos_v1:zombie_fisherman":2,"alexsmobs:cockroach":4,"minecraft:zombie":46,"born_in_chaos_v1:dread_hound":10,"alexsmobs:terrapin":2,"born_in_chaos_v1:corpse_fly":4,"born_in_chaos_v1:dark_vortex":3,"born_in_chaos_v1:nightmare_stalker":1,"alexsmobs:crow":1,"minecraft:glow_squid":6,"minecraft:enderman":2,"minecraft:cow":3},"minecraft:custom":{"minecraft:mob_kills":252,"minecraft:interact_with_crafting_table":57,"minecraft:open_barrel":2,"minecraft:interact_with_campfire":1,"minecraft:damage_dealt_resisted":2636,"minecraft:leave_game":7,"minecraft:time_since_death":8467,"minecraft:damage_resisted":177,"minecraft:sprint_one_cm":749005,"minecraft:walk_one_cm":770878,"minecraft:damage_blocked_by_shield":2590,"minecraft:drop":41,"minecraft:play_time":308648,"minecraft:sneak_time":15056,"minecraft:deaths":31,"minecraft:walk_under_water_one_cm":76209,"minecraft:boat_one_cm":81921,"minecraft:jump":5245,"minecraft:interact_with_blast_furnace":1,"minecraft:walk_on_water_one_cm":89925,"minecraft:total_world_time":308648,"minecraft:interact_with_furnace":115,"minecraft:interact_with_loom":6,"minecraft:sleep_in_bed":6,"minecraft:time_since_rest":8492,"minecraft:damage_taken":12588,"minecraft:damage_dealt":42477,"minecraft:player_kills":1,"minecraft:swim_one_cm":145983,"minecraft:fly_one_cm":1001980,"minecraft:open_chest":14,"minecraft:crouch_one_cm":52812,"minecraft:fish_caught":10,"minecraft:fall_one_cm":176499},"minecraft:mined":{"alexscaves:spelunkery_table":1,"minecraft:tuff":13,"minecraft:white_bed":5,"minecraft:mossy_cobblestone":4,"minecraft:deepslate_diamond_ore":13,"minecraft:candle":4,"minecraft:sculk_vein":1,"farmersdelight:wild_carrots":12,"born_in_chaos_v1:infected_diamond_ore":3,"minecraft:granite":5,"minecraft:grass_block":3,"born_in_chaos_v1:black_argillite":17,"minecraft:spawner":2,"farmersdelight:wild_cabbages":14,"born_in_chaos_v1:gnawed_bones":1,"minecraft:redstone_ore":4,"minecraft:sculk_catalyst":2,"minecraft:furnace":11,"minecraft:iron_ore":162,"minecraft:fire":3,"minecraft:cobbled_deepslate":1,"minecraft:andesite":20,"minecraft:deepslate_lapis_ore":13,"minecraft:azure_bluet":1,"minecraft:deepslate_iron_ore":74,"minecraft:stripped_oak_log":1,"gnumus:fragile_gnumus_jug":3,"minecraft:stone":129,"minecraft:deepslate_redstone_ore":18,"minecraft:brown_mushroom":4,"minecraft:kelp_plant":2,"born_in_chaos_v1:infected_deepslate_diamond_ore":3,"minecraft:torch":11,"minecraft:crafting_table":17,"minecraft:sculk_sensor":1,"minecraft:tall_grass":10,"minecraft:deepslate_gold_ore":27,"minecraft:lapis_ore":12,"minecraft:sugar_cane":10,"minecraft:sculk":29,"minecraft:diorite":1,"minecraft:wall_torch":7,"farmersdelight:sandy_shrub":2,"gnumus:gnumus_clay_block":1,"minecraft:birch_leaves":2,"born_in_chaos_v1:river_mint":10,"minecraft:grass":39,"minecraft:coal_ore":162,"minecraft:oak_log":64,"born_in_chaos_v1:rotten_soil":1,"minecraft:gravel":2,"minecraft:dirt":3,"minecraft:sand":2,"minecraft:gray_carpet":3,"minecraft:stonecutter":2,"born_in_chaos_v1:infernal_evil_pumpkin_s":1,"minecraft:gold_ore":12,"minecraft:oak_leaves":11,"minecraft:deepslate":38,"minecraft:fern":1},"minecraft:dropped":{"minecraft:brown_mushroom":4,"minecraft:wheat_seeds":3,"minecraft:glass_bottle":1,"minecraft:acacia_log":1,"minecraft:stick":1,"minecraft:dirt":2,"minecraft:golden_carrot":1,"minecraft:diorite":1,"born_in_chaos_v1:river_mint":2,"minecraft:wooden_axe":1,"minecraft:iron_leggings":1,"minecraft:bone_meal":1,"minecraft:iron_pickaxe":1,"minecraft:paper":1,"minecraft:bone":21,"minecraft:cobbled_deepslate":2,"minecraft:raw_copper":2,"alexscaves:cave_tablet":2,"farmersdelight:cabbage_seeds":15,"minecraft:chicken":2,"minecraft:rotten_flesh":5,"minecraft:salmon":6,"gnumus:gnumus_doubloons":4,"minecraft:rabbit_hide":4,"born_in_chaos_v1:corpse_maggot":1,"minecraft:chest":1,"minecraft:wooden_pickaxe":1,"minecraft:egg":1},"minecraft:killed_by":{"born_in_chaos_v1:baby_skeleton_minion":1,"born_in_chaos_v1:nightmare_stalker":4,"minecraft:stray":1,"born_in_chaos_v1:glutton_fish":1,"born_in_chaos_v1:bone_imp_minion":3,"alexsmobs:bison":1,"born_in_chaos_v1:bonescaller":1,"alexsmobs:centipede_head":1,"minecraft:skeleton":1,"born_in_chaos_v1:pumpkinhead":1,"minecraft:zombie":2,"born_in_chaos_v1:corpse_fish":1,"born_in_chaos_v1:door_knight":1,"minecraft:vex":1},"minecraft:broken":{"minecraft:iron_boots":1,"minecraft:iron_chestplate":2,"minecraft:stone_axe":1,"minecraft:iron_sword":4,"minecraft:iron_pickaxe":2,"minecraft:iron_helmet":2},"minecraft:crafted":{"minecraft:oak_planks":108,"born_in_chaos_v1:rotten_soil":1,"minecraft:cooked_chicken":4,"minecraft:furnace":3,"sophisticatedbackpacks:crafting_upgrade":1,"alexscaves:cave_map":1,"minecraft:cooked_mutton":13,"sophisticatedbackpacks:smelting_upgrade":1,"minecraft:iron_boots":1,"minecraft:leather":12,"minecraft:iron_axe":1,"born_in_chaos_v1:fried_maggot":5,"born_in_chaos_v1:fel_lamp":1,"minecraft:stone_pickaxe":1,"minecraft:chest":3,"alexsmobs:flying_fish_boots":1,"sophisticatedbackpacks:iron_backpack":1,"minecraft:sugar":2,"born_in_chaos_v1:mint_candy":2,"sophisticatedbackpacks:backpack":1,"minecraft:cooked_porkchop":24,"minecraft:crafting_table":3,"minecraft:spruce_planks":12,"minecraft:iron_helmet":1,"minecraft:wooden_pickaxe":1,"minecraft:iron_sword":3,"sophisticatedbackpacks:gold_backpack":1,"minecraft:bucket":1,"minecraft:bone":6,"minecraft:stone_axe":1,"born_in_chaos_v1:bone_heart":1,"sophisticatedbackpacks:upgrade_base":2,"minecraft:air":0,"minecraft:iron_chestplate":1,"minecraft:shield":1,"sophisticatedbackpacks:diamond_backpack":1,"minecraft:stick":76,"minecraft:iron_ingot":175,"minecraft:iron_pickaxe":4,"minecraft:wooden_axe":1,"minecraft:iron_leggings":1,"minecraft:gold_ingot":13,"minecraft:white_bed":2,"minecraft:torch":180},"minecraft:picked_up":{"minecraft:fishing_rod":2,"minecraft:crafting_table":19,"born_in_chaos_v1:diamond_termite_shard":6,"minecraft:chicken":6,"born_in_chaos_v1:river_mint":10,"born_in_chaos_v1:seedof_chaos":1,"minecraft:brown_mushroom":4,"gnumus:gnumus_claw":10,"born_in_chaos_v1:bloody_gadfly_eye":2,"minecraft:chain":1,"minecraft:fire_coral":2,"born_in_chaos_v1:black_argillite":14,"minecraft:string":22,"minecraft:raw_copper":3,"minecraft:white_carpet":1,"minecraft:pufferfish":1,"minecraft:candle":7,"minecraft:cobbled_deepslate":56,"gnumus:packaged_goods":1,"minecraft:beef":5,"minecraft:oak_boat":1,"born_in_chaos_v1:gnawed_bones":4,"minecraft:iron_pickaxe":1,"alexsmobs:raccoon_tail":4,"born_in_chaos_v1:stimulating_decoction":2,"minecraft:sugar_cane":23,"farmersdelight:cabbage_seeds":15,"minecraft:mangrove_log":1,"minecraft:furnace":11,"minecraft:egg":2,"minecraft:raw_iron":230,"born_in_chaos_v1:shattered_skull":1,"born_in_chaos_v1:phantom_powder":2,"minecraft:torch":19,"minecraft:acacia_log":1,"minecraft:porkchop":24,"born_in_chaos_v1:pieceofdarkmetal":4,"minecraft:diorite":1,"born_in_chaos_v1:nightmare_claw":1,"minecraft:carrot":14,"minecraft:redstone":96,"minecraft:arrow":8,"minecraft:rotten_flesh":69,"alexscaves:spelunkery_table":1,"gnumus:mouse_skin":18,"minecraft:glow_berries":6,"minecraft:mutton":23,"minecraft:white_wool":14,"alexsmobs:flying_fish":7,"alexsmobs:lobster_tail":2,"minecraft:cobblestone":126,"born_in_chaos_v1:fused_bone":1,"born_in_chaos_v1:spiritual_dust":5,"born_in_chaos_v1:corpse_maggot":22,"gnumus:gnumus_doubloons":4,"minecraft:feather":13,"born_in_chaos_v1:pumpkin_staff":1,"born_in_chaos_v1:monster_flesh":9,"minecraft:golden_carrot":3,"minecraft:glow_ink_sac":12,"minecraft:salmon":7,"minecraft:andesite":18,"minecraft:leather":4,"minecraft:potato":3,"gnumus:gnumus_pouch":1,"minecraft:flint":2,"minecraft:tuff":13,"minecraft:oak_log":63,"minecraft:lily_pad":1,"minecraft:gunpowder":2,"minecraft:lapis_lazuli":155,"minecraft:dirt":10,"minecraft:paper":1,"gnumus:gnumus_pouch_2":5,"born_in_chaos_v1:monster_skin":8,"minecraft:cooked_mutton":1,"minecraft:bone":33,"born_in_chaos_v1:soul_cutlass":1,"minecraft:stonecutter":2,"minecraft:wheat_seeds":6,"minecraft:raw_gold":39,"minecraft:rabbit_hide":4,"minecraft:iron_ingot":13,"born_in_chaos_v1:fel_lamp":1,"born_in_chaos_v1:orbofthe_summoner":1,"born_in_chaos_v1:ethereal_spirit":9,"minecraft:gravel":1,"born_in_chaos_v1:dark_rod":4,"minecraft:sand":1,"minecraft:white_bed":5,"minecraft:ink_sac":2,"minecraft:blast_furnace":1,"minecraft:spruce_log":3,"minecraft:spider_eye":2,"alexsmobs:raw_catfish":2,"minecraft:pumpkin_seeds":28,"minecraft:diamond":13,"gnumus:gnumus_clay":17,"minecraft:granite":5,"minecraft:bone_meal":1,"born_in_chaos_v1:rotten_fish":1,"minecraft:coal":222,"minecraft:ender_pearl":2},"minecraft:used":{"minecraft:shield":49,"minecraft:iron_sword":1028,"minecraft:cooked_chicken":4,"born_in_chaos_v1:fried_maggot":5,"minecraft:rotten_flesh":2,"minecraft:torch":163,"minecraft:dirt":3,"minecraft:carrot":26,"born_in_chaos_v1:soul_cutlass":43,"minecraft:wooden_axe":9,"born_in_chaos_v1:corpse_maggot":4,"minecraft:iron_axe":72,"born_in_chaos_v1:mint_candy":2,"born_in_chaos_v1:rotten_soil":1,"born_in_chaos_v1:gnawed_bones":1,"minecraft:golden_carrot":2,"born_in_chaos_v1:fel_lamp":6,"minecraft:furnace":12,"minecraft:egg":1,"minecraft:potato":5,"minecraft:cooked_beef":4,"minecraft:cobbled_deepslate":20,"minecraft:cooked_mutton":23,"minecraft:water_bucket":28,"minecraft:stone_pickaxe":88,"minecraft:oak_planks":17,"minecraft:wooden_pickaxe":3,"born_in_chaos_v1:stimulating_decoction":1,"minecraft:glow_berries":2,"minecraft:crafting_table":20,"alexscaves:cave_book":2,"minecraft:white_bed":6,"born_in_chaos_v1:monster_flesh":1,"born_in_chaos_v1:pumpkin_staff":4,"minecraft:iron_pickaxe":723,"minecraft:stone_axe":113,"minecraft:fishing_rod":14,"minecraft:cobblestone":100,"minecraft:cooked_porkchop":23,"minecraft:chain":1,"minecraft:bucket":28,"minecraft:oak_boat":2,"alexsmobs:animal_dictionary":13}},"DataVersion":3465}