{"stats":{"minecraft:killed":{"born_in_chaos_v1:restless_spirit":1,"born_in_chaos_v1:zombie_lumberjack":1,"alexsmobs:raccoon":6,"minecraft:spider":10,"born_in_chaos_v1:siamese_skeletonsright":1,"born_in_chaos_v1:maggot":8,"minecraft:skeleton":5,"minecraft:horse":3,"alexsmobs:blue_jay":1,"minecraft:chicken":5,"gnumus:pitcher_mousse":3,"born_in_chaos_v1:corpse_fish":1,"gnumus:gnumus_hunter_not_dispawn":3,"minecraft:pig":11,"born_in_chaos_v1:baby_skeleton":1,"minecraft:salmon":3,"gnumus:marsupial_mousse":1,"born_in_chaos_v1:decrepit_skeleton":3,"minecraft:sheep":8,"gnumus:gnumus_merchant":1,"alexsmobs:catfish":1,"born_in_chaos_v1:bloody_gadfly":1,"born_in_chaos_v1:zombie_fisherman":1,"minecraft:zombie":28,"alexsmobs:cockroach":4,"born_in_chaos_v1:dread_hound":4,"born_in_chaos_v1:corpse_fly":2,"born_in_chaos_v1:dark_vortex":2,"born_in_chaos_v1:nightmare_stalker":1,"alexsmobs:crow":1,"minecraft:glow_squid":6,"minecraft:enderman":1,"minecraft:cow":1},"minecraft:custom":{"minecraft:mob_kills":130,"minecraft:interact_with_crafting_table":38,"minecraft:open_barrel":2,"minecraft:interact_with_campfire":1,"minecraft:damage_dealt_resisted":153,"minecraft:leave_game":6,"minecraft:time_since_death":1684,"minecraft:damage_resisted":19,"minecraft:sprint_one_cm":420001,"minecraft:walk_one_cm":420400,"minecraft:damage_blocked_by_shield":1790,"minecraft:drop":40,"minecraft:play_time":194866,"minecraft:sneak_time":11652,"minecraft:deaths":10,"minecraft:walk_under_water_one_cm":42231,"minecraft:jump":3161,"minecraft:interact_with_blast_furnace":1,"minecraft:walk_on_water_one_cm":27642,"minecraft:total_world_time":194866,"minecraft:interact_with_furnace":97,"minecraft:interact_with_loom":6,"minecraft:sleep_in_bed":2,"minecraft:time_since_rest":1715,"minecraft:damage_taken":5790,"minecraft:damage_dealt":20223,"minecraft:player_kills":1,"minecraft:swim_one_cm":92915,"minecraft:fly_one_cm":567804,"minecraft:open_chest":3,"minecraft:crouch_one_cm":40861,"minecraft:fish_caught":10,"minecraft:fall_one_cm":99905},"minecraft:mined":{"alexscaves:spelunkery_table":1,"minecraft:tuff":6,"minecraft:white_bed":1,"minecraft:deepslate_diamond_ore":11,"minecraft:sculk_vein":1,"minecraft:granite":3,"minecraft:grass_block":3,"born_in_chaos_v1:black_argillite":17,"farmersdelight:wild_cabbages":14,"born_in_chaos_v1:gnawed_bones":1,"minecraft:sculk_catalyst":2,"minecraft:furnace":9,"minecraft:iron_ore":138,"minecraft:cobbled_deepslate":1,"minecraft:andesite":15,"minecraft:deepslate_lapis_ore":9,"minecraft:azure_bluet":1,"minecraft:deepslate_iron_ore":48,"minecraft:stripped_oak_log":1,"gnumus:fragile_gnumus_jug":2,"minecraft:stone":114,"minecraft:deepslate_redstone_ore":16,"minecraft:brown_mushroom":4,"minecraft:crafting_table":16,"minecraft:torch":8,"minecraft:sculk_sensor":1,"minecraft:tall_grass":3,"minecraft:deepslate_gold_ore":15,"minecraft:lapis_ore":2,"minecraft:sugar_cane":6,"minecraft:sculk":29,"minecraft:diorite":1,"minecraft:wall_torch":6,"farmersdelight:sandy_shrub":2,"minecraft:birch_leaves":2,"born_in_chaos_v1:river_mint":3,"minecraft:grass":21,"minecraft:oak_log":60,"minecraft:coal_ore":149,"minecraft:gravel":2,"born_in_chaos_v1:rotten_soil":1,"minecraft:dirt":3,"minecraft:gray_carpet":3,"minecraft:stonecutter":1,"minecraft:gold_ore":6,"minecraft:oak_leaves":8,"minecraft:deepslate":18,"minecraft:fern":1},"minecraft:dropped":{"minecraft:brown_mushroom":4,"minecraft:wheat_seeds":3,"minecraft:glass_bottle":1,"minecraft:acacia_log":1,"minecraft:stick":1,"minecraft:dirt":2,"minecraft:diorite":1,"born_in_chaos_v1:river_mint":2,"minecraft:golden_carrot":1,"minecraft:wooden_axe":1,"minecraft:bone_meal":1,"minecraft:iron_pickaxe":1,"minecraft:paper":1,"minecraft:bone":21,"minecraft:cobbled_deepslate":2,"minecraft:raw_copper":2,"alexscaves:cave_tablet":2,"farmersdelight:cabbage_seeds":15,"minecraft:chicken":2,"minecraft:rotten_flesh":5,"minecraft:salmon":6,"gnumus:gnumus_doubloons":4,"minecraft:rabbit_hide":4,"born_in_chaos_v1:corpse_maggot":1,"minecraft:chest":1,"minecraft:wooden_pickaxe":1,"minecraft:egg":1},"minecraft:killed_by":{"born_in_chaos_v1:nightmare_stalker":3,"alexsmobs:bison":1,"minecraft:zombie":1},"minecraft:broken":{"minecraft:stone_axe":1,"minecraft:iron_sword":1,"minecraft:iron_pickaxe":2},"minecraft:crafted":{"minecraft:oak_planks":84,"born_in_chaos_v1:rotten_soil":1,"minecraft:cooked_chicken":4,"minecraft:furnace":3,"alexscaves:cave_map":1,"minecraft:cooked_mutton":13,"minecraft:iron_boots":1,"born_in_chaos_v1:fried_maggot":5,"minecraft:stone_pickaxe":1,"minecraft:chest":2,"sophisticatedbackpacks:iron_backpack":1,"minecraft:sugar":2,"born_in_chaos_v1:mint_candy":2,"sophisticatedbackpacks:backpack":1,"minecraft:cooked_porkchop":24,"minecraft:crafting_table":2,"minecraft:iron_helmet":1,"minecraft:wooden_pickaxe":1,"minecraft:iron_sword":2,"minecraft:bucket":1,"minecraft:bone":6,"minecraft:stone_axe":1,"born_in_chaos_v1:bone_heart":1,"minecraft:air":0,"minecraft:iron_chestplate":1,"minecraft:shield":1,"minecraft:stick":40,"minecraft:iron_ingot":142,"minecraft:iron_pickaxe":4,"minecraft:wooden_axe":1,"minecraft:iron_leggings":1,"minecraft:white_bed":2,"minecraft:torch":84},"minecraft:picked_up":{"minecraft:fishing_rod":2,"minecraft:crafting_table":18,"minecraft:chicken":6,"born_in_chaos_v1:river_mint":3,"gnumus:gnumus_claw":7,"minecraft:brown_mushroom":4,"born_in_chaos_v1:bloody_gadfly_eye":1,"born_in_chaos_v1:black_argillite":14,"minecraft:string":13,"minecraft:raw_copper":2,"minecraft:white_carpet":1,"minecraft:cobbled_deepslate":29,"gnumus:packaged_goods":1,"born_in_chaos_v1:gnawed_bones":2,"minecraft:iron_pickaxe":1,"alexsmobs:raccoon_tail":4,"born_in_chaos_v1:stimulating_decoction":2,"minecraft:sugar_cane":14,"farmersdelight:cabbage_seeds":15,"minecraft:furnace":9,"minecraft:egg":2,"minecraft:raw_iron":182,"born_in_chaos_v1:shattered_skull":1,"minecraft:torch":15,"minecraft:acacia_log":1,"minecraft:porkchop":24,"born_in_chaos_v1:nightmare_claw":1,"minecraft:diorite":1,"minecraft:carrot":1,"minecraft:redstone":71,"minecraft:arrow":4,"minecraft:rotten_flesh":37,"alexscaves:spelunkery_table":1,"gnumus:mouse_skin":18,"minecraft:glow_berries":6,"minecraft:mutton":14,"minecraft:white_wool":8,"minecraft:cobblestone":112,"born_in_chaos_v1:fused_bone":1,"born_in_chaos_v1:corpse_maggot":11,"gnumus:gnumus_doubloons":4,"minecraft:feather":13,"minecraft:golden_carrot":3,"born_in_chaos_v1:monster_flesh":5,"minecraft:glow_ink_sac":12,"minecraft:andesite":13,"minecraft:salmon":6,"minecraft:leather":4,"minecraft:flint":2,"minecraft:tuff":6,"minecraft:oak_log":59,"minecraft:lily_pad":1,"minecraft:lapis_lazuli":71,"minecraft:paper":1,"minecraft:dirt":7,"gnumus:gnumus_pouch_2":3,"born_in_chaos_v1:monster_skin":6,"minecraft:cooked_mutton":1,"minecraft:bone":30,"minecraft:stonecutter":1,"minecraft:wheat_seeds":3,"minecraft:raw_gold":21,"minecraft:rabbit_hide":4,"minecraft:iron_ingot":11,"born_in_chaos_v1:ethereal_spirit":4,"minecraft:gravel":1,"born_in_chaos_v1:dark_rod":3,"minecraft:blast_furnace":1,"minecraft:white_bed":1,"minecraft:spider_eye":1,"minecraft:diamond":11,"gnumus:gnumus_clay":12,"minecraft:granite":3,"minecraft:bone_meal":1,"minecraft:coal":209,"minecraft:ender_pearl":1},"minecraft:used":{"minecraft:shield":37,"minecraft:iron_sword":478,"born_in_chaos_v1:fried_maggot":1,"minecraft:cooked_chicken":4,"minecraft:rotten_flesh":2,"minecraft:torch":101,"born_in_chaos_v1:corpse_maggot":3,"minecraft:wooden_axe":9,"born_in_chaos_v1:mint_candy":2,"born_in_chaos_v1:rotten_soil":1,"born_in_chaos_v1:gnawed_bones":1,"minecraft:golden_carrot":2,"minecraft:furnace":12,"minecraft:egg":1,"minecraft:cobbled_deepslate":9,"minecraft:cooked_mutton":14,"minecraft:stone_pickaxe":88,"minecraft:oak_planks":17,"minecraft:wooden_pickaxe":3,"born_in_chaos_v1:stimulating_decoction":1,"minecraft:glow_berries":2,"minecraft:crafting_table":20,"alexscaves:cave_book":2,"minecraft:white_bed":3,"minecraft:iron_pickaxe":527,"minecraft:stone_axe":113,"minecraft:fishing_rod":14,"minecraft:cobblestone":34,"minecraft:cooked_porkchop":23,"alexsmobs:animal_dictionary":13}},"DataVersion":3465}