{"stats":{"minecraft:killed":{"minecraft:spider":4,"dungeonsweaponry:enchanter":1,"minecraft:skeleton":10,"minecraft:silverfish":9,"minecraft:pig":11,"minecraft:zombie_villager":1,"minecraft:creeper":1,"minecraft:sheep":3,"minecraft:pillager":1,"minecraft:zombie":13,"minecraft:cow":5},"minecraft:crafted":{"minecraft:oak_planks":132,"minecraft:furnace":4,"minecraft:cooked_mutton":4,"minecraft:bow":1,"minecraft:diamond_leggings":1,"minecraft:iron_boots":1,"sophisticatedbackpacks:copper_backpack":1,"minecraft:stone_pickaxe":6,"minecraft:chest":2,"minecraft:diamond_boots":1,"sophisticatedbackpacks:iron_backpack":1,"minecraft:wheat":448,"minecraft:cooked_beef":6,"minecraft:arrow":128,"minecraft:emerald":80,"sophisticatedbackpacks:backpack":3,"minecraft:cooked_porkchop":21,"minecraft:crafting_table":3,"minecraft:spruce_planks":1228,"minecraft:iron_helmet":1,"minecraft:wooden_pickaxe":1,"minecraft:copper_ingot":16,"sophisticatedbackpacks:gold_backpack":1,"minecraft:bucket":1,"minecraft:stone_axe":2,"minecraft:bread":89,"minecraft:air":0,"minecraft:iron_chestplate":1,"minecraft:paper":69,"minecraft:yellow_dye":1,"minecraft:shield":1,"minecraft:stick":2564,"minecraft:iron_ingot":32,"minecraft:iron_pickaxe":1,"minecraft:stone_sword":3,"minecraft:iron_leggings":1,"minecraft:gold_ingot":8,"minecraft:torch":84},"minecraft:killed_by":{"minecraft:player":5,"minecraft:creeper":2,"dungeonsweaponry:enchanter":1,"minecraft:skeleton":4,"minecraft:zombie":2},"minecraft:picked_up":{"alexscaves:raw_scarlet_neodymium":8,"minecraft:crafting_table":13,"minecraft:wheat":2,"minecraft:wooden_pickaxe":1,"minecraft:string":10,"minecraft:raw_copper":16,"minecraft:iron_leggings":1,"minecraft:cobbled_deepslate":78,"minecraft:beef":11,"minecraft:sugar_cane":107,"minecraft:iron_boots":1,"minecraft:furnace":10,"minecraft:egg":3,"minecraft:stick":4,"minecraft:raw_iron":40,"minecraft:torch":77,"sophisticatedbackpacks:backpack":1,"minecraft:porkchop":26,"minecraft:pointed_dripstone":9,"minecraft:diorite":30,"minecraft:redstone":18,"minecraft:stone_sword":1,"minecraft:arrow":16,"minecraft:rotten_flesh":15,"minecraft:hay_block":58,"minecraft:mutton":4,"minecraft:cobblestone":444,"minecraft:white_wool":3,"minecraft:stripped_oak_log":8,"minecraft:andesite":31,"minecraft:leather":9,"minecraft:flint":2,"minecraft:tuff":1,"minecraft:oak_log":46,"minecraft:gunpowder":4,"minecraft:lapis_lazuli":71,"minecraft:dirt":27,"minecraft:white_banner":1,"alexscaves:galena":17,"minecraft:bone":10,"minecraft:wheat_seeds":7,"minecraft:raw_gold":14,"minecraft:iron_ingot":4,"minecraft:oak_planks":5,"minecraft:dandelion":1,"minecraft:dripstone_block":14,"minecraft:gravel":9,"minecraft:spruce_sapling":7,"minecraft:white_bed":3,"minecraft:spruce_log":307,"minecraft:dark_oak_log":1,"minecraft:spider_eye":1,"minecraft:granite":23,"alexscaves:scarlet_neodymium_pillar":10,"minecraft:coal":249},"minecraft:used":{"minecraft:stone_sword":377,"minecraft:flint_and_steel":24,"minecraft:shield":39,"minecraft:torch":142,"minecraft:granite":13,"minecraft:lava_bucket":2,"minecraft:iron_axe":330,"minecraft:beef":3,"minecraft:furnace":10,"minecraft:pointed_dripstone":2,"minecraft:cooked_mutton":4,"minecraft:water_bucket":1,"minecraft:stone_pickaxe":662,"minecraft:oak_planks":12,"alexscaves:scarlet_neodymium_pillar":1,"minecraft:wooden_pickaxe":4,"minecraft:crafting_table":15,"minecraft:crossbow":3,"minecraft:white_bed":2,"minecraft:bread":66,"minecraft:iron_pickaxe":198,"minecraft:spruce_sapling":6,"minecraft:stone_axe":108,"minecraft:cobblestone":55,"minecraft:cooked_porkchop":21,"minecraft:andesite":6,"minecraft:bucket":4},"minecraft:broken":{"minecraft:leather_helmet":1,"minecraft:stone_sword":2,"minecraft:leather_leggings":1,"minecraft:stone_pickaxe":4,"minecraft:iron_axe":1},"minecraft:mined":{"minecraft:tuff":1,"minecraft:white_bed":3,"minecraft:cobblestone_stairs":1,"minecraft:dark_oak_log":1,"minecraft:granite":23,"minecraft:grass_block":2,"minecraft:spruce_leaves":3,"alexscaves:galena":11,"minecraft:hay_block":55,"minecraft:furnace":10,"minecraft:iron_ore":14,"alexscaves:energized_galena_azure":7,"minecraft:andesite":31,"minecraft:deepslate_lapis_ore":9,"alexscaves:scarlet_neodymium_node":1,"minecraft:pointed_dripstone":4,"minecraft:deepslate_iron_ore":22,"minecraft:stripped_oak_log":8,"minecraft:stone":443,"minecraft:deepslate_redstone_ore":4,"minecraft:dandelion":1,"minecraft:crafting_table":13,"minecraft:cornflower":1,"minecraft:torch":1,"minecraft:tall_grass":7,"minecraft:copper_ore":5,"minecraft:deepslate_coal_ore":1,"minecraft:lapis_ore":1,"minecraft:deepslate_gold_ore":14,"minecraft:sugar_cane":72,"minecraft:oak_planks":5,"minecraft:diorite":22,"minecraft:wall_torch":7,"minecraft:birch_planks":1,"minecraft:spruce_log":313,"minecraft:white_wall_banner":1,"minecraft:grass":47,"minecraft:oak_log":43,"minecraft:coal_ore":127,"minecraft:gravel":11,"minecraft:dripstone_block":5,"minecraft:dirt":6,"minecraft:oak_leaves":2,"alexscaves:scarlet_neodymium_pillar":12,"minecraft:deepslate":74,"minecraft:infested_stone":4},"minecraft:custom":{"minecraft:interact_with_anvil":1,"minecraft:mob_kills":63,"minecraft:interact_with_crafting_table":55,"minecraft:leave_game":23,"minecraft:time_since_death":296,"minecraft:sprint_one_cm":653078,"minecraft:walk_one_cm":563355,"minecraft:damage_blocked_by_shield":2725,"minecraft:drop":61,"minecraft:damage_dealt_absorbed":213,"minecraft:talked_to_villager":65,"minecraft:play_time":229607,"minecraft:deaths":19,"minecraft:sneak_time":19820,"minecraft:walk_under_water_one_cm":10771,"minecraft:jump":3598,"minecraft:walk_on_water_one_cm":17437,"minecraft:total_world_time":229607,"minecraft:interact_with_furnace":81,"minecraft:traded_with_villager":91,"minecraft:interact_with_cartography_table":1,"minecraft:interact_with_grindstone":1,"minecraft:sleep_in_bed":9,"minecraft:time_since_rest":320,"minecraft:damage_taken":9898,"minecraft:damage_dealt":10128,"minecraft:swim_one_cm":54036,"minecraft:fly_one_cm":754221,"minecraft:open_chest":18,"minecraft:crouch_one_cm":60735,"minecraft:fall_one_cm":323364},"minecraft:dropped":{"minecraft:bread":35,"minecraft:golden_boots":1,"minecraft:iron_ingot":1,"minecraft:wheat_seeds":5,"minecraft:crafting_table":1,"minecraft:dripstone_block":14,"minecraft:cobblestone":1,"minecraft:leather":1,"minecraft:diorite":8,"minecraft:iron_leggings":1,"minecraft:string":4,"minecraft:bone":1,"minecraft:stone_axe":1,"minecraft:stone_sword":1,"minecraft:pointed_dripstone":7,"minecraft:rotten_flesh":6,"minecraft:oak_planks":19,"minecraft:iron_boots":1,"sophisticatedbackpacks:backpack":2,"minecraft:gunpowder":2,"minecraft:andesite":8,"minecraft:spider_eye":1,"minecraft:wooden_pickaxe":2,"minecraft:stone_pickaxe":1,"minecraft:beef":2,"minecraft:egg":1}},"DataVersion":3465}