{"stats":{"minecraft:killed":{"dungeonsweaponry:vanguard":1,"minecraft:skeleton":3,"minecraft:horse":1,"minecraft:chicken":3,"minecraft:zombie":2},"minecraft:crafted":{"minecraft:oak_planks":36,"minecraft:furnace":2,"minecraft:iron_boots":2,"minecraft:stone_pickaxe":1,"minecraft:crafting_table":3,"minecraft:spruce_planks":24,"minecraft:iron_helmet":2,"minecraft:wooden_pickaxe":1,"minecraft:copper_ingot":1,"minecraft:oak_wood":3,"minecraft:iron_chestplate":1,"minecraft:shield":2,"minecraft:stick":24,"minecraft:iron_ingot":47,"minecraft:iron_pickaxe":5,"minecraft:iron_leggings":2},"minecraft:killed_by":{"minecraft:zombie_villager":1,"minecraft:player":12,"minecraft:creeper":10,"minecraft:spider":2,"minecraft:enderman":1,"minecraft:iron_golem":1,"dungeonsweaponry:vanguard":2,"minecraft:skeleton":8,"minecraft:zombie":2},"minecraft:picked_up":{"minecraft:iron_chestplate":2,"minecraft:crafting_table":8,"minecraft:chicken":2,"minecraft:chest_minecart":1,"minecraft:wooden_pickaxe":1,"minecraft:shield":1,"minecraft:amethyst_block":4,"minecraft:cornflower":4,"minecraft:string":3,"minecraft:iron_axe":2,"minecraft:raw_copper":53,"minecraft:cobbled_deepslate":112,"minecraft:detector_rail":16,"minecraft:poppy":11,"minecraft:iron_pickaxe":2,"minecraft:furnace":4,"minecraft:egg":1,"minecraft:stick":4,"minecraft:raw_iron":182,"minecraft:oak_door":1,"minecraft:torch":24,"sophisticatedbackpacks:backpack":2,"minecraft:pointed_dripstone":26,"minecraft:diorite":120,"minecraft:carrot":1,"minecraft:redstone":36,"minecraft:arrow":9,"minecraft:rotten_flesh":5,"minecraft:rail":70,"minecraft:cobblestone":222,"minecraft:feather":5,"minecraft:water_bucket":1,"minecraft:andesite":51,"minecraft:brown_wool":1,"minecraft:leather":3,"minecraft:filled_map":1,"minecraft:oak_log":16,"minecraft:lapis_lazuli":24,"minecraft:dirt":64,"minecraft:name_tag":4,"minecraft:bone":9,"minecraft:apple":2,"minecraft:stone_bricks":14,"minecraft:wheat_seeds":13,"minecraft:raw_gold":24,"minecraft:iron_ingot":30,"minecraft:stone_pickaxe":1,"minecraft:oak_planks":12,"minecraft:dandelion":9,"minecraft:dripstone_block":3,"minecraft:gravel":3,"minecraft:spruce_sapling":8,"minecraft:white_bed":2,"minecraft:spruce_log":7,"minecraft:pumpkin_seeds":18,"minecraft:diamond":4,"minecraft:granite":34,"minecraft:emerald":2,"dungeonsweaponry:glaive":1,"minecraft:bread":1,"minecraft:oak_sapling":8,"minecraft:coal":128},"minecraft:used":{"minecraft:shield":57,"minecraft:rotten_flesh":4,"minecraft:iron_chestplate":2,"minecraft:torch":5,"minecraft:dirt":64,"minecraft:carrot":2,"minecraft:oak_wood":2,"minecraft:granite":1,"minecraft:lava_bucket":6,"minecraft:iron_axe":83,"minecraft:furnace":5,"minecraft:egg":1,"minecraft:pointed_dripstone":2,"minecraft:water_bucket":92,"minecraft:diorite":29,"minecraft:stone_pickaxe":134,"dungeonsweaponry:glaive":5,"minecraft:oak_planks":1,"minecraft:wooden_pickaxe":59,"minecraft:glow_berries":1,"minecraft:crafting_table":10,"minecraft:white_bed":1,"minecraft:spruce_log":1,"minecraft:apple":2,"minecraft:chicken":2,"minecraft:bread":1,"minecraft:brown_wool":1,"minecraft:iron_pickaxe":935,"minecraft:cobblestone":10,"minecraft:andesite":27,"minecraft:bucket":97},"minecraft:broken":{"minecraft:iron_boots":1,"minecraft:wooden_pickaxe":1,"minecraft:stone_pickaxe":1,"dungeonsweaponry:glaive":1,"minecraft:shield":1,"minecraft:iron_pickaxe":3,"minecraft:iron_helmet":1},"minecraft:mined":{"minecraft:large_amethyst_bud":1,"minecraft:tuff":4,"minecraft:white_bed":2,"minecraft:deepslate_diamond_ore":4,"minecraft:glow_lichen":2,"minecraft:granite":40,"minecraft:grass_block":26,"minecraft:brown_wool":1,"minecraft:spawner":1,"minecraft:spruce_sapling":2,"minecraft:furnace":4,"minecraft:iron_ore":121,"minecraft:cobbled_deepslate":4,"minecraft:fire":2,"minecraft:andesite":48,"minecraft:white_glazed_terracotta":1,"minecraft:pointed_dripstone":11,"minecraft:deepslate_iron_ore":30,"minecraft:stripped_oak_log":1,"minecraft:stone":404,"minecraft:deepslate_redstone_ore":7,"minecraft:dandelion":6,"minecraft:crafting_table":8,"minecraft:cornflower":1,"minecraft:torch":1,"minecraft:emerald_ore":2,"minecraft:poppy":1,"minecraft:tall_grass":8,"minecraft:copper_ore":14,"minecraft:cobblestone":2,"minecraft:lapis_ore":4,"minecraft:deepslate_gold_ore":15,"minecraft:lily_pad":1,"minecraft:oak_planks":17,"minecraft:diorite":87,"minecraft:wall_torch":9,"minecraft:amethyst_block":2,"minecraft:spruce_log":5,"minecraft:yellow_bed":1,"minecraft:stone_brick_stairs":1,"minecraft:grass":36,"minecraft:oak_log":13,"minecraft:coal_ore":93,"minecraft:gravel":12,"minecraft:dripstone_block":4,"minecraft:dirt":34,"minecraft:stone_bricks":2,"minecraft:gold_ore":7,"minecraft:oak_leaves":9,"minecraft:deepslate":107},"minecraft:custom":{"minecraft:interact_with_smithing_table":1,"minecraft:mob_kills":10,"minecraft:interact_with_crafting_table":40,"minecraft:fill_cauldron":3,"minecraft:leave_game":10,"minecraft:time_since_death":1233,"minecraft:climb_one_cm":4701,"minecraft:sprint_one_cm":759249,"minecraft:walk_one_cm":1702914,"minecraft:damage_blocked_by_shield":3610,"minecraft:drop":103,"minecraft:talked_to_villager":16,"minecraft:play_time":448008,"minecraft:deaths":55,"minecraft:sneak_time":3383,"minecraft:walk_under_water_one_cm":41186,"minecraft:jump":6968,"minecraft:walk_on_water_one_cm":117112,"minecraft:total_world_time":448008,"minecraft:interact_with_furnace":30,"minecraft:sleep_in_bed":4,"minecraft:time_since_rest":1237,"minecraft:damage_taken":14698,"minecraft:damage_dealt":3264,"minecraft:player_kills":1,"minecraft:swim_one_cm":22285,"minecraft:fly_one_cm":437252,"minecraft:open_chest":19,"minecraft:crouch_one_cm":11256,"minecraft:use_cauldron":3,"minecraft:fall_one_cm":190640},"minecraft:dropped":{"minecraft:wheat_seeds":12,"minecraft:dripstone_block":3,"minecraft:cobblestone":130,"minecraft:feather":3,"minecraft:leather":3,"minecraft:amethyst_block":2,"minecraft:granite":7,"minecraft:rail":70,"minecraft:coal":13,"minecraft:diorite":20,"minecraft:cornflower":4,"minecraft:iron_leggings":1,"minecraft:iron_axe":2,"minecraft:iron_pickaxe":2,"minecraft:string":1,"minecraft:spruce_sapling":8,"minecraft:dandelion":9,"minecraft:oak_door":1,"minecraft:gravel":3,"minecraft:detector_rail":16,"minecraft:cobbled_deepslate":37,"minecraft:pointed_dripstone":24,"minecraft:raw_iron":30,"sophisticatedbackpacks:backpack":1,"dungeonsweaponry:glaive":1,"minecraft:name_tag":4,"minecraft:pumpkin_seeds":18,"minecraft:filled_map":2,"minecraft:poppy":11,"minecraft:shield":1,"minecraft:iron_chestplate":2,"minecraft:andesite":24,"minecraft:oak_sapling":9,"minecraft:wooden_pickaxe":1,"minecraft:stone_pickaxe":1}},"DataVersion":3465}