{"stats":{"minecraft:custom":{"minecraft:interact_with_smithing_table":1,"minecraft:interact_with_furnace":19,"minecraft:mob_kills":3,"minecraft:interact_with_crafting_table":22,"minecraft:leave_game":7,"minecraft:time_since_death":25211,"minecraft:sleep_in_bed":1,"minecraft:time_since_rest":25257,"minecraft:sprint_one_cm":357128,"minecraft:damage_taken":4922,"minecraft:walk_one_cm":768463,"minecraft:drop":41,"minecraft:damage_dealt":551,"minecraft:swim_one_cm":18583,"minecraft:fly_one_cm":202691,"minecraft:open_chest":2,"minecraft:play_time":192446,"minecraft:crouch_one_cm":693,"minecraft:deaths":17,"minecraft:sneak_time":176,"minecraft:walk_under_water_one_cm":10090,"minecraft:jump":3043,"minecraft:walk_on_water_one_cm":28649,"minecraft:total_world_time":192446,"minecraft:fall_one_cm":90737},"minecraft:used":{"minecraft:water_bucket":18,"minecraft:stone_pickaxe":134,"minecraft:oak_planks":1,"minecraft:wooden_pickaxe":52,"minecraft:rotten_flesh":4,"minecraft:torch":4,"minecraft:dirt":40,"minecraft:crafting_table":6,"minecraft:white_bed":1,"minecraft:oak_wood":2,"minecraft:spruce_log":1,"minecraft:apple":2,"minecraft:chicken":2,"minecraft:bread":1,"minecraft:brown_wool":1,"minecraft:iron_pickaxe":155,"minecraft:furnace":3,"minecraft:bucket":18,"minecraft:egg":1,"minecraft:pointed_dripstone":2},"minecraft:broken":{"minecraft:stone_pickaxe":1},"minecraft:killed":{"minecraft:horse":1,"minecraft:chicken":2},"minecraft:picked_up":{"minecraft:crafting_table":4,"minecraft:feather":5,"minecraft:chicken":2,"minecraft:chest_minecart":1,"minecraft:water_bucket":1,"minecraft:andesite":8,"minecraft:brown_wool":1,"minecraft:leather":2,"minecraft:wooden_pickaxe":1,"minecraft:oak_log":12,"minecraft:cornflower":4,"minecraft:string":1,"minecraft:dirt":51,"minecraft:raw_copper":42,"minecraft:iron_axe":1,"minecraft:name_tag":2,"minecraft:bone":5,"minecraft:apple":2,"minecraft:wheat_seeds":13,"minecraft:cobbled_deepslate":15,"minecraft:detector_rail":16,"minecraft:raw_gold":14,"minecraft:stone_pickaxe":1,"minecraft:poppy":2,"minecraft:oak_planks":12,"minecraft:furnace":2,"minecraft:egg":1,"minecraft:stick":4,"minecraft:raw_iron":67,"minecraft:torch":9,"minecraft:dandelion":9,"sophisticatedbackpacks:backpack":1,"minecraft:gravel":3,"minecraft:spruce_sapling":4,"minecraft:pointed_dripstone":22,"minecraft:diorite":30,"minecraft:white_bed":1,"minecraft:spruce_log":3,"minecraft:redstone":36,"minecraft:pumpkin_seeds":6,"minecraft:arrow":6,"minecraft:rotten_flesh":4,"minecraft:diamond":4,"minecraft:granite":7,"minecraft:bread":1,"minecraft:emerald":2,"minecraft:coal":65,"minecraft:rail":70,"minecraft:cobblestone":67},"minecraft:killed_by":{"minecraft:zombie_villager":1,"minecraft:player":2,"minecraft:skeleton":2,"minecraft:creeper":1,"minecraft:spider":1,"minecraft:zombie":2,"minecraft:enderman":1,"minecraft:iron_golem":1},"minecraft:crafted":{"minecraft:oak_planks":36,"minecraft:crafting_table":3,"minecraft:spruce_planks":8,"minecraft:iron_helmet":1,"minecraft:wooden_pickaxe":1,"minecraft:furnace":1,"minecraft:copper_ingot":1,"minecraft:oak_wood":3,"minecraft:iron_boots":1,"minecraft:iron_chestplate":1,"minecraft:shield":1,"minecraft:stick":12,"minecraft:iron_ingot":32,"minecraft:iron_pickaxe":2,"minecraft:stone_pickaxe":1,"minecraft:iron_leggings":1},"minecraft:mined":{"minecraft:deepslate_redstone_ore":7,"minecraft:large_amethyst_bud":1,"minecraft:white_bed":1,"minecraft:deepslate_diamond_ore":4,"minecraft:dandelion":3,"minecraft:cornflower":1,"minecraft:crafting_table":4,"minecraft:granite":8,"minecraft:emerald_ore":2,"minecraft:grass_block":21,"minecraft:poppy":1,"minecraft:brown_wool":1,"minecraft:copper_ore":13,"minecraft:tall_grass":8,"minecraft:deepslate_gold_ore":14,"minecraft:oak_planks":17,"minecraft:diorite":15,"minecraft:wall_torch":6,"minecraft:spawner":1,"minecraft:furnace":2,"minecraft:iron_ore":52,"minecraft:cobbled_deepslate":1,"minecraft:andesite":4,"minecraft:grass":34,"minecraft:coal_ore":26,"minecraft:pointed_dripstone":7,"minecraft:oak_log":12,"minecraft:deepslate_iron_ore":15,"minecraft:dirt":32,"minecraft:stripped_oak_log":1,"minecraft:stone":69,"minecraft:oak_leaves":4,"minecraft:deepslate":39},"minecraft:dropped":{"minecraft:gravel":3,"minecraft:wheat_seeds":6,"minecraft:detector_rail":16,"minecraft:feather":3,"minecraft:leather":1,"minecraft:granite":7,"minecraft:name_tag":1,"minecraft:rail":70,"minecraft:coal":12,"minecraft:poppy":1,"minecraft:diorite":16,"minecraft:cornflower":4,"minecraft:andesite":8,"minecraft:stone_pickaxe":1,"minecraft:wooden_pickaxe":1,"minecraft:iron_pickaxe":1,"minecraft:dandelion":9}},"DataVersion":3465}