{"stats":{"minecraft:custom":{"minecraft:interact_with_smithing_table":1,"minecraft:mob_kills":5,"minecraft:interact_with_crafting_table":25,"minecraft:fill_cauldron":1,"minecraft:leave_game":9,"minecraft:time_since_death":30933,"minecraft:climb_one_cm":3313,"minecraft:sprint_one_cm":491222,"minecraft:walk_one_cm":1288700,"minecraft:damage_blocked_by_shield":2200,"minecraft:drop":75,"minecraft:talked_to_villager":16,"minecraft:play_time":333527,"minecraft:deaths":33,"minecraft:sneak_time":3327,"minecraft:walk_under_water_one_cm":31228,"minecraft:jump":5083,"minecraft:walk_on_water_one_cm":87413,"minecraft:total_world_time":333527,"minecraft:interact_with_furnace":23,"minecraft:sleep_in_bed":3,"minecraft:time_since_rest":30986,"minecraft:damage_taken":9192,"minecraft:damage_dealt":1831,"minecraft:swim_one_cm":18583,"minecraft:fly_one_cm":282941,"minecraft:open_chest":19,"minecraft:crouch_one_cm":11210,"minecraft:use_cauldron":1,"minecraft:fall_one_cm":140147},"minecraft:used":{"minecraft:shield":28,"minecraft:rotten_flesh":4,"minecraft:torch":5,"minecraft:dirt":64,"minecraft:carrot":2,"minecraft:oak_wood":2,"minecraft:granite":1,"minecraft:iron_axe":38,"minecraft:furnace":4,"minecraft:egg":1,"minecraft:pointed_dripstone":2,"minecraft:water_bucket":62,"minecraft:diorite":2,"minecraft:stone_pickaxe":134,"dungeonsweaponry:glaive":5,"minecraft:oak_planks":1,"minecraft:wooden_pickaxe":59,"minecraft:glow_berries":1,"minecraft:crafting_table":7,"minecraft:white_bed":1,"minecraft:spruce_log":1,"minecraft:apple":2,"minecraft:chicken":2,"minecraft:bread":1,"minecraft:brown_wool":1,"minecraft:iron_pickaxe":468,"minecraft:cobblestone":2,"minecraft:andesite":8,"minecraft:bucket":62},"minecraft:broken":{"minecraft:wooden_pickaxe":1,"minecraft:stone_pickaxe":1,"dungeonsweaponry:glaive":1,"minecraft:iron_pickaxe":1},"minecraft:killed":{"dungeonsweaponry:vanguard":1,"minecraft:skeleton":1,"minecraft:horse":1,"minecraft:chicken":2},"minecraft:picked_up":{"minecraft:crafting_table":5,"minecraft:chicken":2,"minecraft:chest_minecart":1,"minecraft:wooden_pickaxe":1,"minecraft:amethyst_block":4,"minecraft:cornflower":4,"minecraft:string":2,"minecraft:iron_axe":1,"minecraft:raw_copper":53,"minecraft:cobbled_deepslate":103,"minecraft:detector_rail":16,"minecraft:poppy":8,"minecraft:iron_pickaxe":2,"minecraft:furnace":3,"minecraft:egg":1,"minecraft:stick":4,"minecraft:raw_iron":153,"minecraft:torch":20,"sophisticatedbackpacks:backpack":2,"minecraft:pointed_dripstone":26,"minecraft:diorite":56,"minecraft:carrot":1,"minecraft:redstone":36,"minecraft:arrow":9,"minecraft:rotten_flesh":4,"minecraft:rail":70,"minecraft:cobblestone":151,"minecraft:feather":5,"minecraft:water_bucket":1,"minecraft:andesite":31,"minecraft:brown_wool":1,"minecraft:leather":3,"minecraft:filled_map":1,"minecraft:oak_log":12,"minecraft:dirt":64,"minecraft:name_tag":4,"minecraft:bone":8,"minecraft:apple":2,"minecraft:stone_bricks":14,"minecraft:wheat_seeds":13,"minecraft:raw_gold":23,"minecraft:stone_pickaxe":1,"minecraft:oak_planks":12,"minecraft:dandelion":9,"minecraft:dripstone_block":3,"minecraft:gravel":3,"minecraft:spruce_sapling":4,"minecraft:white_bed":1,"minecraft:spruce_log":3,"minecraft:pumpkin_seeds":18,"minecraft:diamond":4,"minecraft:granite":16,"minecraft:emerald":2,"dungeonsweaponry:glaive":1,"minecraft:bread":1,"minecraft:oak_sapling":6,"minecraft:coal":91},"minecraft:killed_by":{"minecraft:zombie_villager":1,"minecraft:player":8,"minecraft:creeper":5,"minecraft:spider":2,"minecraft:enderman":1,"minecraft:iron_golem":1,"dungeonsweaponry:vanguard":2,"minecraft:skeleton":3,"minecraft:zombie":2},"minecraft:dropped":{"minecraft:wheat_seeds":12,"minecraft:cobblestone":2,"minecraft:feather":3,"minecraft:leather":2,"minecraft:amethyst_block":2,"minecraft:granite":7,"minecraft:rail":70,"minecraft:coal":13,"minecraft:diorite":16,"minecraft:cornflower":4,"minecraft:iron_pickaxe":2,"minecraft:spruce_sapling":4,"minecraft:dandelion":9,"minecraft:gravel":3,"minecraft:detector_rail":16,"minecraft:cobbled_deepslate":37,"minecraft:pointed_dripstone":24,"minecraft:raw_iron":30,"sophisticatedbackpacks:backpack":1,"dungeonsweaponry:glaive":1,"minecraft:name_tag":4,"minecraft:pumpkin_seeds":18,"minecraft:filled_map":1,"minecraft:poppy":7,"minecraft:andesite":8,"minecraft:oak_sapling":8,"minecraft:wooden_pickaxe":1,"minecraft:stone_pickaxe":1},"minecraft:crafted":{"minecraft:oak_planks":36,"minecraft:furnace":2,"minecraft:iron_boots":1,"minecraft:stone_pickaxe":1,"minecraft:crafting_table":3,"minecraft:spruce_planks":8,"minecraft:wooden_pickaxe":1,"minecraft:iron_helmet":1,"minecraft:copper_ingot":1,"minecraft:oak_wood":3,"minecraft:iron_chestplate":1,"minecraft:shield":1,"minecraft:stick":12,"minecraft:iron_ingot":39,"minecraft:iron_pickaxe":3,"minecraft:iron_leggings":1},"minecraft:mined":{"minecraft:large_amethyst_bud":1,"minecraft:tuff":3,"minecraft:white_bed":1,"minecraft:deepslate_diamond_ore":4,"minecraft:glow_lichen":2,"minecraft:granite":18,"minecraft:grass_block":21,"minecraft:brown_wool":1,"minecraft:spawner":1,"minecraft:furnace":3,"minecraft:iron_ore":93,"minecraft:cobbled_deepslate":4,"minecraft:fire":2,"minecraft:andesite":23,"minecraft:white_glazed_terracotta":1,"minecraft:pointed_dripstone":11,"minecraft:deepslate_iron_ore":28,"minecraft:stripped_oak_log":1,"minecraft:stone":167,"minecraft:deepslate_redstone_ore":7,"minecraft:dandelion":3,"minecraft:crafting_table":5,"minecraft:cornflower":1,"minecraft:torch":1,"minecraft:emerald_ore":2,"minecraft:poppy":1,"minecraft:cobblestone":1,"minecraft:tall_grass":8,"minecraft:copper_ore":14,"minecraft:deepslate_gold_ore":15,"minecraft:lily_pad":1,"minecraft:oak_planks":17,"minecraft:diorite":23,"minecraft:wall_torch":9,"minecraft:amethyst_block":2,"minecraft:yellow_bed":1,"minecraft:stone_brick_stairs":1,"minecraft:grass":36,"minecraft:oak_log":12,"minecraft:coal_ore":53,"minecraft:gravel":1,"minecraft:dripstone_block":3,"minecraft:dirt":34,"minecraft:stone_bricks":2,"minecraft:gold_ore":6,"minecraft:oak_leaves":4,"minecraft:deepslate":97}},"DataVersion":3465}