{"stats":{"minecraft:mined":{"minecraft:deepslate_redstone_ore":2,"minecraft:large_amethyst_bud":2,"minecraft:tuff":2,"minecraft:deepslate_diamond_ore":11,"minecraft:medium_amethyst_bud":2,"minecraft:amethyst_cluster":5,"minecraft:crafting_table":6,"minecraft:grass_block":2,"minecraft:copper_ore":8,"minecraft:cobblestone":9,"minecraft:spruce_leaves":1,"minecraft:deepslate_gold_ore":23,"minecraft:lapis_ore":2,"minecraft:sugar_cane":4,"minecraft:amethyst_block":6,"minecraft:deepslate_copper_ore":1,"minecraft:large_fern":2,"minecraft:furnace":5,"minecraft:cobbled_deepslate":2,"minecraft:iron_ore":21,"minecraft:spruce_log":27,"minecraft:birch_leaves":1,"minecraft:deepslate_lapis_ore":7,"minecraft:grass":9,"minecraft:coal_ore":26,"minecraft:oak_log":37,"minecraft:deepslate_iron_ore":2,"minecraft:small_amethyst_bud":2,"minecraft:stone":88,"minecraft:oak_leaves":7,"minecraft:deepslate":55},"minecraft:picked_up":{"born_in_chaos_v1:corpse_maggot":1,"minecraft:crafting_table":6,"born_in_chaos_v1:monster_flesh":3,"born_in_chaos_v1:spiritual_dust":2,"born_in_chaos_v1:seedof_chaos":1,"minecraft:leather":2,"gnumus:gnumus_claw":2,"gnumus:gnumus_pouch":1,"minecraft:tuff":2,"minecraft:oak_log":37,"minecraft:gunpowder":7,"minecraft:amethyst_block":5,"minecraft:lapis_lazuli":60,"minecraft:dirt":21,"minecraft:raw_copper":34,"gnumus:gnumus_pouch_2":1,"born_in_chaos_v1:monster_skin":1,"minecraft:bone":21,"minecraft:bow":1,"minecraft:wheat_seeds":1,"minecraft:cobbled_deepslate":59,"minecraft:raw_gold":23,"minecraft:beef":9,"minecraft:sugar_cane":7,"minecraft:furnace":5,"minecraft:raw_iron":25,"minecraft:stick":8,"minecraft:dandelion":1,"sophisticatedbackpacks:backpack":2,"minecraft:porkchop":14,"minecraft:amethyst_shard":20,"minecraft:spruce_sapling":2,"minecraft:spruce_log":24,"minecraft:redstone":10,"minecraft:arrow":9,"minecraft:rotten_flesh":7,"minecraft:diamond":11,"gnumus:gnumus_chickpeas":3,"gnumus:mouse_skin":4,"minecraft:oak_sapling":1,"minecraft:glow_berries":3,"minecraft:mutton":9,"minecraft:coal":49,"minecraft:white_wool":5,"minecraft:cobblestone":97},"minecraft:killed_by":{"minecraft:player":3},"minecraft:crafted":{"minecraft:cooked_beef":9,"minecraft:oak_planks":56,"minecraft:diamond_sword":1,"minecraft:cooked_porkchop":14,"minecraft:diamond_axe":1,"minecraft:crafting_table":1,"minecraft:wooden_pickaxe":1,"minecraft:furnace":1,"minecraft:stone_axe":1,"minecraft:cooked_mutton":9,"minecraft:air":0,"minecraft:iron_chestplate":1,"minecraft:diamond_pickaxe":1,"minecraft:iron_axe":1,"born_in_chaos_v1:fried_maggot":1,"minecraft:stick":32,"minecraft:iron_ingot":21,"minecraft:iron_pickaxe":1,"minecraft:stone_pickaxe":1,"minecraft:gold_ingot":3,"minecraft:iron_leggings":1},"minecraft:used":{"minecraft:cooked_mutton":9,"minecraft:amethyst_block":5,"minecraft:oak_planks":33,"minecraft:stone_pickaxe":104,"minecraft:wooden_pickaxe":14,"minecraft:diamond_axe":38,"minecraft:dirt":19,"minecraft:crafting_table":6,"minecraft:tuff":1,"sophisticatedbackpacks:backpack":2,"minecraft:diamond_pickaxe":125,"born_in_chaos_v1:monster_flesh":1,"minecraft:iron_axe":44,"minecraft:iron_pickaxe":38,"minecraft:bow":2,"minecraft:stone_axe":47,"minecraft:diamond_sword":118,"minecraft:cobblestone":80,"minecraft:furnace":6,"minecraft:cooked_porkchop":14,"minecraft:cobbled_deepslate":25,"minecraft:cooked_beef":3},"minecraft:dropped":{"minecraft:stone_axe":1,"alexsmobs:animal_dictionary":1,"minecraft:glow_berries":3,"minecraft:rotten_flesh":2,"sophisticatedbackpacks:backpack":1,"minecraft:pumpkin_seeds":4,"minecraft:dirt":1,"minecraft:oak_sapling":1,"minecraft:arrow":7,"minecraft:stone_pickaxe":1,"minecraft:wooden_pickaxe":1,"minecraft:spruce_sapling":2},"minecraft:custom":{"minecraft:interact_with_furnace":36,"minecraft:mob_kills":50,"minecraft:interact_with_crafting_table":9,"minecraft:damage_dealt_resisted":150,"minecraft:leave_game":2,"minecraft:time_since_death":4800,"minecraft:time_since_rest":4833,"minecraft:sprint_one_cm":211391,"minecraft:damage_taken":3372,"minecraft:walk_one_cm":128013,"minecraft:drop":14,"minecraft:damage_dealt":8449,"minecraft:damage_dealt_absorbed":40,"minecraft:swim_one_cm":18308,"minecraft:player_kills":1,"minecraft:fly_one_cm":131938,"minecraft:crouch_one_cm":28282,"minecraft:play_time":72315,"minecraft:deaths":5,"minecraft:sneak_time":7584,"minecraft:walk_under_water_one_cm":7804,"minecraft:jump":1178,"minecraft:walk_on_water_one_cm":33093,"minecraft:total_world_time":72315,"minecraft:fall_one_cm":29307},"minecraft:killed":{"minecraft:wolf":1,"born_in_chaos_v1:bonescaller":1,"minecraft:pig":7,"minecraft:witch":1,"born_in_chaos_v1:baby_skeleton":1,"minecraft:spider":3,"minecraft:creeper":5,"born_in_chaos_v1:baby_skeleton_minion":1,"born_in_chaos_v1:decrepit_skeleton":1,"born_in_chaos_v1:maggot":1,"minecraft:sheep":4,"minecraft:skeleton":10,"minecraft:zombie":5,"born_in_chaos_v1:dread_hound":3,"born_in_chaos_v1:corpse_fly":1,"gnumus:gnumus_hunter":2,"minecraft:cow":3}},"DataVersion":3465}