{"stats":{"minecraft:killed":{"born_in_chaos_v1:zombie_clown":1,"minecraft:vex":1,"minecraft:cave_spider":5,"alexsmobs:lobster":9,"minecraft:witch":1,"born_in_chaos_v1:zombie_clown_not_despawn":1,"alexsmobs:raccoon":4,"minecraft:spider":6,"alexsmobs:snow_leopard":1,"alexsmobs:seagull":1,"minecraft:zombie_horse":1,"born_in_chaos_v1:siamese_skeletonsright":1,"alexsmobs:sugar_glider":1,"born_in_chaos_v1:baby_skeleton_minion":2,"born_in_chaos_v1:maggot":10,"minecraft:skeleton":13,"minecraft:chicken":5,"gnumus:gnumus_hunter":2,"born_in_chaos_v1:corpse_fish":2,"born_in_chaos_v1:spiritof_chaos":1,"minecraft:wolf":2,"born_in_chaos_v1:bonescaller":1,"minecraft:pig":7,"alexsmobs:grizzly_bear":1,"born_in_chaos_v1:bone_imp_minion":2,"born_in_chaos_v1:baby_skeleton":5,"born_in_chaos_v1:swarmer":1,"minecraft:salmon":4,"alexsmobs:seal":4,"minecraft:creeper":6,"born_in_chaos_v1:decrepit_skeleton":4,"minecraft:sheep":9,"gnumus:gnumus_merchant":1,"born_in_chaos_v1:bloody_gadfly":1,"born_in_chaos_v1:zombie_fisherman":2,"minecraft:zombie":10,"born_in_chaos_v1:dread_hound":7,"minecraft:stray":2,"born_in_chaos_v1:corpse_fly":13,"alexsmobs:crow":1,"born_in_chaos_v1:door_knight":1,"born_in_chaos_v1:siamese_skeletonsleft":1,"minecraft:cow":3},"minecraft:custom":{"minecraft:mob_kills":157,"minecraft:interact_with_crafting_table":24,"minecraft:open_barrel":32,"minecraft:damage_dealt_resisted":769,"minecraft:leave_game":6,"minecraft:time_since_death":6749,"minecraft:damage_resisted":53,"minecraft:sprint_one_cm":647377,"minecraft:walk_one_cm":289339,"minecraft:drop":45,"minecraft:damage_dealt_absorbed":40,"minecraft:play_time":176786,"minecraft:sneak_time":14009,"minecraft:deaths":15,"minecraft:walk_under_water_one_cm":24032,"minecraft:jump":2772,"minecraft:walk_on_water_one_cm":53866,"minecraft:total_world_time":176786,"minecraft:interact_with_furnace":64,"minecraft:waystone_activated":1,"minecraft:time_since_rest":6840,"minecraft:damage_taken":8479,"minecraft:damage_dealt":22319,"minecraft:swim_one_cm":75443,"minecraft:player_kills":1,"minecraft:fly_one_cm":407016,"minecraft:open_chest":12,"minecraft:crouch_one_cm":52062,"minecraft:fall_one_cm":68047},"minecraft:mined":{"minecraft:large_amethyst_bud":2,"minecraft:red_carpet":1,"minecraft:tuff":2,"minecraft:deepslate_diamond_ore":11,"minecraft:jungle_slab":2,"minecraft:granite":1,"minecraft:grass_block":4,"farmersdelight:wild_cabbages":24,"minecraft:spruce_leaves":2,"born_in_chaos_v1:gnawed_bones":1,"minecraft:spawner":5,"minecraft:large_fern":2,"minecraft:hay_block":5,"farmersdelight:wild_onions":1,"minecraft:furnace":10,"farmersdelight:wild_rice":1,"minecraft:iron_ore":54,"minecraft:cobbled_deepslate":13,"minecraft:deepslate_lapis_ore":7,"minecraft:bookshelf":6,"minecraft:deepslate_iron_ore":2,"minecraft:small_amethyst_bud":2,"minecraft:black_candle":1,"minecraft:stone":240,"minecraft:white_wool":1,"minecraft:deepslate_redstone_ore":2,"minecraft:brown_mushroom":1,"born_in_chaos_v1:marigolds":2,"minecraft:amethyst_cluster":5,"minecraft:medium_amethyst_bud":2,"minecraft:crafting_table":9,"minecraft:copper_ore":9,"minecraft:tall_grass":1,"minecraft:cobblestone":28,"minecraft:deepslate_gold_ore":23,"minecraft:lapis_ore":13,"minecraft:sugar_cane":7,"minecraft:amethyst_block":6,"minecraft:deepslate_copper_ore":1,"farmersdelight:wild_beetroots":15,"minecraft:chain":2,"minecraft:red_candle":1,"farmersdelight:sandy_shrub":29,"minecraft:sweet_berry_bush":4,"minecraft:ice":1,"minecraft:spruce_log":27,"minecraft:birch_leaves":3,"minecraft:grass":14,"minecraft:oak_log":61,"minecraft:coal_ore":60,"minecraft:cobweb":1,"minecraft:oak_leaves":9,"minecraft:deepslate":55,"minecraft:fern":1},"minecraft:dropped":{"minecraft:iron_ingot":7,"minecraft:wheat_seeds":1,"minecraft:iron_helmet":1,"minecraft:cobblestone":1,"minecraft:weeping_vines":1,"minecraft:glow_berries":3,"minecraft:dirt":1,"born_in_chaos_v1:stimulating_decoction":2,"minecraft:chain":1,"minecraft:string":4,"minecraft:white_wool":2,"minecraft:spruce_sapling":2,"minecraft:dandelion":1,"minecraft:stone_axe":1,"alexsmobs:animal_dictionary":1,"minecraft:birch_sapling":1,"minecraft:rotten_flesh":5,"minecraft:iron_boots":1,"sophisticatedbackpacks:backpack":1,"minecraft:salmon":3,"minecraft:pumpkin_seeds":4,"minecraft:diamond_sword":1,"minecraft:tipped_arrow":1,"minecraft:oak_sapling":1,"minecraft:spider_eye":1,"minecraft:arrow":11,"minecraft:stone_pickaxe":1,"minecraft:wooden_pickaxe":1,"born_in_chaos_v1:marigolds":1},"minecraft:killed_by":{"minecraft:player":3,"alexsmobs:cachalot_whale":1,"minecraft:cave_spider":1,"minecraft:skeleton":1,"born_in_chaos_v1:supreme_bonescaller_not_despawn":2,"minecraft:zombie":1,"alexsmobs:grizzly_bear":1,"born_in_chaos_v1:bonescaller_not_despawn":1,"minecraft:vex":1},"minecraft:broken":{"minecraft:iron_chestplate":1,"minecraft:iron_leggings":1},"minecraft:crafted":{"minecraft:oak_planks":120,"minecraft:cooked_chicken":5,"minecraft:furnace":1,"minecraft:cooked_mutton":9,"born_in_chaos_v1:bone_handle":4,"minecraft:iron_boots":2,"minecraft:iron_axe":1,"born_in_chaos_v1:fried_maggot":18,"minecraft:stone_pickaxe":1,"minecraft:wheat":45,"minecraft:cooked_beef":9,"minecraft:diamond_sword":1,"minecraft:cooked_porkchop":14,"alexsmobs:cooked_lobster_tail":3,"minecraft:diamond_axe":1,"minecraft:crafting_table":2,"minecraft:wooden_pickaxe":1,"minecraft:iron_helmet":2,"minecraft:stone_axe":1,"born_in_chaos_v1:bone_heart":2,"minecraft:bread":18,"minecraft:air":0,"minecraft:shield":1,"minecraft:iron_chestplate":2,"minecraft:diamond_pickaxe":1,"minecraft:stick":32,"minecraft:iron_ingot":51,"minecraft:iron_pickaxe":1,"minecraft:gold_ingot":9,"minecraft:iron_leggings":2},"minecraft:picked_up":{"minecraft:crafting_table":9,"minecraft:chicken":5,"born_in_chaos_v1:seedof_chaos":2,"gnumus:gnumus_claw":2,"minecraft:diamond_sword":1,"born_in_chaos_v1:bloody_gadfly_eye":1,"minecraft:chain":2,"minecraft:amethyst_block":5,"minecraft:string":5,"minecraft:raw_copper":37,"minecraft:red_candle":2,"minecraft:beetroot":3,"minecraft:cobbled_deepslate":70,"farmersdelight:cabbage":8,"gnumus:packaged_goods":2,"minecraft:beef":9,"born_in_chaos_v1:gnawed_bones":3,"alexsmobs:raccoon_tail":2,"born_in_chaos_v1:stimulating_decoction":5,"minecraft:sugar_cane":11,"minecraft:birch_sapling":1,"farmersdelight:cabbage_seeds":23,"minecraft:furnace":10,"minecraft:egg":4,"minecraft:tipped_arrow":1,"minecraft:stick":8,"minecraft:raw_iron":58,"born_in_chaos_v1:shattered_skull":1,"sophisticatedbackpacks:backpack":2,"minecraft:porkchop":14,"minecraft:redstone":10,"minecraft:weeping_vines":1,"minecraft:arrow":18,"minecraft:rotten_flesh":29,"minecraft:beetroot_seeds":15,"farmersdelight:onion":1,"minecraft:hay_block":5,"gnumus:gnumus_chickpeas":3,"gnumus:mouse_skin":4,"minecraft:glow_berries":3,"minecraft:mutton":17,"alexsmobs:lobster_tail":3,"minecraft:white_wool":11,"minecraft:cobblestone":269,"born_in_chaos_v1:fused_bone":2,"born_in_chaos_v1:corpse_maggot":19,"gnumus:gnumus_doubloons":3,"minecraft:feather":9,"born_in_chaos_v1:monster_flesh":5,"born_in_chaos_v1:spiritual_dust":2,"minecraft:salmon":3,"minecraft:leather":5,"gnumus:gnumus_pouch":1,"minecraft:oak_log":60,"minecraft:tuff":2,"minecraft:gunpowder":7,"minecraft:lapis_lazuli":137,"minecraft:dirt":22,"minecraft:paper":2,"gnumus:gnumus_pouch_2":1,"born_in_chaos_v1:monster_skin":3,"born_in_chaos_v1:marigolds":2,"minecraft:bone":40,"minecraft:bow":1,"minecraft:wheat_seeds":2,"minecraft:raw_gold":37,"minecraft:iron_ingot":1,"minecraft:book":18,"minecraft:black_candle":3,"minecraft:sweet_berries":49,"born_in_chaos_v1:ethereal_spirit":1,"minecraft:dandelion":1,"minecraft:amethyst_shard":20,"minecraft:spruce_sapling":2,"minecraft:spruce_log":24,"minecraft:spider_eye":1,"minecraft:jungle_slab":2,"minecraft:diamond":11,"gnumus:gnumus_clay":6,"waystones:waystone":1,"minecraft:granite":1,"minecraft:oak_sapling":1,"born_in_chaos_v1:rotten_fish":4,"minecraft:coal":147},"minecraft:used":{"minecraft:beetroot":3,"born_in_chaos_v1:ethereal_spirit":2,"farmersdelight:cabbage":8,"minecraft:cooked_chicken":4,"born_in_chaos_v1:fried_maggot":14,"minecraft:dirt":19,"minecraft:mutton":6,"minecraft:carrot":5,"minecraft:tuff":1,"minecraft:iron_axe":44,"alexsmobs:cooked_lobster_tail":3,"born_in_chaos_v1:mint_candy":2,"minecraft:bow":2,"minecraft:sweet_berries":33,"minecraft:furnace":11,"minecraft:egg":3,"minecraft:cooked_beef":9,"minecraft:cobbled_deepslate":35,"minecraft:cooked_mutton":9,"born_in_chaos_v1:mint_ice_cream":2,"minecraft:amethyst_block":5,"minecraft:oak_planks":33,"minecraft:stone_pickaxe":104,"minecraft:wooden_pickaxe":14,"born_in_chaos_v1:stimulating_decoction":2,"minecraft:diamond_axe":125,"minecraft:white_wool":1,"farmersdelight:onion":14,"minecraft:crafting_table":11,"born_in_chaos_v1:holiday_candy":4,"sophisticatedbackpacks:backpack":3,"minecraft:diamond_pickaxe":401,"born_in_chaos_v1:monster_flesh":1,"minecraft:bread":16,"minecraft:iron_pickaxe":38,"born_in_chaos_v1:marigolds":1,"minecraft:stone_axe":47,"minecraft:diamond_sword":379,"minecraft:cobblestone":232,"born_in_chaos_v1:rotten_fish":1,"minecraft:cooked_porkchop":14,"minecraft:experience_bottle":1}},"DataVersion":3465}