{"stats":{"minecraft:mined":{"minecraft:deepslate_redstone_ore":2,"minecraft:tuff":1,"minecraft:deepslate_diamond_ore":9,"minecraft:crafting_table":5,"minecraft:copper_ore":7,"minecraft:cobblestone":5,"minecraft:deepslate_gold_ore":3,"minecraft:lapis_ore":2,"minecraft:deepslate_copper_ore":1,"minecraft:large_fern":2,"minecraft:furnace":2,"minecraft:iron_ore":10,"minecraft:spruce_log":13,"minecraft:birch_leaves":1,"minecraft:deepslate_lapis_ore":7,"minecraft:grass":2,"minecraft:coal_ore":26,"minecraft:oak_log":37,"minecraft:stone":86,"minecraft:oak_leaves":4,"minecraft:deepslate":8},"minecraft:picked_up":{"minecraft:crafting_table":5,"born_in_chaos_v1:monster_flesh":1,"minecraft:tuff":1,"minecraft:oak_log":37,"minecraft:gunpowder":5,"minecraft:lapis_lazuli":60,"minecraft:dirt":19,"minecraft:raw_copper":27,"minecraft:bone":6,"minecraft:cobbled_deepslate":10,"minecraft:raw_gold":3,"minecraft:furnace":2,"minecraft:raw_iron":10,"minecraft:stick":2,"minecraft:porkchop":14,"minecraft:spruce_log":11,"minecraft:redstone":10,"minecraft:arrow":4,"minecraft:rotten_flesh":1,"minecraft:diamond":9,"minecraft:oak_sapling":1,"minecraft:mutton":5,"minecraft:coal":26,"minecraft:white_wool":3,"minecraft:cobblestone":91},"minecraft:crafted":{"minecraft:oak_planks":56,"minecraft:diamond_sword":1,"minecraft:cooked_porkchop":7,"minecraft:diamond_axe":1,"minecraft:crafting_table":1,"minecraft:wooden_pickaxe":1,"minecraft:furnace":1,"minecraft:stone_axe":1,"minecraft:air":0,"minecraft:diamond_pickaxe":1,"minecraft:iron_axe":1,"minecraft:stick":32,"minecraft:iron_ingot":10,"minecraft:iron_pickaxe":1,"minecraft:stone_pickaxe":1},"minecraft:used":{"minecraft:stone_pickaxe":104,"minecraft:wooden_pickaxe":14,"minecraft:diamond_axe":31,"minecraft:dirt":19,"minecraft:crafting_table":5,"minecraft:tuff":1,"minecraft:diamond_pickaxe":13,"born_in_chaos_v1:monster_flesh":1,"minecraft:iron_axe":26,"minecraft:iron_pickaxe":38,"minecraft:stone_axe":47,"minecraft:diamond_sword":1,"minecraft:cobblestone":28,"minecraft:furnace":3,"minecraft:cooked_porkchop":7},"minecraft:custom":{"minecraft:interact_with_furnace":13,"minecraft:mob_kills":22,"minecraft:interact_with_crafting_table":7,"minecraft:leave_game":2,"minecraft:time_since_death":23201,"minecraft:time_since_rest":23233,"minecraft:sprint_one_cm":86130,"minecraft:damage_taken":840,"minecraft:walk_one_cm":50238,"minecraft:damage_dealt":3030,"minecraft:swim_one_cm":7106,"minecraft:fly_one_cm":42369,"minecraft:crouch_one_cm":18395,"minecraft:play_time":30315,"minecraft:deaths":1,"minecraft:sneak_time":4487,"minecraft:walk_under_water_one_cm":4924,"minecraft:jump":387,"minecraft:walk_on_water_one_cm":10909,"minecraft:total_world_time":30315,"minecraft:fall_one_cm":9664},"minecraft:killed":{"minecraft:wolf":1,"minecraft:pig":7,"born_in_chaos_v1:baby_skeleton":1,"minecraft:spider":2,"minecraft:creeper":4,"minecraft:sheep":2,"minecraft:skeleton":3,"minecraft:zombie":1,"born_in_chaos_v1:dread_hound":1}},"DataVersion":3465}