{"stats":{"minecraft:mined":{"minecraft:large_amethyst_bud":2,"minecraft:tuff":2,"minecraft:deepslate_diamond_ore":11,"minecraft:jungle_slab":2,"minecraft:grass_block":3,"farmersdelight:wild_cabbages":24,"minecraft:spruce_leaves":1,"minecraft:large_fern":2,"farmersdelight:wild_onions":1,"minecraft:furnace":8,"farmersdelight:wild_rice":1,"minecraft:iron_ore":21,"minecraft:cobbled_deepslate":13,"minecraft:deepslate_lapis_ore":7,"minecraft:deepslate_iron_ore":2,"minecraft:small_amethyst_bud":2,"minecraft:stone":177,"minecraft:deepslate_redstone_ore":2,"minecraft:brown_mushroom":1,"born_in_chaos_v1:marigolds":1,"minecraft:medium_amethyst_bud":2,"minecraft:amethyst_cluster":5,"minecraft:crafting_table":7,"minecraft:copper_ore":8,"minecraft:cobblestone":16,"minecraft:lapis_ore":2,"minecraft:deepslate_gold_ore":23,"minecraft:sugar_cane":7,"minecraft:amethyst_block":6,"minecraft:deepslate_copper_ore":1,"farmersdelight:wild_beetroots":15,"farmersdelight:sandy_shrub":29,"minecraft:ice":1,"minecraft:sweet_berry_bush":2,"minecraft:spruce_log":27,"minecraft:birch_leaves":1,"minecraft:grass":12,"minecraft:oak_log":61,"minecraft:coal_ore":60,"minecraft:oak_leaves":9,"minecraft:deepslate":55,"minecraft:fern":1},"minecraft:picked_up":{"minecraft:crafting_table":7,"minecraft:chicken":5,"born_in_chaos_v1:seedof_chaos":2,"gnumus:gnumus_claw":2,"minecraft:diamond_sword":1,"born_in_chaos_v1:bloody_gadfly_eye":1,"minecraft:amethyst_block":5,"minecraft:string":2,"minecraft:raw_copper":34,"minecraft:beetroot":3,"minecraft:cobbled_deepslate":70,"farmersdelight:cabbage":8,"gnumus:packaged_goods":2,"minecraft:beef":9,"born_in_chaos_v1:gnawed_bones":1,"alexsmobs:raccoon_tail":1,"born_in_chaos_v1:stimulating_decoction":4,"minecraft:sugar_cane":11,"farmersdelight:cabbage_seeds":23,"minecraft:egg":4,"minecraft:furnace":8,"minecraft:stick":8,"minecraft:raw_iron":25,"sophisticatedbackpacks:backpack":2,"minecraft:porkchop":14,"minecraft:redstone":10,"minecraft:rotten_flesh":21,"minecraft:arrow":9,"minecraft:beetroot_seeds":15,"farmersdelight:onion":1,"gnumus:gnumus_chickpeas":3,"gnumus:mouse_skin":4,"minecraft:glow_berries":3,"minecraft:mutton":9,"alexsmobs:lobster_tail":3,"minecraft:white_wool":5,"minecraft:cobblestone":190,"born_in_chaos_v1:corpse_maggot":12,"gnumus:gnumus_doubloons":3,"minecraft:feather":9,"born_in_chaos_v1:monster_flesh":4,"born_in_chaos_v1:spiritual_dust":2,"minecraft:salmon":3,"minecraft:leather":5,"gnumus:gnumus_pouch":1,"minecraft:oak_log":60,"minecraft:tuff":2,"minecraft:gunpowder":7,"minecraft:lapis_lazuli":60,"minecraft:dirt":22,"minecraft:paper":2,"gnumus:gnumus_pouch_2":1,"born_in_chaos_v1:monster_skin":2,"born_in_chaos_v1:marigolds":1,"minecraft:bone":25,"minecraft:bow":1,"minecraft:wheat_seeds":1,"minecraft:raw_gold":37,"minecraft:iron_ingot":1,"minecraft:sweet_berries":5,"born_in_chaos_v1:ethereal_spirit":1,"minecraft:dandelion":1,"minecraft:amethyst_shard":20,"minecraft:spruce_sapling":2,"minecraft:spruce_log":24,"minecraft:jungle_slab":2,"minecraft:diamond":11,"gnumus:gnumus_clay":6,"minecraft:oak_sapling":1,"born_in_chaos_v1:rotten_fish":4,"minecraft:coal":147},"minecraft:killed_by":{"minecraft:player":3,"alexsmobs:cachalot_whale":1,"minecraft:skeleton":1,"alexsmobs:grizzly_bear":1},"minecraft:crafted":{"minecraft:oak_planks":56,"minecraft:cooked_chicken":3,"minecraft:furnace":1,"minecraft:cooked_mutton":9,"minecraft:iron_boots":1,"minecraft:iron_axe":1,"born_in_chaos_v1:fried_maggot":12,"minecraft:stone_pickaxe":1,"minecraft:cooked_beef":9,"minecraft:diamond_sword":1,"minecraft:cooked_porkchop":14,"alexsmobs:cooked_lobster_tail":3,"minecraft:diamond_axe":1,"minecraft:crafting_table":1,"minecraft:iron_helmet":1,"minecraft:wooden_pickaxe":1,"minecraft:stone_axe":1,"minecraft:air":0,"minecraft:iron_chestplate":1,"minecraft:diamond_pickaxe":1,"minecraft:stick":32,"minecraft:iron_ingot":32,"minecraft:iron_pickaxe":1,"minecraft:gold_ingot":9,"minecraft:iron_leggings":1},"minecraft:used":{"minecraft:beetroot":3,"born_in_chaos_v1:ethereal_spirit":2,"farmersdelight:cabbage":8,"born_in_chaos_v1:fried_maggot":12,"minecraft:cooked_chicken":1,"minecraft:dirt":19,"minecraft:carrot":5,"minecraft:tuff":1,"minecraft:iron_axe":44,"alexsmobs:cooked_lobster_tail":3,"minecraft:bow":2,"minecraft:sweet_berries":3,"minecraft:furnace":9,"minecraft:cooked_beef":9,"minecraft:cobbled_deepslate":35,"minecraft:cooked_mutton":9,"minecraft:amethyst_block":5,"minecraft:stone_pickaxe":104,"minecraft:oak_planks":33,"minecraft:wooden_pickaxe":14,"minecraft:diamond_axe":88,"born_in_chaos_v1:stimulating_decoction":2,"farmersdelight:onion":14,"minecraft:crafting_table":7,"sophisticatedbackpacks:backpack":3,"minecraft:diamond_pickaxe":269,"born_in_chaos_v1:monster_flesh":1,"minecraft:bread":1,"minecraft:iron_pickaxe":38,"born_in_chaos_v1:marigolds":1,"minecraft:stone_axe":47,"minecraft:diamond_sword":255,"born_in_chaos_v1:rotten_fish":1,"minecraft:cobblestone":150,"minecraft:cooked_porkchop":14,"minecraft:experience_bottle":1},"minecraft:custom":{"minecraft:mob_kills":105,"minecraft:interact_with_crafting_table":10,"minecraft:damage_dealt_resisted":476,"minecraft:leave_game":4,"minecraft:time_since_death":966,"minecraft:sprint_one_cm":457995,"minecraft:walk_one_cm":193999,"minecraft:drop":30,"minecraft:damage_dealt_absorbed":40,"minecraft:play_time":124493,"minecraft:deaths":9,"minecraft:sneak_time":10819,"minecraft:walk_under_water_one_cm":23660,"minecraft:jump":2051,"minecraft:walk_on_water_one_cm":51097,"minecraft:total_world_time":124493,"minecraft:interact_with_furnace":52,"minecraft:time_since_rest":992,"minecraft:damage_taken":5644,"minecraft:damage_dealt":14965,"minecraft:swim_one_cm":68419,"minecraft:fly_one_cm":296164,"minecraft:player_kills":1,"minecraft:open_chest":3,"minecraft:crouch_one_cm":39780,"minecraft:fall_one_cm":54489},"minecraft:dropped":{"minecraft:iron_ingot":7,"minecraft:wheat_seeds":1,"minecraft:glow_berries":3,"minecraft:dirt":1,"born_in_chaos_v1:stimulating_decoction":2,"minecraft:string":2,"minecraft:spruce_sapling":2,"minecraft:dandelion":1,"minecraft:stone_axe":1,"alexsmobs:animal_dictionary":1,"minecraft:rotten_flesh":2,"sophisticatedbackpacks:backpack":1,"minecraft:salmon":3,"minecraft:pumpkin_seeds":4,"minecraft:diamond_sword":1,"minecraft:oak_sapling":1,"minecraft:arrow":7,"minecraft:stone_pickaxe":1,"minecraft:wooden_pickaxe":1},"minecraft:killed":{"born_in_chaos_v1:zombie_clown":1,"alexsmobs:lobster":9,"minecraft:witch":1,"alexsmobs:raccoon":1,"minecraft:spider":4,"alexsmobs:snow_leopard":1,"alexsmobs:seagull":1,"alexsmobs:sugar_glider":1,"born_in_chaos_v1:baby_skeleton_minion":1,"born_in_chaos_v1:maggot":7,"minecraft:skeleton":11,"minecraft:chicken":5,"gnumus:gnumus_hunter":2,"born_in_chaos_v1:corpse_fish":2,"born_in_chaos_v1:spiritof_chaos":1,"minecraft:wolf":2,"born_in_chaos_v1:bonescaller":1,"alexsmobs:grizzly_bear":1,"minecraft:pig":7,"born_in_chaos_v1:baby_skeleton":1,"minecraft:salmon":4,"alexsmobs:seal":4,"minecraft:creeper":5,"born_in_chaos_v1:decrepit_skeleton":3,"gnumus:gnumus_merchant":1,"minecraft:sheep":4,"born_in_chaos_v1:bloody_gadfly":1,"born_in_chaos_v1:zombie_fisherman":2,"minecraft:zombie":6,"born_in_chaos_v1:dread_hound":5,"born_in_chaos_v1:corpse_fly":7,"minecraft:cow":3}},"DataVersion":3465}