{"stats":{"minecraft:mined":{"minecraft:crafting_table":4,"minecraft:grass_block":1,"minecraft:chest":1,"minecraft:oak_planks":40,"minecraft:furnace":3,"minecraft:iron_ore":76,"minecraft:andesite":2,"minecraft:grass":6,"minecraft:coal_ore":28,"minecraft:oak_log":17,"minecraft:dirt":2,"minecraft:stone":75,"minecraft:gold_ore":17,"minecraft:oak_leaves":22},"minecraft:picked_up":{"minecraft:birch_log":7,"minecraft:crafting_table":4,"gnumus:gnumus_doubloons":12,"minecraft:chicken":1,"born_in_chaos_v1:river_mint":2,"minecraft:andesite":2,"gnumus:overripe_carrot":6,"minecraft:leather":13,"gnumus:gnumus_claw":12,"minecraft:oak_log":26,"minecraft:chain":1,"minecraft:gunpowder":2,"minecraft:dirt":48,"gnumus:gnumus_pouch_2":4,"minecraft:bone":8,"minecraft:bow":2,"minecraft:wheat_seeds":3,"minecraft:raw_gold":17,"minecraft:iron_ingot":7,"minecraft:beef":12,"minecraft:rabbit":6,"minecraft:chest":1,"minecraft:birch_sapling":1,"minecraft:oak_planks":40,"minecraft:egg":1,"minecraft:furnace":3,"minecraft:raw_iron":75,"minecraft:stick":1,"born_in_chaos_v1:shattered_skull":2,"minecraft:sweet_berries":42,"born_in_chaos_v1:phantom_powder":1,"born_in_chaos_v1:ethereal_spirit":4,"minecraft:porkchop":3,"born_in_chaos_v1:dark_rod":2,"minecraft:amethyst_shard":6,"gnumus:gnumus_cheese":2,"minecraft:rabbit_foot":1,"minecraft:arrow":3,"minecraft:rotten_flesh":5,"gnumus:gnumus_clay":22,"gnumus:gnumus_chickpeas":3,"minecraft:baked_potato":8,"gnumus:gnumus_pouch_3":2,"gnumus:mouse_skin":12,"minecraft:glow_berries":2,"minecraft:mutton":1,"minecraft:coal":28,"minecraft:white_wool":1,"minecraft:cobblestone":86},"minecraft:killed_by":{"minecraft:skeleton":1,"minecraft:spider":1,"minecraft:zombie":1,"born_in_chaos_v1:door_knight":1,"born_in_chaos_v1:maggot":1},"minecraft:crafted":{"minecraft:cooked_beef":9,"minecraft:cooked_cod":3,"minecraft:oak_planks":104,"minecraft:cooked_porkchop":3,"minecraft:crafting_table":1,"minecraft:baked_potato":4,"minecraft:cooked_chicken":1,"minecraft:wooden_pickaxe":1,"minecraft:iron_helmet":1,"minecraft:iron_sword":1,"minecraft:furnace":1,"minecraft:bucket":1,"minecraft:stone_axe":1,"minecraft:air":0,"minecraft:iron_boots":1,"minecraft:iron_chestplate":1,"minecraft:shield":1,"minecraft:stick":12,"minecraft:iron_ingot":66,"minecraft:iron_pickaxe":1,"minecraft:stone_pickaxe":1,"minecraft:wooden_axe":1,"minecraft:stone_sword":1,"minecraft:iron_leggings":1,"minecraft:cooked_rabbit":6},"minecraft:used":{"minecraft:stone_sword":50,"minecraft:stone_pickaxe":50,"minecraft:oak_planks":40,"minecraft:wooden_pickaxe":12,"minecraft:shield":50,"minecraft:iron_sword":147,"minecraft:cooked_chicken":1,"minecraft:glow_berries":3,"minecraft:dirt":7,"minecraft:mutton":1,"minecraft:crafting_table":4,"minecraft:wooden_axe":7,"gnumus:gnumus_chickpeas":3,"minecraft:iron_pickaxe":148,"minecraft:stone_axe":51,"minecraft:cobblestone":2,"minecraft:bow":4,"minecraft:sweet_berries":32,"minecraft:furnace":4,"minecraft:cooked_porkchop":3,"minecraft:bucket":2,"minecraft:andesite":2,"alexsmobs:animal_dictionary":2,"minecraft:egg":1,"minecraft:cooked_beef":5},"minecraft:dropped":{"minecraft:sweet_berries":1,"minecraft:birch_sapling":1,"minecraft:rotten_flesh":3,"born_in_chaos_v1:river_mint":2,"minecraft:wooden_axe":1,"minecraft:chain":1,"minecraft:wooden_pickaxe":1},"minecraft:custom":{"minecraft:interact_with_furnace":50,"minecraft:mob_kills":35,"minecraft:interact_with_crafting_table":21,"minecraft:open_barrel":5,"minecraft:interact_with_campfire":8,"minecraft:damage_dealt_resisted":338,"minecraft:leave_game":1,"minecraft:time_since_death":34907,"minecraft:time_since_rest":34938,"minecraft:sprint_one_cm":159344,"minecraft:walk_one_cm":227084,"minecraft:damage_taken":2272,"minecraft:damage_blocked_by_shield":1710,"minecraft:drop":10,"minecraft:damage_dealt":6614,"minecraft:swim_one_cm":33655,"minecraft:fly_one_cm":206448,"minecraft:open_chest":12,"minecraft:crouch_one_cm":4947,"minecraft:play_time":69943,"minecraft:deaths":5,"minecraft:sneak_time":2273,"minecraft:walk_under_water_one_cm":11017,"minecraft:jump":1395,"minecraft:walk_on_water_one_cm":17430,"minecraft:total_world_time":69943,"minecraft:fall_one_cm":41878},"minecraft:killed":{"gnumus:gnumus_hunter_not_dispawn":4,"minecraft:pig":2,"gnumus:gnumus_shaman":2,"born_in_chaos_v1:restless_spirit":2,"minecraft:spider":2,"born_in_chaos_v1:decrepit_skeleton":3,"minecraft:sheep":1,"minecraft:skeleton":4,"born_in_chaos_v1:phantom_creeper_copy":1,"minecraft:zombie":4,"minecraft:chicken":1,"born_in_chaos_v1:dark_vortex":1,"minecraft:cow":7}},"DataVersion":3465}