{"stats":{"minecraft:mined":{"minecraft:furnace":1,"minecraft:iron_ore":12,"minecraft:andesite":2,"minecraft:crafting_table":3,"minecraft:oak_log":17,"minecraft:stone":57,"minecraft:oak_planks":5,"minecraft:gold_ore":7,"minecraft:oak_leaves":6},"minecraft:picked_up":{"minecraft:crafting_table":3,"minecraft:raw_iron":12,"born_in_chaos_v1:shattered_skull":1,"minecraft:andesite":2,"minecraft:leather":6,"minecraft:oak_log":17,"minecraft:gunpowder":2,"minecraft:rotten_flesh":3,"minecraft:raw_gold":7,"minecraft:beef":4,"minecraft:glow_berries":2,"minecraft:mutton":1,"minecraft:oak_planks":5,"minecraft:white_wool":1,"minecraft:cobblestone":67,"minecraft:furnace":1},"minecraft:killed_by":{"born_in_chaos_v1:door_knight":1,"born_in_chaos_v1:maggot":1},"minecraft:crafted":{"minecraft:cooked_beef":4,"minecraft:oak_planks":68,"minecraft:shield":1,"minecraft:crafting_table":1,"minecraft:stick":12,"minecraft:iron_ingot":7,"minecraft:wooden_pickaxe":1,"minecraft:iron_pickaxe":1,"minecraft:stone_pickaxe":1,"minecraft:wooden_axe":1,"minecraft:stone_sword":1,"minecraft:iron_sword":1,"minecraft:furnace":1,"minecraft:stone_axe":1,"minecraft:air":0},"minecraft:used":{"minecraft:wooden_axe":7,"minecraft:stone_sword":50,"minecraft:stone_pickaxe":50,"minecraft:iron_pickaxe":17,"minecraft:oak_planks":5,"minecraft:wooden_pickaxe":12,"minecraft:iron_sword":10,"minecraft:stone_axe":14,"minecraft:glow_berries":3,"minecraft:mutton":1,"minecraft:crafting_table":3,"minecraft:furnace":1,"alexsmobs:animal_dictionary":2,"minecraft:cooked_beef":4},"minecraft:dropped":{"minecraft:wooden_axe":1,"minecraft:rotten_flesh":3,"minecraft:wooden_pickaxe":1},"minecraft:custom":{"minecraft:time_since_rest":6472,"minecraft:interact_with_furnace":11,"minecraft:sprint_one_cm":40658,"minecraft:damage_taken":1013,"minecraft:walk_one_cm":54844,"minecraft:mob_kills":9,"minecraft:drop":5,"minecraft:damage_dealt":1279,"minecraft:swim_one_cm":11849,"minecraft:interact_with_crafting_table":12,"minecraft:fly_one_cm":63394,"minecraft:crouch_one_cm":320,"minecraft:play_time":19780,"minecraft:deaths":2,"minecraft:sneak_time":350,"minecraft:walk_under_water_one_cm":7088,"minecraft:damage_dealt_resisted":338,"minecraft:jump":443,"minecraft:time_since_death":6435,"minecraft:walk_on_water_one_cm":5643,"minecraft:total_world_time":19780,"minecraft:fall_one_cm":16311},"minecraft:killed":{"minecraft:sheep":1,"minecraft:zombie":3,"minecraft:cow":3,"born_in_chaos_v1:decrepit_skeleton":1}},"DataVersion":3465}