{"stats":{"minecraft:mined":{"minecraft:crafting_table":3,"minecraft:oak_planks":37,"minecraft:furnace":1,"minecraft:iron_ore":70,"minecraft:andesite":2,"minecraft:oak_log":17,"minecraft:stone":69,"minecraft:gold_ore":14,"minecraft:oak_leaves":14},"minecraft:picked_up":{"minecraft:crafting_table":3,"minecraft:andesite":2,"minecraft:leather":6,"minecraft:oak_log":17,"minecraft:gunpowder":2,"minecraft:bone":3,"minecraft:bow":1,"minecraft:raw_gold":11,"minecraft:beef":4,"minecraft:oak_planks":37,"minecraft:furnace":1,"minecraft:raw_iron":69,"minecraft:stick":1,"born_in_chaos_v1:shattered_skull":1,"born_in_chaos_v1:ethereal_spirit":1,"born_in_chaos_v1:dark_rod":2,"minecraft:arrow":3,"minecraft:rotten_flesh":3,"minecraft:glow_berries":2,"minecraft:mutton":1,"minecraft:white_wool":1,"minecraft:cobblestone":79},"minecraft:killed_by":{"minecraft:zombie":1,"born_in_chaos_v1:door_knight":1,"born_in_chaos_v1:maggot":1},"minecraft:crafted":{"minecraft:cooked_beef":4,"minecraft:oak_planks":68,"minecraft:crafting_table":1,"minecraft:wooden_pickaxe":1,"minecraft:iron_sword":1,"minecraft:furnace":1,"minecraft:stone_axe":1,"minecraft:air":0,"minecraft:shield":1,"minecraft:stick":12,"minecraft:iron_ingot":7,"minecraft:iron_pickaxe":1,"minecraft:stone_pickaxe":1,"minecraft:wooden_axe":1,"minecraft:stone_sword":1},"minecraft:used":{"minecraft:stone_sword":50,"minecraft:stone_pickaxe":50,"minecraft:oak_planks":37,"minecraft:wooden_pickaxe":12,"minecraft:shield":4,"minecraft:iron_sword":26,"minecraft:glow_berries":3,"minecraft:mutton":1,"minecraft:crafting_table":3,"minecraft:wooden_axe":7,"minecraft:iron_pickaxe":102,"minecraft:stone_axe":46,"minecraft:furnace":1,"minecraft:andesite":2,"alexsmobs:animal_dictionary":2,"minecraft:cooked_beef":4},"minecraft:dropped":{"minecraft:rotten_flesh":3,"minecraft:wooden_axe":1,"minecraft:wooden_pickaxe":1},"minecraft:custom":{"minecraft:interact_with_furnace":11,"minecraft:mob_kills":12,"minecraft:interact_with_crafting_table":12,"minecraft:damage_dealt_resisted":338,"minecraft:time_since_death":4588,"minecraft:time_since_rest":4654,"minecraft:sprint_one_cm":62602,"minecraft:walk_one_cm":90543,"minecraft:damage_taken":1433,"minecraft:damage_blocked_by_shield":120,"minecraft:drop":5,"minecraft:damage_dealt":1969,"minecraft:swim_one_cm":24730,"minecraft:fly_one_cm":91286,"minecraft:crouch_one_cm":4823,"minecraft:play_time":31780,"minecraft:deaths":3,"minecraft:sneak_time":2232,"minecraft:walk_under_water_one_cm":9139,"minecraft:jump":684,"minecraft:walk_on_water_one_cm":11572,"minecraft:total_world_time":31780,"minecraft:fall_one_cm":22031},"minecraft:killed":{"born_in_chaos_v1:decrepit_skeleton":1,"minecraft:sheep":1,"minecraft:skeleton":2,"minecraft:zombie":3,"born_in_chaos_v1:dark_vortex":1,"minecraft:cow":3}},"DataVersion":3465}