{"stats":{"minecraft:crafted":{"minecraft:crafting_table":1,"minecraft:spruce_planks":256,"minecraft:wooden_pickaxe":1,"minecraft:stone_pickaxe":1},"minecraft:killed":{"minecraft:sheep":3,"minecraft:zombie":1},"minecraft:killed_by":{"minecraft:player":2},"minecraft:picked_up":{"minecraft:stick":4,"minecraft:crafting_table":2,"minecraft:wooden_pickaxe":1,"minecraft:spruce_sapling":8,"minecraft:spruce_log":109,"minecraft:dirt":43,"minecraft:rotten_flesh":1,"dungeonsweaponry:glaive":3,"minecraft:mutton":6,"minecraft:white_wool":4,"minecraft:cobblestone":22},"minecraft:used":{"minecraft:iron_axe":111,"dungeonsweaponry:glaive":10,"minecraft:wooden_pickaxe":22,"minecraft:spruce_sapling":4,"minecraft:iron_chestplate":1,"minecraft:dirt":4,"minecraft:crafting_table":2},"minecraft:mined":{"minecraft:spruce_log":109,"minecraft:crafting_table":2,"minecraft:stone":22},"minecraft:custom":{"minecraft:time_since_rest":18771,"minecraft:interact_with_furnace":1,"minecraft:sprint_one_cm":26063,"minecraft:damage_taken":654,"minecraft:walk_one_cm":80688,"minecraft:mob_kills":5,"minecraft:drop":4,"minecraft:damage_dealt":548,"minecraft:interact_with_crafting_table":3,"minecraft:fly_one_cm":97368,"minecraft:open_chest":4,"minecraft:crouch_one_cm":163,"minecraft:play_time":28148,"minecraft:deaths":2,"minecraft:sneak_time":35,"minecraft:jump":603,"minecraft:time_since_death":18723,"minecraft:total_world_time":28148,"minecraft:fall_one_cm":17579},"minecraft:dropped":{"dungeonsweaponry:glaive":1,"minecraft:wooden_pickaxe":2,"minecraft:spruce_sapling":4}},"DataVersion":3465}