{"stats":{"minecraft:custom":{"minecraft:interact_with_furnace":19,"minecraft:mob_kills":18,"minecraft:interact_with_crafting_table":13,"minecraft:leave_game":1,"minecraft:time_since_death":6548,"minecraft:time_since_rest":6624,"minecraft:sprint_one_cm":142503,"minecraft:damage_taken":1252,"minecraft:walk_one_cm":149100,"minecraft:damage_blocked_by_shield":690,"minecraft:drop":12,"minecraft:damage_dealt":2617,"minecraft:damage_dealt_absorbed":360,"minecraft:fly_one_cm":146924,"minecraft:swim_one_cm":12398,"minecraft:crouch_one_cm":1970,"minecraft:play_time":59260,"minecraft:deaths":2,"minecraft:sneak_time":625,"minecraft:walk_under_water_one_cm":10568,"minecraft:jump":858,"minecraft:walk_on_water_one_cm":2439,"minecraft:total_world_time":59260,"minecraft:fall_one_cm":27896,"minecraft:horse_one_cm":54},"minecraft:used":{"minecraft:cooked_mutton":2,"minecraft:shield":12,"minecraft:torch":55,"minecraft:dirt":2,"minecraft:mutton":1,"minecraft:crafting_table":3,"minecraft:dripstone_block":1,"minecraft:wooden_axe":14,"minecraft:bread":6,"minecraft:iron_axe":50,"minecraft:iron_pickaxe":120,"minecraft:cobblestone":25,"minecraft:furnace":2,"minecraft:cooked_porkchop":2,"minecraft:egg":1,"minecraft:cooked_beef":4,"minecraft:pointed_dripstone":1},"minecraft:killed":{"minecraft:pig":2,"minecraft:spider":2,"minecraft:creeper":1,"minecraft:horse":1,"minecraft:sheep":2,"minecraft:skeleton":3,"minecraft:zombie":3,"minecraft:chicken":1,"minecraft:cow":3},"minecraft:picked_up":{"minecraft:birch_log":7,"minecraft:crafting_table":3,"minecraft:feather":1,"minecraft:chicken":1,"minecraft:leather":27,"minecraft:oak_log":5,"minecraft:golden_boots":1,"minecraft:gunpowder":2,"minecraft:string":9,"minecraft:dirt":2,"minecraft:bone":2,"minecraft:raw_gold":1,"minecraft:iron_ingot":1,"minecraft:beef":7,"minecraft:iron_pickaxe":1,"minecraft:oak_planks":18,"minecraft:egg":1,"minecraft:furnace":1,"minecraft:raw_iron":27,"minecraft:dripstone_block":5,"minecraft:porkchop":4,"minecraft:pointed_dripstone":8,"minecraft:spider_eye":2,"minecraft:rotten_flesh":5,"minecraft:peony":1,"minecraft:bread":35,"minecraft:emerald":1,"minecraft:mutton":3,"minecraft:coal":28,"minecraft:white_wool":2,"minecraft:cobblestone":57},"minecraft:killed_by":{"minecraft:skeleton":1},"minecraft:mined":{"minecraft:crafting_table":3,"minecraft:emerald_ore":1,"minecraft:tall_grass":3,"minecraft:cobblestone":8,"minecraft:furnace":1,"minecraft:birch_log":7,"minecraft:iron_ore":31,"minecraft:birch_leaves":1,"minecraft:peony":1,"minecraft:grass":7,"minecraft:oak_log":5,"minecraft:pointed_dripstone":8,"minecraft:coal_ore":28,"minecraft:dripstone_block":3,"minecraft:stone":38,"minecraft:gold_ore":1,"minecraft:oak_leaves":1},"minecraft:dropped":{"minecraft:iron_ingot":2,"minecraft:rotten_flesh":5,"minecraft:wooden_axe":1,"minecraft:spider_eye":1,"minecraft:string":3},"minecraft:crafted":{"minecraft:cooked_beef":4,"minecraft:oak_planks":20,"minecraft:cooked_porkchop":2,"minecraft:crafting_table":1,"minecraft:iron_helmet":1,"minecraft:furnace":1,"minecraft:birch_planks":8,"minecraft:cooked_mutton":2,"minecraft:air":0,"minecraft:iron_chestplate":1,"minecraft:shield":1,"minecraft:iron_axe":1,"minecraft:stick":40,"minecraft:iron_ingot":25,"minecraft:wooden_axe":1,"minecraft:chest":1,"minecraft:iron_leggings":1,"minecraft:torch":60}},"DataVersion":3465}