{"stats":{"minecraft:killed":{"minecraft:magma_cube":2,"alexsmobs:straddler":1,"minecraft:wither_skeleton":3,"minecraft:blaze":1},"minecraft:custom":{"minecraft:mob_kills":15,"minecraft:interact_with_crafting_table":2,"minecraft:time_since_death":0,"minecraft:climb_one_cm":772,"minecraft:time_since_rest":15,"minecraft:waystone_activated":4,"minecraft:damage_absorbed":79,"minecraft:sprint_one_cm":144023,"minecraft:damage_taken":3434,"minecraft:walk_one_cm":190018,"minecraft:damage_blocked_by_shield":600,"minecraft:drop":20,"minecraft:damage_dealt":2231,"minecraft:fly_one_cm":203301,"minecraft:talked_to_villager":1,"minecraft:player_kills":1,"minecraft:open_chest":1,"minecraft:crouch_one_cm":1169,"minecraft:play_time":123969,"minecraft:deaths":7,"minecraft:sneak_time":243,"minecraft:walk_under_water_one_cm":1751,"minecraft:jump":814,"minecraft:walk_on_water_one_cm":4004,"minecraft:total_world_time":123969,"minecraft:fall_one_cm":37048},"minecraft:mined":{"minecraft:brown_mushroom":1,"minecraft:crafting_table":1,"alexscaves:pewen_log":2,"minecraft:fire":2,"alexscaves:curly_fern":3},"minecraft:dropped":{"alexscaves:serene_salad":2,"minecraft:stone_sword":1,"minecraft:blaze_rod":7,"minecraft:rotten_flesh":2,"minecraft:lava_bucket":2,"alexscaves:dinosaur_nugget":2,"minecraft:iron_axe":1,"minecraft:iron_pickaxe":1,"minecraft:magma_cream":2},"minecraft:killed_by":{"alexscaves:tremorsaurus":2,"minecraft:blaze":2,"minecraft:magma_cube":1},"minecraft:crafted":{"minecraft:crafting_table":1,"minecraft:iron_helmet":1,"alexscaves:pewen_planks":8,"minecraft:iron_boots":1,"minecraft:iron_chestplate":1,"minecraft:iron_axe":1,"minecraft:stick":8,"minecraft:iron_pickaxe":1,"minecraft:iron_leggings":1},"minecraft:picked_up":{"sophisticatedbackpacks:gold_backpack":1,"minecraft:crafting_table":1,"alexscaves:pewen_log":2,"minecraft:basalt":4,"minecraft:magma_cream":2,"minecraft:diamond_sword":1,"alexscaves:trilocaris_tail":1,"minecraft:packed_mud":59,"minecraft:shield":1,"alexscaves:dinosaur_nugget":65,"minecraft:iron_axe":1,"minecraft:name_tag":1,"minecraft:bone":9,"minecraft:diamond_leggings":1,"minecraft:bucket":2,"minecraft:iron_ingot":128,"alexscaves:curly_fern":2,"minecraft:diamond_helmet":1,"minecraft:moss_block":2,"alexscaves:limestone_spear":6,"minecraft:torch":1,"minecraft:stone_sword":1,"minecraft:diamond_chestplate":1,"minecraft:rotten_flesh":2,"minecraft:diamond_boots":1,"alexsmobs:emu_egg":2,"minecraft:golden_apple":2,"minecraft:gold_ingot":64,"alexscaves:serene_salad":8,"minecraft:blaze_rod":7,"minecraft:coal":8,"minecraft:diamond_pickaxe":1},"minecraft:used":{"alexsmobs:emu_egg":2,"alexscaves:dinosaur_nugget":54,"minecraft:shield":11,"minecraft:torch":1,"minecraft:golden_apple":2,"minecraft:crafting_table":1,"alexscaves:curly_fern":2,"alexscaves:limestone_spear":13,"minecraft:iron_axe":3,"minecraft:packed_mud":20,"minecraft:basalt":4,"minecraft:diamond_sword":51,"minecraft:bucket":2,"alexsmobs:animal_dictionary":2}},"DataVersion":3465}