{"stats":{"minecraft:killed":{"born_in_chaos_v1:mr_pumpkin":8,"born_in_chaos_v1:restless_spirit":2,"minecraft:spider":2,"minecraft:skeleton":2,"born_in_chaos_v1:firelight_not_despawn":1,"minecraft:magma_cube":1,"born_in_chaos_v1:diamond_termite":3,"born_in_chaos_v1:bone_imp":2,"minecraft:creeper":1,"minecraft:zombie":6,"alexsmobs:terrapin":1,"born_in_chaos_v1:corpse_fly":7,"alexsmobs:roadrunner":1,"born_in_chaos_v1:siamese_skeletonsleft":1,"alexscaves:vallumraptor":1,"minecraft:slime":1,"born_in_chaos_v1:zombie_bruiser":1,"born_in_chaos_v1:firelight":1,"born_in_chaos_v1:maggot":1,"born_in_chaos_v1:pumpkinhead":1,"alexsmobs:blue_jay":1,"born_in_chaos_v1:corpse_fish":3,"born_in_chaos_v1:seared_spirit_not_despawn":1,"born_in_chaos_v1:mr_pumpkin_controlled":1,"born_in_chaos_v1:baby_skeleton":2,"born_in_chaos_v1:spirit_guide_assistant":1,"minecraft:wandering_trader":1,"born_in_chaos_v1:decrepit_skeleton":1,"alexsmobs:catfish":1,"born_in_chaos_v1:bloody_gadfly":1,"alexscaves:subterranodon":1,"minecraft:wither_skeleton":1,"minecraft:villager":2},"minecraft:custom":{"minecraft:interact_with_crafting_table":12,"minecraft:open_barrel":10,"minecraft:bell_ring":42,"minecraft:leave_game":25,"minecraft:time_since_death":2916,"minecraft:sprint_one_cm":1648827,"minecraft:drop":105,"minecraft:talked_to_villager":89,"minecraft:play_time":761182,"minecraft:deaths":105,"minecraft:jump":12761,"minecraft:walk_on_water_one_cm":144582,"minecraft:interact_with_furnace":10,"minecraft:traded_with_villager":4,"minecraft:sleep_in_bed":12,"minecraft:waystone_activated":6,"minecraft:damage_dealt":14851,"minecraft:player_kills":1,"minecraft:crouch_one_cm":2563,"minecraft:horse_one_cm":3452,"minecraft:interact_with_smithing_table":1,"minecraft:mob_kills":67,"minecraft:interact_with_anvil":2,"minecraft:damage_dealt_resisted":1144,"minecraft:climb_one_cm":7795,"minecraft:walk_one_cm":2721725,"minecraft:sneak_time":2391,"minecraft:walk_under_water_one_cm":150774,"minecraft:boat_one_cm":279355,"minecraft:interact_with_blast_furnace":4,"minecraft:total_world_time":761182,"minecraft:time_since_rest":2946,"minecraft:damage_taken":33823,"minecraft:swim_one_cm":133685,"minecraft:fly_one_cm":1205180,"minecraft:open_chest":98,"minecraft:fall_one_cm":417504},"minecraft:mined":{"minecraft:white_bed":2,"minecraft:light_blue_carpet":1,"minecraft:carved_pumpkin":1,"minecraft:granite":4,"minecraft:red_sand":2,"minecraft:grass_block":33,"minecraft:stone_brick_wall":1,"minecraft:jungle_log":2,"minecraft:cracked_polished_blackstone_bricks":1,"minecraft:gilded_blackstone":1,"minecraft:polished_blackstone_bricks":3,"minecraft:glowstone":7,"minecraft:cobbled_deepslate":1,"minecraft:iron_ore":59,"minecraft:fire":1,"minecraft:barrel":1,"minecraft:green_stained_glass":1,"minecraft:brown_bed":4,"minecraft:dirt_path":1,"minecraft:pink_tulip":2,"minecraft:blackstone":26,"minecraft:kelp_plant":8,"minecraft:torch":4,"minecraft:chest":1,"minecraft:nether_quartz_ore":6,"minecraft:wall_torch":2,"minecraft:wheat":9,"minecraft:blue_ice":4,"minecraft:grass":54,"minecraft:sand":1,"minecraft:dirt":22,"born_in_chaos_v1:infernal_evil_pumpkin_s":1,"minecraft:netherrack":64,"minecraft:oak_leaves":19,"minecraft:deepslate":44,"minecraft:yellow_terracotta":1,"minecraft:nether_gold_ore":8,"minecraft:deepslate_diamond_ore":5,"born_in_chaos_v1:infected_diamond_ore":4,"minecraft:nether_bricks":2,"minecraft:spruce_fence":2,"minecraft:kelp":5,"minecraft:moss_block":4,"minecraft:large_fern":9,"minecraft:hay_block":2,"alexscaves:subterranodon_egg":1,"minecraft:furnace":1,"minecraft:packed_mud":7,"minecraft:dark_oak_fence_gate":1,"minecraft:andesite":2,"minecraft:gold_block":1,"minecraft:deepslate_iron_ore":18,"minecraft:lantern":1,"minecraft:packed_ice":19,"alexscaves:curly_fern":12,"minecraft:stone":35,"minecraft:glass_pane":1,"minecraft:soul_sand":2,"minecraft:oak_fence":1,"minecraft:crafting_table":1,"alexscaves:flytrap":1,"minecraft:sculk_sensor":1,"minecraft:tall_grass":10,"minecraft:polished_blackstone_brick_stairs":1,"minecraft:diorite":10,"minecraft:ice":13,"minecraft:birch_leaves":6,"minecraft:coal_ore":68,"alexscaves:cycad":1,"minecraft:gravel":1,"minecraft:gold_ore":5,"minecraft:birch_fence":2,"minecraft:fern":2},"minecraft:dropped":{"minecraft:iron_sword":5,"minecraft:moss_block":2,"minecraft:oak_log":4,"minecraft:diamond":24,"minecraft:crafting_table":1,"alexscaves:curly_fern":2,"alexscaves:flytrap":24,"minecraft:saddle":1,"born_in_chaos_v1:pieceofdarkmetal":1,"gnumus:mouse_skin":8,"minecraft:emerald":28,"minecraft:cracked_polished_blackstone_bricks":2,"minecraft:dirt":12,"minecraft:birch_fence":2,"farmersdelight:onion":8,"minecraft:gold_nugget":68,"minecraft:iron_pickaxe":3,"alexscaves:cycad":2,"minecraft:bone":21,"minecraft:armor_stand":3,"minecraft:gravel":1,"minecraft:iron_nugget":12,"alexsmobs:animal_dictionary":1,"minecraft:wheat":7,"born_in_chaos_v1:ethereal_spirit":2,"minecraft:blaze_powder":3,"minecraft:leather_chestplate":2,"gnumus:juicy_meat":4,"born_in_chaos_v1:corpse_maggot":7,"minecraft:stone_brick_wall":1,"minecraft:arrow":3,"minecraft:beef":1,"born_in_chaos_v1:marigolds":4,"minecraft:netherrack":4,"minecraft:golden_boots":1,"minecraft:bread":1,"born_in_chaos_v1:shattered_skull":5,"minecraft:wheat_seeds":38,"minecraft:dripstone_block":6,"minecraft:diamond_leggings":1,"minecraft:feather":1,"minecraft:golden_axe":1,"minecraft:iron_helmet":3,"minecraft:cobblestone":4,"minecraft:granite":2,"born_in_chaos_v1:soul_cutlass":3,"minecraft:golden_apple":3,"minecraft:lava_bucket":1,"born_in_chaos_v1:pumpkin_staff":2,"born_in_chaos_v1:gnawed_bones":1,"minecraft:diamond_helmet":1,"minecraft:zombie_head":1,"alexscaves:primitive_club":1,"minecraft:paper":1,"minecraft:string":3,"minecraft:dandelion":1,"alexscaves:serene_salad":1,"minecraft:raw_iron":15,"minecraft:iron_boots":3,"minecraft:pumpkin_seeds":19,"minecraft:potato":1,"minecraft:iron_chestplate":2,"gnumus:gnumus_chickpeas":6,"minecraft:oak_sapling":1,"minecraft:carved_pumpkin":1,"minecraft:spider_eye":6,"minecraft:diamond_boots":1},"minecraft:killed_by":{"minecraft:wither_skeleton":2,"born_in_chaos_v1:nightmare_stalker":2,"minecraft:creeper":4,"born_in_chaos_v1:baby_skeleton":1,"born_in_chaos_v1:corpse_fly":1,"minecraft:drowned":1,"cataclysm:deepling":1,"minecraft:piglin":1,"born_in_chaos_v1:diamond_termite":1,"minecraft:blaze":3,"born_in_chaos_v1:pumpkinhead":1,"minecraft:zombie":6,"born_in_chaos_v1:scarlet_persecutor":1,"alexscaves:tremorsaurus":1,"minecraft:player":17,"minecraft:spider":2,"born_in_chaos_v1:pumpkin_spirit":1,"minecraft:enderman":1,"born_in_chaos_v1:dark_vortex":1,"minecraft:iron_golem":1,"born_in_chaos_v1:zombie_clown":1,"alexsmobs:bison":1,"born_in_chaos_v1:sir_pumpkinhead_without_horse":1,"born_in_chaos_v1:bonescaller":1,"minecraft:skeleton":7,"born_in_chaos_v1:door_knight":1,"born_in_chaos_v1:dread_hound":2},"minecraft:broken":{"minecraft:golden_helmet":1,"minecraft:golden_boots":2,"minecraft:golden_leggings":2,"minecraft:iron_sword":1,"minecraft:golden_chestplate":2,"minecraft:leather_helmet":1,"minecraft:leather_chestplate":1,"minecraft:golden_axe":1,"minecraft:leather_boots":1,"minecraft:iron_pickaxe":1},"minecraft:crafted":{"born_in_chaos_v1:dark_metal_ingot":1,"minecraft:emerald":4,"minecraft:iron_ingot":4,"minecraft:iron_pickaxe":1,"minecraft:iron_nugget":1},"minecraft:picked_up":{"minecraft:iron_chestplate":1,"minecraft:wheat":8,"minecraft:lead":1,"minecraft:brown_bed":3,"minecraft:gilded_blackstone":2,"minecraft:string":1,"minecraft:armor_stand":3,"minecraft:zombie_head":1,"minecraft:experience_bottle":2,"born_in_chaos_v1:dark_metal_ingot":2,"minecraft:diamond_leggings":2,"minecraft:red_sand":28,"minecraft:gold_nugget":102,"minecraft:cobbled_deepslate":16,"minecraft:bucket":2,"gnumus:packaged_goods":1,"minecraft:iron_pickaxe":3,"minecraft:furnace":1,"alexscaves:flytrap":24,"minecraft:iron_boots":2,"minecraft:golden_helmet":1,"minecraft:stick":2,"born_in_chaos_v1:shattered_skull":3,"minecraft:oak_fence":1,"minecraft:golden_axe":1,"minecraft:diorite":10,"minecraft:stone_sword":1,"gnumus:vintage_metal":5,"minecraft:rotten_flesh":98,"farmersdelight:onion":4,"minecraft:carved_pumpkin":2,"gnumus:gnumus_chickpeas":31,"alexscaves:serene_salad":9,"alexscaves:primitive_club":2,"minecraft:leather_horse_armor":1,"minecraft:cobblestone":13,"minecraft:birch_log":2,"minecraft:leather_chestplate":3,"gnumus:gnumus_doubloons":11,"minecraft:feather":1,"minecraft:potato":1,"minecraft:dirt":35,"minecraft:lantern":1,"gnumus:gnumus_pouch_2":1,"born_in_chaos_v1:marigolds":8,"minecraft:twisting_vines":1,"minecraft:leather_boots":1,"minecraft:bone":33,"minecraft:bow":1,"minecraft:wheat_seeds":43,"minecraft:raw_gold":6,"minecraft:diamond_helmet":2,"minecraft:moss_block":4,"minecraft:sand":1,"sophisticatedbackpacks:iron_backpack":1,"alexsmobs:animal_dictionary":1,"minecraft:diamond":17,"gnumus:gnumus_clay":36,"minecraft:cracked_polished_blackstone_bricks":2,"minecraft:granite":2,"minecraft:golden_apple":6,"minecraft:emerald":2,"minecraft:bread":53,"born_in_chaos_v1:rotten_fish":2,"minecraft:oak_sapling":5,"minecraft:netherrack":62,"minecraft:crafting_table":2,"born_in_chaos_v1:diamond_termite_shard":4,"minecraft:leather_leggings":1,"minecraft:stone_brick_wall":2,"minecraft:chain":1,"minecraft:iron_axe":1,"minecraft:birch_fence":2,"minecraft:blackstone":24,"minecraft:beef":3,"born_in_chaos_v1:gnawed_bones":1,"minecraft:raw_iron":83,"alexscaves:cycad":2,"gnumus:juicy_meat":4,"minecraft:spruce_fence":1,"born_in_chaos_v1:pieceofdarkmetal":1,"minecraft:stone_pressure_plate":2,"minecraft:arrow":6,"minecraft:diamond_chestplate":1,"minecraft:nether_bricks":4,"minecraft:diamond_boots":2,"minecraft:hay_block":2,"minecraft:pink_tulip":3,"minecraft:saddle":1,"minecraft:gold_ingot":2,"gnumus:mouse_skin":8,"born_in_chaos_v1:fused_bone":1,"born_in_chaos_v1:corpse_maggot":14,"alexscaves:pewen_log":3,"born_in_chaos_v1:monster_flesh":4,"born_in_chaos_v1:pumpkin_staff":2,"minecraft:leather":6,"gnumus:gnumus_pouch":8,"minecraft:packed_mud":2,"minecraft:oak_log":4,"minecraft:golden_boots":1,"minecraft:paper":1,"born_in_chaos_v1:soul_cutlass":4,"minecraft:iron_ingot":4,"alexscaves:curly_fern":11,"minecraft:iron_sword":5,"minecraft:book":1,"born_in_chaos_v1:ethereal_spirit":2,"minecraft:dandelion":1,"minecraft:dripstone_block":6,"minecraft:gravel":6,"gnumus:gnumus_cheese":8,"minecraft:dark_oak_fence_gate":1,"minecraft:spider_eye":6,"minecraft:pumpkin_seeds":46,"minecraft:iron_helmet":4,"born_in_chaos_v1:tombstone_dark_titan_066":1,"minecraft:coal":74},"minecraft:used":{"minecraft:moss_block":2,"minecraft:red_sand":27,"minecraft:iron_sword":617,"minecraft:rotten_flesh":5,"born_in_chaos_v1:soul_cutlass":108,"born_in_chaos_v1:corpse_maggot":4,"minecraft:packed_mud":2,"alexscaves:pewen_log":3,"minecraft:bow":1,"minecraft:oak_sapling":4,"minecraft:furnace":1,"minecraft:potato":49,"minecraft:golden_boots":10,"minecraft:diorite":10,"minecraft:blackstone":24,"minecraft:golden_hoe":2,"minecraft:sand":1,"minecraft:crossbow":1,"born_in_chaos_v1:monster_flesh":2,"minecraft:bread":75,"born_in_chaos_v1:pumpkin_staff":59,"minecraft:experience_bottle":2,"minecraft:oak_fence":1,"born_in_chaos_v1:ethereal_spirit":24,"minecraft:netherrack":58,"minecraft:dirt":23,"minecraft:iron_axe":5,"minecraft:iron_boots":30,"minecraft:beef":2,"minecraft:cobbled_deepslate":16,"minecraft:golden_axe":18,"minecraft:brown_bed":3,"minecraft:leather_boots":2,"alexscaves:primitive_club":7,"farmersdelight:onion":48,"minecraft:crafting_table":1,"alexscaves:curly_fern":9,"minecraft:iron_pickaxe":464,"minecraft:cobblestone":9,"born_in_chaos_v1:tombstone_dark_titan_066":1,"minecraft:bucket":2,"alexsmobs:animal_dictionary":12}},"DataVersion":3465}