{"stats":{"minecraft:custom":{"minecraft:interact_with_furnace":7,"minecraft:mob_kills":30,"minecraft:interact_with_crafting_table":9,"minecraft:leave_game":3,"minecraft:time_since_death":77436,"minecraft:time_since_rest":77471,"minecraft:sprint_one_cm":138887,"minecraft:damage_taken":1010,"minecraft:walk_one_cm":146842,"minecraft:drop":1,"minecraft:damage_dealt":2517,"minecraft:damage_dealt_absorbed":10,"minecraft:fly_one_cm":166068,"minecraft:crouch_one_cm":595,"minecraft:play_time":116679,"minecraft:deaths":3,"minecraft:sneak_time":359,"minecraft:walk_under_water_one_cm":318,"minecraft:jump":908,"minecraft:walk_on_water_one_cm":6772,"minecraft:total_world_time":116679,"minecraft:fall_one_cm":28724},"minecraft:used":{"minecraft:stone_sword":31,"minecraft:stone_pickaxe":61,"minecraft:wooden_pickaxe":59,"minecraft:white_wool":1,"minecraft:torch":11,"minecraft:dirt":11,"minecraft:crafting_table":5,"minecraft:iron_pickaxe":58,"minecraft:stone_axe":97,"minecraft:wooden_sword":71,"minecraft:cobblestone":55,"minecraft:furnace":2,"minecraft:cooked_porkchop":5,"minecraft:cobbled_deepslate":34},"minecraft:broken":{"minecraft:wooden_sword":1,"minecraft:wooden_pickaxe":1},"minecraft:killed":{"minecraft:pig":3,"minecraft:sheep":16,"minecraft:chicken":5,"minecraft:cow":6},"minecraft:picked_up":{"minecraft:birch_log":30,"minecraft:crafting_table":2,"minecraft:feather":4,"minecraft:chicken":5,"minecraft:leather":6,"minecraft:oak_log":65,"minecraft:dirt":11,"minecraft:wheat_seeds":1,"minecraft:cobbled_deepslate":61,"minecraft:raw_gold":7,"minecraft:beef":13,"minecraft:iron_ingot":30,"minecraft:egg":4,"minecraft:raw_iron":5,"minecraft:torch":4,"minecraft:porkchop":6,"minecraft:diamond":5,"minecraft:gray_wool":1,"minecraft:oak_sapling":1,"minecraft:coal":9,"minecraft:mutton":29,"minecraft:white_wool":16,"minecraft:cobblestone":85},"minecraft:killed_by":{"minecraft:skeleton":1,"minecraft:creeper":1,"minecraft:spider":1},"minecraft:dropped":{"minecraft:oak_planks":27},"minecraft:mined":{"minecraft:deepslate_diamond_ore":3,"minecraft:crafting_table":2,"minecraft:torch":1,"minecraft:grass_block":5,"minecraft:tall_grass":4,"minecraft:cobblestone":23,"minecraft:deepslate_gold_ore":7,"minecraft:wall_torch":2,"minecraft:birch_log":30,"minecraft:cobbled_deepslate":1,"minecraft:birch_leaves":6,"minecraft:grass":19,"minecraft:coal_ore":9,"minecraft:oak_log":65,"minecraft:deepslate_iron_ore":5,"minecraft:dirt":6,"minecraft:stone":63,"minecraft:white_wool":1,"minecraft:oak_leaves":18,"minecraft:deepslate":60},"minecraft:crafted":{"minecraft:wooden_sword":1,"minecraft:oak_planks":84,"minecraft:cooked_porkchop":6,"minecraft:crafting_table":3,"minecraft:wooden_pickaxe":1,"minecraft:furnace":2,"minecraft:stone_axe":1,"minecraft:air":0,"minecraft:stick":16,"minecraft:iron_ingot":5,"minecraft:iron_pickaxe":1,"minecraft:stone_pickaxe":1,"minecraft:stone_sword":1,"minecraft:torch":16}},"DataVersion":3465}