{"stats":{"minecraft:used":{"minecraft:dirt":1},"minecraft:picked_up":{"minecraft:oak_log":5,"minecraft:dirt":2},"minecraft:mined":{"minecraft:grass":4,"minecraft:oak_log":5,"minecraft:grass_block":1,"minecraft:dirt":1},"minecraft:custom":{"minecraft:jump":109,"minecraft:time_since_rest":10189,"minecraft:crouch_one_cm":493,"minecraft:leave_game":2,"minecraft:play_time":10189,"minecraft:sprint_one_cm":5893,"minecraft:damage_taken":40,"minecraft:time_since_death":10189,"minecraft:walk_one_cm":2803,"minecraft:sneak_time":346,"minecraft:total_world_time":10189,"minecraft:fall_one_cm":3283,"minecraft:fly_one_cm":16689}},"DataVersion":3465}