{"stats":{"minecraft:broken":{"minecraft:stone_axe":2},"minecraft:mined":{"farmersdelight:wild_carrots":2,"minecraft:torch":1,"minecraft:crafting_table":13,"minecraft:grass_block":1,"minecraft:copper_ore":11,"minecraft:cobblestone":2,"minecraft:tall_grass":1,"minecraft:spruce_leaves":62,"minecraft:sugar_cane":4,"minecraft:wall_torch":2,"minecraft:spruce_stairs":1,"minecraft:hay_block":9,"gnumus:gnumus_clay_block":1,"minecraft:furnace":2,"minecraft:fire":13,"minecraft:iron_ore":5,"minecraft:spruce_log":7,"minecraft:grass":4,"minecraft:coal_ore":12,"minecraft:oak_log":20,"minecraft:gravel":2,"gnumus:fragile_gnumus_jug":6,"born_in_chaos_v1:infernal_evil_pumpkin_s":1,"minecraft:stone":31,"minecraft:oak_leaves":5},"minecraft:picked_up":{"minecraft:wooden_axe":1,"minecraft:wheat":8,"minecraft:crafting_table":13,"gnumus:gnumus_doubloons":4,"minecraft:feather":1,"minecraft:chicken":2,"born_in_chaos_v1:seedof_chaos":1,"born_in_chaos_v1:pumpkin_staff":1,"gnumus:overripe_carrot":3,"minecraft:leather":5,"minecraft:wooden_pickaxe":1,"minecraft:oak_log":20,"born_in_chaos_v1:holiday_candy":26,"minecraft:raw_copper":35,"minecraft:dirt":13,"minecraft:string":1,"minecraft:paper":4,"gnumus:gnumus_pouch_2":1,"minecraft:name_tag":2,"minecraft:cooked_mutton":2,"born_in_chaos_v1:soul_cutlass":1,"minecraft:raw_gold":1,"gnumus:packaged_goods":4,"minecraft:beef":3,"minecraft:oak_boat":5,"minecraft:rabbit":3,"minecraft:moss_block":3,"minecraft:sugar_cane":10,"minecraft:oak_planks":80,"minecraft:furnace":2,"minecraft:stick":5,"minecraft:raw_iron":5,"minecraft:torch":3,"born_in_chaos_v1:ethereal_spirit":1,"minecraft:gravel":2,"born_in_chaos_v1:pileof_dark_metal":1,"minecraft:porkchop":13,"gnumus:gnumus_cheese":1,"minecraft:spruce_sapling":4,"minecraft:spruce_log":7,"minecraft:carrot":3,"minecraft:arrow":4,"gnumus:vintage_metal":2,"minecraft:rotten_flesh":3,"gnumus:gnumus_clay":4,"minecraft:hay_block":9,"gnumus:gnumus_chickpeas":3,"born_in_chaos_v1:rotten_fish":1,"gnumus:mouse_skin":4,"minecraft:glow_berries":3,"minecraft:mutton":6,"minecraft:coal":24,"minecraft:white_wool":4,"minecraft:cobblestone":33,"born_in_chaos_v1:fused_bone":1},"minecraft:killed_by":{"born_in_chaos_v1:pumpkinhead":3,"born_in_chaos_v1:corpse_fish":1,"born_in_chaos_v1:siamese_skeletonsleft":1,"born_in_chaos_v1:sir_pumpkinhead_without_horse":2},"minecraft:crafted":{"minecraft:cooked_beef":3,"minecraft:oak_planks":80,"minecraft:crafting_table":2,"minecraft:wooden_pickaxe":1,"minecraft:furnace":1,"minecraft:bucket":1,"minecraft:stone_axe":3,"minecraft:bread":27,"minecraft:air":0,"minecraft:oak_boat":3,"minecraft:stick":12,"minecraft:iron_ingot":5,"minecraft:stone_pickaxe":1,"minecraft:wooden_axe":1,"minecraft:white_bed":1,"minecraft:torch":4,"minecraft:dark_oak_planks":16,"minecraft:wheat":73},"minecraft:used":{"minecraft:water_bucket":7,"minecraft:stone_pickaxe":70,"minecraft:wooden_pickaxe":6,"minecraft:torch":4,"minecraft:dirt":7,"minecraft:mutton":6,"minecraft:crafting_table":14,"minecraft:carrot":8,"born_in_chaos_v1:soul_cutlass":22,"minecraft:wooden_axe":4,"born_in_chaos_v1:pumpkin_staff":1,"minecraft:stone_axe":189,"minecraft:cobblestone":2,"minecraft:furnace":2,"minecraft:goat_horn":2,"minecraft:porkchop":11,"minecraft:bucket":8,"minecraft:oak_boat":5,"minecraft:cooked_beef":3,"minecraft:experience_bottle":1},"minecraft:dropped":{"minecraft:moss_block":3,"gnumus:overripe_carrot":3,"minecraft:raw_copper":2,"minecraft:rotten_flesh":3,"minecraft:cobblestone":1,"minecraft:chicken":2,"minecraft:feather":1,"minecraft:glow_berries":3,"minecraft:oak_planks":40,"minecraft:cooked_mutton":2,"minecraft:carrot":2,"minecraft:stick":4,"minecraft:dirt":6,"gnumus:gnumus_clay":4,"minecraft:wooden_axe":2,"minecraft:rabbit":3,"minecraft:oak_boat":2,"gnumus:gnumus_chickpeas":3,"minecraft:wooden_pickaxe":2,"minecraft:paper":4,"minecraft:white_wool":1},"minecraft:custom":{"minecraft:interact_with_furnace":9,"minecraft:mob_kills":30,"minecraft:interact_with_crafting_table":17,"minecraft:damage_dealt_resisted":1016,"minecraft:leave_game":1,"minecraft:time_since_death":36577,"minecraft:time_since_rest":36609,"minecraft:sprint_one_cm":109915,"minecraft:damage_taken":2556,"minecraft:walk_one_cm":52733,"minecraft:drop":25,"minecraft:damage_dealt":7440,"minecraft:swim_one_cm":42301,"minecraft:fly_one_cm":265109,"minecraft:open_chest":4,"minecraft:crouch_one_cm":10459,"minecraft:play_time":74756,"minecraft:deaths":7,"minecraft:sneak_time":3580,"minecraft:walk_under_water_one_cm":17962,"minecraft:boat_one_cm":64856,"minecraft:jump":1082,"minecraft:walk_on_water_one_cm":24446,"minecraft:total_world_time":74756,"minecraft:fall_one_cm":27557},"minecraft:killed":{"born_in_chaos_v1:fallen_chaos_knight":1,"born_in_chaos_v1:felsteed":1,"born_in_chaos_v1:mr_pumpkin":1,"minecraft:pig":5,"born_in_chaos_v1:restless_spirit":1,"born_in_chaos_v1:sir_the_headless":1,"minecraft:spider":1,"alexsmobs:seagull":1,"born_in_chaos_v1:siamese_skeletonsright":1,"born_in_chaos_v1:maggot":2,"born_in_chaos_v1:pumpkinhead":1,"minecraft:sheep":5,"minecraft:zombie":1,"minecraft:chicken":3,"gnumus:pitcher_mousse":1,"born_in_chaos_v1:corpse_fish":1,"minecraft:cow":1}},"DataVersion":3465}