{"stats":{"minecraft:mined":{"minecraft:grass":2,"minecraft:oak_log":5,"minecraft:oak_leaves":4},"minecraft:custom":{"minecraft:jump":14,"minecraft:time_since_rest":1408,"minecraft:leave_game":1,"minecraft:damage_dealt":40,"minecraft:crouch_one_cm":332,"minecraft:sprint_one_cm":1734,"minecraft:play_time":1408,"minecraft:time_since_death":1408,"minecraft:walk_one_cm":2075,"minecraft:sneak_time":154,"minecraft:total_world_time":1408,"minecraft:mob_kills":1,"minecraft:drop":1,"minecraft:fall_one_cm":209,"minecraft:fly_one_cm":902},"minecraft:dropped":{"minecraft:chicken":1},"minecraft:killed":{"minecraft:chicken":1},"minecraft:picked_up":{"minecraft:oak_log":5,"minecraft:chicken":1}},"DataVersion":3465}