{"stats":{"minecraft:broken":{"minecraft:stone_axe":1},"minecraft:mined":{"farmersdelight:wild_carrots":2,"minecraft:crafting_table":10,"minecraft:tall_grass":1,"minecraft:spruce_leaves":62,"minecraft:sugar_cane":4,"gnumus:gnumus_clay_block":1,"minecraft:furnace":1,"minecraft:spruce_log":7,"minecraft:grass":4,"minecraft:oak_log":20,"gnumus:fragile_gnumus_jug":6,"born_in_chaos_v1:infernal_evil_pumpkin_s":1,"minecraft:stone":21,"minecraft:oak_leaves":5},"minecraft:picked_up":{"minecraft:wooden_axe":1,"minecraft:crafting_table":10,"gnumus:gnumus_doubloons":4,"minecraft:feather":1,"minecraft:chicken":2,"gnumus:overripe_carrot":3,"minecraft:leather":5,"minecraft:wooden_pickaxe":1,"minecraft:oak_log":20,"minecraft:dirt":13,"minecraft:string":1,"minecraft:paper":4,"gnumus:gnumus_pouch_2":1,"minecraft:name_tag":2,"minecraft:raw_gold":1,"gnumus:packaged_goods":4,"minecraft:beef":3,"minecraft:oak_boat":2,"minecraft:rabbit":3,"minecraft:moss_block":3,"minecraft:sugar_cane":10,"minecraft:furnace":1,"minecraft:stick":5,"minecraft:porkchop":13,"gnumus:gnumus_cheese":1,"minecraft:spruce_sapling":4,"minecraft:spruce_log":7,"minecraft:carrot":3,"minecraft:arrow":4,"gnumus:vintage_metal":2,"gnumus:gnumus_clay":4,"gnumus:gnumus_chickpeas":3,"gnumus:mouse_skin":4,"minecraft:glow_berries":3,"minecraft:mutton":6,"minecraft:coal":2,"minecraft:white_wool":4,"minecraft:cobblestone":21,"born_in_chaos_v1:fused_bone":1},"minecraft:killed_by":{"born_in_chaos_v1:siamese_skeletonsleft":1,"born_in_chaos_v1:sir_pumpkinhead_without_horse":1},"minecraft:crafted":{"minecraft:cooked_beef":3,"minecraft:oak_planks":40,"minecraft:crafting_table":1,"minecraft:wooden_pickaxe":1,"minecraft:furnace":1,"minecraft:bucket":1,"minecraft:stone_axe":2,"minecraft:air":0,"minecraft:oak_boat":3,"minecraft:stick":12,"minecraft:stone_pickaxe":1,"minecraft:wooden_axe":1,"minecraft:dark_oak_planks":16},"minecraft:used":{"minecraft:stone_pickaxe":16,"minecraft:wooden_pickaxe":6,"minecraft:dirt":7,"minecraft:crafting_table":11,"minecraft:wooden_axe":4,"minecraft:stone_axe":145,"minecraft:furnace":1,"minecraft:goat_horn":2,"minecraft:porkchop":7,"minecraft:bucket":1,"minecraft:oak_boat":5,"minecraft:cooked_beef":3,"minecraft:experience_bottle":1},"minecraft:dropped":{"minecraft:moss_block":3,"minecraft:chicken":2,"minecraft:feather":1,"minecraft:glow_berries":3,"gnumus:gnumus_clay":4,"minecraft:wooden_axe":2,"minecraft:wooden_pickaxe":2},"minecraft:custom":{"minecraft:interact_with_furnace":5,"minecraft:mob_kills":17,"minecraft:interact_with_crafting_table":14,"minecraft:damage_dealt_resisted":679,"minecraft:leave_game":1,"minecraft:time_since_death":615,"minecraft:time_since_rest":641,"minecraft:sprint_one_cm":65109,"minecraft:damage_taken":976,"minecraft:walk_one_cm":31309,"minecraft:drop":10,"minecraft:damage_dealt":3926,"minecraft:swim_one_cm":17117,"minecraft:fly_one_cm":179823,"minecraft:open_chest":3,"minecraft:crouch_one_cm":6862,"minecraft:play_time":32756,"minecraft:deaths":2,"minecraft:sneak_time":2324,"minecraft:walk_under_water_one_cm":6316,"minecraft:boat_one_cm":64463,"minecraft:jump":690,"minecraft:walk_on_water_one_cm":11807,"minecraft:total_world_time":32756,"minecraft:fall_one_cm":19944},"minecraft:killed":{"minecraft:pig":5,"minecraft:spider":1,"alexsmobs:seagull":1,"born_in_chaos_v1:siamese_skeletonsright":1,"minecraft:sheep":4,"minecraft:chicken":2,"gnumus:pitcher_mousse":1,"minecraft:cow":1}},"DataVersion":3465}