{"stats":{"minecraft:crafted":{"minecraft:grindstone":1,"minecraft:oak_planks":732,"minecraft:smooth_stone":3,"minecraft:cobblestone_slab":6,"minecraft:oak_pressure_plate":1,"minecraft:stone":6,"minecraft:lever":1,"sophisticatedbackpacks:crafting_upgrade":1,"minecraft:bookshelf":1,"sophisticatedbackpacks:smelting_upgrade":1,"minecraft:diamond_helmet":1,"minecraft:diamond_leggings":1,"minecraft:chest":3,"minecraft:oak_slab":6,"sophisticatedbackpacks:backpack":1,"minecraft:arrow":64,"minecraft:emerald":342,"minecraft:cauldron":3,"minecraft:cooked_porkchop":8,"minecraft:diamond_axe":1,"minecraft:crafting_table":2,"minecraft:spruce_planks":3188,"minecraft:wooden_pickaxe":1,"minecraft:chainmail_chestplate":8,"minecraft:copper_ingot":8,"minecraft:fletching_table":1,"minecraft:birch_planks":120,"sophisticatedbackpacks:upgrade_base":1,"minecraft:lectern":2,"minecraft:iron_chestplate":11,"minecraft:shield":1,"minecraft:stick":7880,"minecraft:iron_ingot":80,"minecraft:iron_pickaxe":4,"minecraft:iron_block":1,"minecraft:gold_ingot":17,"minecraft:redstone_torch":5,"minecraft:oak_door":3,"minecraft:raw_iron":18,"minecraft:spyglass":1,"minecraft:spruce_button":4,"minecraft:furnace":3,"minecraft:piston":1,"minecraft:bone_meal":36,"alexscaves:cave_map":1,"minecraft:oak_trapdoor":4,"minecraft:iron_axe":33,"minecraft:iron_hoe":2,"minecraft:stone_pickaxe":1,"minecraft:diamond_boots":1,"minecraft:redstone_block":1,"minecraft:dark_oak_planks":180,"minecraft:chainmail_leggings":12,"sophisticatedbackpacks:iron_backpack":1,"minecraft:cooked_beef":22,"sophisticatedbackpacks:gold_backpack":1,"minecraft:bucket":3,"minecraft:stone_axe":1,"minecraft:enchanted_book":3,"minecraft:air":0,"minecraft:wooden_axe":1,"minecraft:iron_leggings":1,"minecraft:anvil":1,"minecraft:torch":64,"minecraft:diamond_chestplate":1},"minecraft:killed":{"dungeonsweaponry:wraith":6,"minecraft:cave_spider":4,"minecraft:spider":23,"dungeonsweaponry:enchanter":14,"minecraft:skeleton":71,"minecraft:chicken":2,"minecraft:pig":10,"minecraft:zombie_villager":1,"minecraft:iron_golem":4,"dungeonsweaponry:nameless_one":1,"minecraft:creeper":16,"minecraft:sheep":11,"minecraft:zombie":98,"dungeonsweaponry:geomancer":3,"minecraft:cow":16,"minecraft:vex":1,"minecraft:evoker":2,"dungeonsweaponry:vanguard":21,"minecraft:horse":3,"minecraft:drowned":8,"minecraft:bat":1,"minecraft:enderman":1},"minecraft:killed_by":{"minecraft:creeper":1,"dungeonsweaponry:vanguard":3,"minecraft:zombie":1,"minecraft:vex":5,"minecraft:player":1,"dungeonsweaponry:nameless_one":2,"minecraft:iron_golem":2,"minecraft:skeleton":3},"minecraft:picked_up":{"minecraft:iron_chestplate":1,"minecraft:wheat":3,"minecraft:redstone_block":4,"minecraft:anvil":1,"minecraft:oak_stairs":3,"alexscaves:cave_tablet":8,"minecraft:amethyst_block":9,"minecraft:string":139,"minecraft:raw_copper":8,"minecraft:smooth_stone_slab":2,"minecraft:zombie_head":1,"dungeonsweaponry:suns_grace":1,"minecraft:beetroot":1,"minecraft:cobbled_deepslate":198,"minecraft:bucket":1,"minecraft:redstone_torch":19,"minecraft:cobblestone_slab":6,"minecraft:calcite":2,"minecraft:furnace":10,"minecraft:iron_boots":1,"minecraft:stick":100,"minecraft:composter":1,"minecraft:oak_fence":3,"minecraft:torch":61,"minecraft:porkchop":19,"minecraft:lightning_rod":1,"minecraft:pointed_dripstone":32,"minecraft:diorite":35,"minecraft:rotten_flesh":128,"minecraft:bookshelf":1,"minecraft:cobblestone":485,"minecraft:birch_log":30,"minecraft:pink_petals":6,"minecraft:cooked_beef":1,"minecraft:repeater":26,"minecraft:smoker":3,"minecraft:potato":98,"alexscaves:cave_book":1,"minecraft:flint":5,"minecraft:tuff":24,"minecraft:lapis_lazuli":35,"minecraft:dirt":418,"minecraft:lantern":5,"minecraft:bone":104,"minecraft:bow":1,"minecraft:wheat_seeds":63,"minecraft:raw_gold":129,"minecraft:bell":3,"minecraft:fletching_table":10,"minecraft:oak_planks":30,"minecraft:cooked_porkchop":17,"minecraft:stripped_spruce_log":1,"sophisticatedbackpacks:iron_backpack":1,"minecraft:dark_oak_log":45,"minecraft:diamond":28,"minecraft:lever":7,"minecraft:emerald":108,"minecraft:oak_sapling":18,"minecraft:netherrack":3,"minecraft:oak_leaves":1,"minecraft:spruce_leaves":22,"minecraft:crafting_table":16,"minecraft:azure_bluet":3,"minecraft:cornflower":3,"minecraft:oak_trapdoor":5,"minecraft:iron_shovel":1,"minecraft:cracked_stone_bricks":1,"minecraft:beef":35,"minecraft:oak_boat":4,"minecraft:poppy":12,"minecraft:light_gray_wool":1,"minecraft:lectern":82,"minecraft:sugar_cane":87,"minecraft:chest":5,"minecraft:egg":10,"minecraft:dark_oak_sapling":4,"minecraft:raw_iron":357,"minecraft:oak_door":2,"minecraft:copper_ingot":1,"minecraft:trident":1,"minecraft:carrot":78,"minecraft:redstone":175,"minecraft:prismarine_crystals":3,"dungeonsweaponry:whispering_spear":1,"minecraft:smooth_sandstone_slab":26,"minecraft:arrow":56,"minecraft:beetroot_seeds":4,"minecraft:hay_block":11,"alexscaves:spelunkery_table":4,"minecraft:totem_of_undying":1,"sophisticatedbackpacks:copper_backpack":2,"minecraft:oxeye_daisy":1,"minecraft:mutton":15,"minecraft:white_wool":8,"minecraft:stripped_oak_log":3,"minecraft:glow_ink_sac":2,"minecraft:leather":15,"minecraft:red_mushroom":2,"dungeonsweaponry:venom_glaive":1,"minecraft:oak_log":187,"minecraft:yellow_bed":9,"minecraft:gunpowder":15,"minecraft:paper":11,"minecraft:stone_bricks":122,"minecraft:iron_ingot":91,"minecraft:book":12,"minecraft:smooth_basalt":1,"minecraft:chiseled_stone_bricks":1,"minecraft:dandelion":9,"minecraft:raw_iron_block":4,"minecraft:dripstone_block":6,"minecraft:gravel":39,"minecraft:amethyst_shard":44,"minecraft:spruce_sapling":169,"minecraft:white_bed":15,"minecraft:spruce_log":1149,"minecraft:spider_eye":9,"minecraft:iron_helmet":1,"dungeonsweaponry:glaive":35,"minecraft:coal":448,"minecraft:hopper":6},"minecraft:used":{"dungeonsweaponry:venom_glaive":155,"minecraft:iron_shovel":310,"minecraft:ladder":36,"minecraft:poppy":5,"minecraft:chest":8,"minecraft:shield":84,"minecraft:bell":3,"minecraft:iron_chestplate":1,"minecraft:mutton":15,"minecraft:carrot":44,"minecraft:tuff":20,"dungeonsweaponry:longbow":270,"minecraft:azure_bluet":3,"minecraft:lava_bucket":10,"minecraft:lantern":4,"minecraft:iron_helmet":1,"minecraft:stone_bricks":89,"minecraft:repeater":30,"minecraft:oak_sapling":17,"minecraft:furnace":12,"minecraft:egg":7,"minecraft:potato":48,"minecraft:diorite":10,"minecraft:stone_pickaxe":132,"minecraft:wooden_pickaxe":3,"minecraft:redstone_block":5,"minecraft:diamond_axe":1017,"minecraft:sugar_cane":41,"minecraft:oak_leaves":1,"minecraft:golden_apple":1,"minecraft:blast_furnace":1,"minecraft:dripstone_block":6,"minecraft:lightning_rod":1,"minecraft:redstone_torch":20,"minecraft:lever":7,"minecraft:bread":55,"minecraft:lectern":86,"minecraft:gravel":19,"minecraft:grindstone":1,"minecraft:smooth_stone_slab":2,"minecraft:oak_boat":4,"minecraft:bone_meal":75,"minecraft:oak_fence":3,"minecraft:oak_trapdoor":10,"minecraft:trident":2,"minecraft:redstone":18,"minecraft:oak_door":2,"minecraft:torch":376,"minecraft:spyglass":23,"minecraft:dirt":328,"minecraft:anvil":2,"minecraft:hopper":6,"minecraft:iron_hoe":7,"minecraft:wooden_axe":20,"minecraft:iron_axe":1078,"minecraft:oak_stairs":3,"minecraft:iron_boots":1,"minecraft:smooth_basalt":1,"alexscaves:spelunkery_table":2,"minecraft:light_gray_wool":1,"minecraft:beef":10,"minecraft:cooked_beef":22,"minecraft:cobbled_deepslate":179,"minecraft:pointed_dripstone":9,"sophisticatedbackpacks:gold_backpack":1,"minecraft:iron_leggings":2,"minecraft:calcite":2,"minecraft:water_bucket":124,"minecraft:amethyst_block":5,"dungeonsweaponry:trickbow":6,"minecraft:baked_potato":49,"minecraft:smooth_sandstone_slab":26,"minecraft:cauldron":8,"minecraft:fletching_table":14,"minecraft:cobblestone_slab":13,"minecraft:oak_slab":1,"minecraft:crafting_table":15,"minecraft:white_bed":14,"minecraft:spruce_log":4,"minecraft:smoker":2,"minecraft:piston":2,"minecraft:oxeye_daisy":1,"minecraft:iron_pickaxe":1652,"minecraft:map":1,"minecraft:spruce_sapling":120,"minecraft:stone_axe":77,"minecraft:chiseled_stone_bricks":1,"minecraft:cobblestone":221,"minecraft:porkchop":9,"minecraft:cooked_porkchop":27,"minecraft:bucket":139,"dungeonsweaponry:suns_grace":5,"minecraft:yellow_bed":9,"minecraft:stripped_oak_log":1,"minecraft:dandelion":1},"minecraft:broken":{"minecraft:iron_boots":2,"minecraft:iron_chestplate":1,"minecraft:iron_leggings":1,"minecraft:stone_pickaxe":1,"minecraft:stone_axe":1,"minecraft:shield":1,"minecraft:iron_axe":5,"minecraft:iron_pickaxe":6,"minecraft:iron_helmet":2},"minecraft:mined":{"minecraft:white_bed":15,"minecraft:oak_sapling":1,"minecraft:grass_block":206,"minecraft:composter":1,"minecraft:hopper":6,"minecraft:oxeye_daisy":1,"minecraft:chiseled_stone_bricks":1,"minecraft:spawner":4,"minecraft:raw_iron_block":4,"minecraft:iron_ore":139,"minecraft:cobbled_deepslate":58,"minecraft:fire":4,"minecraft:fletching_table":10,"minecraft:deepslate_lapis_ore":5,"minecraft:anvil":1,"minecraft:azure_bluet":4,"minecraft:pointed_dripstone":13,"minecraft:dirt_path":8,"minecraft:oak_stairs":3,"minecraft:deepslate_redstone_ore":36,"minecraft:smoker":3,"minecraft:amethyst_cluster":11,"minecraft:torch":27,"minecraft:calcite":2,"minecraft:poppy":3,"minecraft:chest":5,"minecraft:mushroom_stem":5,"minecraft:cobblestone":130,"minecraft:sugar_cane":68,"minecraft:oak_planks":3,"minecraft:smooth_sandstone_slab":17,"minecraft:wall_torch":24,"minecraft:amethyst_block":5,"minecraft:repeater":26,"minecraft:birch_log":30,"minecraft:wheat":17,"minecraft:stone_brick_stairs":1,"minecraft:smooth_stone_slab":1,"minecraft:grass":387,"minecraft:oak_log":147,"minecraft:beetroots":1,"minecraft:dirt":82,"minecraft:smooth_basalt":1,"dungeonsweaponry:emerald_pot":4,"minecraft:red_mushroom_block":12,"minecraft:netherrack":10,"minecraft:oak_leaves":15,"minecraft:deepslate":138,"minecraft:suspicious_gravel":1,"alexscaves:spelunkery_table":3,"minecraft:tuff":24,"minecraft:mossy_cobblestone":1,"minecraft:dark_oak_leaves":34,"minecraft:deepslate_diamond_ore":28,"minecraft:oak_door":2,"minecraft:dark_oak_log":45,"minecraft:sea_lantern":1,"minecraft:glow_lichen":1,"minecraft:lever":7,"minecraft:redstone_wire":14,"minecraft:spruce_leaves":142,"minecraft:hay_block":11,"minecraft:oak_trapdoor":4,"minecraft:spruce_sapling":16,"minecraft:furnace":11,"minecraft:carrots":25,"minecraft:stripped_spruce_log":1,"minecraft:bell":3,"minecraft:bookshelf":5,"minecraft:potatoes":30,"minecraft:deepslate_iron_ore":216,"minecraft:cobblestone_slab":8,"minecraft:lantern":3,"minecraft:stripped_oak_log":2,"minecraft:stone":340,"minecraft:podzol":2,"minecraft:redstone_block":4,"minecraft:dandelion":11,"minecraft:oak_fence":3,"minecraft:crafting_table":16,"minecraft:cornflower":2,"minecraft:emerald_ore":1,"minecraft:lectern":81,"minecraft:lightning_rod":1,"minecraft:tall_grass":52,"minecraft:copper_ore":2,"minecraft:deepslate_gold_ore":128,"minecraft:diorite":45,"minecraft:redstone_torch":19,"minecraft:spruce_log":1152,"minecraft:birch_leaves":1,"minecraft:yellow_bed":8,"minecraft:coal_ore":216,"minecraft:gravel":45,"minecraft:dripstone_block":1,"minecraft:cracked_stone_bricks":1,"minecraft:stone_bricks":95,"minecraft:gold_ore":2},"minecraft:custom":{"minecraft:interact_with_crafting_table":37,"minecraft:open_barrel":4,"minecraft:bell_ring":8,"minecraft:leave_game":11,"minecraft:time_since_death":55136,"minecraft:sprint_one_cm":1302347,"minecraft:damage_blocked_by_shield":5145,"minecraft:drop":218,"minecraft:talked_to_villager":254,"minecraft:play_time":606373,"minecraft:deaths":25,"minecraft:jump":8884,"minecraft:walk_on_water_one_cm":76680,"minecraft:interact_with_furnace":70,"minecraft:traded_with_villager":415,"minecraft:interact_with_loom":2,"minecraft:sleep_in_bed":12,"minecraft:damage_dealt":44128,"minecraft:player_kills":10,"minecraft:crouch_one_cm":103684,"minecraft:interact_with_smoker":12,"minecraft:use_cauldron":9,"minecraft:horse_one_cm":102230,"minecraft:interact_with_anvil":7,"minecraft:mob_kills":341,"minecraft:climb_one_cm":11197,"minecraft:walk_one_cm":1091535,"minecraft:damage_dealt_absorbed":200,"minecraft:sneak_time":38636,"minecraft:walk_under_water_one_cm":22515,"minecraft:boat_one_cm":90581,"minecraft:total_world_time":606373,"minecraft:interact_with_grindstone":2,"minecraft:time_since_rest":55165,"minecraft:damage_absorbed":40,"minecraft:damage_taken":15385,"minecraft:trigger_trapped_chest":2,"minecraft:swim_one_cm":38698,"minecraft:fly_one_cm":2002942,"minecraft:open_chest":57,"minecraft:fall_one_cm":263706},"minecraft:dropped":{"minecraft:cooked_beef":1,"minecraft:diamond":2,"minecraft:saddle":1,"minecraft:red_mushroom":2,"minecraft:emerald":11,"minecraft:spruce_leaves":2,"minecraft:dirt":55,"minecraft:cornflower":1,"dungeonsweaponry:suns_grace":1,"minecraft:bone":1,"minecraft:sugar_cane":1,"minecraft:lever":1,"dungeonsweaponry:whispering_spear":1,"minecraft:cobbled_deepslate":1,"alexscaves:cave_tablet":4,"minecraft:wheat":4,"minecraft:pointed_dripstone":1,"minecraft:beetroot":1,"minecraft:rotten_flesh":140,"minecraft:carrot":1,"minecraft:chainmail_chestplate":8,"minecraft:poppy":7,"alexscaves:cave_book":1,"minecraft:beetroot_seeds":4,"minecraft:melon_seeds":2,"minecraft:hopper":4,"minecraft:chest":4,"minecraft:beef":3,"minecraft:netherrack":3,"minecraft:egg":3,"minecraft:water_bucket":2,"minecraft:iron_ingot":59,"minecraft:oak_slab":1,"minecraft:wheat_seeds":63,"minecraft:iron_helmet":1,"minecraft:cobblestone":7,"alexscaves:spelunkery_table":1,"minecraft:amethyst_block":4,"minecraft:spruce_button":4,"minecraft:diorite":25,"minecraft:wooden_axe":1,"minecraft:iron_leggings":1,"dungeonsweaponry:venom_glaive":1,"minecraft:iron_axe":3,"minecraft:iron_shovel":3,"minecraft:chainmail_leggings":12,"minecraft:pink_petals":6,"minecraft:bucket":1,"minecraft:redstone":1,"minecraft:tuff":4,"minecraft:composter":1,"minecraft:iron_boots":1,"sophisticatedbackpacks:backpack":1,"dungeonsweaponry:glaive":30,"minecraft:filled_map":1,"minecraft:potato":1,"minecraft:cobblestone_slab":15,"minecraft:iron_chestplate":2,"minecraft:oak_sapling":1,"minecraft:bow":1,"minecraft:wooden_pickaxe":1}},"DataVersion":3465}