{"stats":{"minecraft:killed":{"minecraft:cave_spider":25,"born_in_chaos_v1:mr_pumpkin":15,"born_in_chaos_v1:zombie_lumberjack":12,"born_in_chaos_v1:restless_spirit":14,"born_in_chaos_v1:skeleton_demoman":6,"born_in_chaos_v1:door_knight_not_despawn":2,"born_in_chaos_v1:sir_the_headless":2,"alexsmobs:bald_eagle":1,"born_in_chaos_v1:siamese_skeletonsright":5,"born_in_chaos_v1:baby_skeleton_minion":18,"minecraft:skeleton":80,"alexsmobs:leafcutter_ant":1,"minecraft:chicken":3,"born_in_chaos_v1:skeleton_thrasher":5,"alexsmobs:straddler":11,"alexsmobs:centipede_head":2,"alexsmobs:skelewag":1,"born_in_chaos_v1:supreme_bonescaller_stage_2":5,"cataclysm:kobolediator":1,"cataclysm:wadjet":2,"minecraft:magma_cube":1,"born_in_chaos_v1:bone_imp":4,"gnumus:big_snout":2,"minecraft:pillager":10,"minecraft:zombie":129,"born_in_chaos_v1:corpse_fly":40,"cataclysm:deepling":3,"alexscaves:trilocaris":1,"alexsmobs:roadrunner":2,"born_in_chaos_v1:door_knight":2,"minecraft:cow":12,"minecraft:evoker":1,"alexsmobs:raccoon":3,"minecraft:vindicator":3,"alexsmobs:seagull":5,"born_in_chaos_v1:skeleton_thrasher_not_despawn":4,"born_in_chaos_v1:thornshell_crab":2,"born_in_chaos_v1:firelight":2,"born_in_chaos_v1:pumpkinhead":3,"gnumus:gnumus_hunter":18,"born_in_chaos_v1:seared_spirit_not_despawn":3,"cataclysm:koboleton":14,"born_in_chaos_v1:barrel_zombie":4,"gnumus:gnumus_hunter_not_dispawn":17,"cataclysm:deepling_angler":1,"born_in_chaos_v1:spiritof_chaos":2,"born_in_chaos_v1:spirit_guide":1,"minecraft:husk":5,"alexsmobs:guster":3,"born_in_chaos_v1:bone_imp_minion":68,"cataclysm:the_watcher":2,"minecraft:ravager":1,"alexsmobs:rhinoceros":1,"born_in_chaos_v1:decrepit_skeleton":35,"born_in_chaos_v1:bloody_gadfly":2,"cataclysm:royal_draugr":2,"born_in_chaos_v1:dark_vortex":5,"cataclysm:draugr":3,"alexscaves:grottoceratops":1,"minecraft:enderman":3,"born_in_chaos_v1:zombie_clown":1,"alexsmobs:hummingbird":1,"minecraft:witch":4,"minecraft:spider":57,"alexsmobs:snow_leopard":1,"minecraft:wither":1,"born_in_chaos_v1:scarlet_persecutor":2,"gnumus:pitcher_mousse":21,"minecraft:piglin_brute":15,"born_in_chaos_v1:firelight_not_despawn":11,"alexsmobs:kangaroo":1,"alexsmobs:triops":1,"minecraft:piglin":21,"born_in_chaos_v1:bonescaller":1,"minecraft:pig":10,"gnumus:gnumus_shaman":6,"alexsmobs:grizzly_bear":1,"born_in_chaos_v1:diamond_termite":40,"minecraft:zombie_villager":13,"alexsmobs:mantis_shrimp":1,"minecraft:creeper":16,"alexsmobs:crimson_mosquito":3,"gnumus:marsupial_mousse":2,"minecraft:sheep":6,"minecraft:trader_llama":2,"born_in_chaos_v1:zombie_fisherman":2,"cataclysm:deepling_brute":1,"born_in_chaos_v1:dread_hound":16,"minecraft:ghast":8,"minecraft:stray":29,"alexsmobs:fly":3,"alexsmobs:komodo_dragon":1,"born_in_chaos_v1:siamese_skeletonsleft":3,"minecraft:blaze":42,"alexscaves:vallumraptor":12,"alexsmobs:bone_serpent":1,"minecraft:vex":15,"born_in_chaos_v1:missioner":3,"alexsmobs:tarantula_hawk":1,"gnumus:pitcher_mouse_pac":1,"born_in_chaos_v1:zombie_clown_not_despawn":3,"minecraft:slime":10,"alexsmobs:rattlesnake":2,"born_in_chaos_v1:maggot":82,"born_in_chaos_v1:zombie_bruiser":9,"minecraft:phantom":2,"gnumus:gnumus_worker":10,"born_in_chaos_v1:corpse_fish":7,"alexsmobs:bison":2,"minecraft:drowned":8,"cataclysm:lionfish":1,"alexscaves:relicheirus":2,"alexsmobs:flying_fish":2,"born_in_chaos_v1:fallen_chaos_knight":4,"born_in_chaos_v1:felsteed":2,"born_in_chaos_v1:baby_skeleton":15,"born_in_chaos_v1:swarmer":3,"alexsmobs:emu":1,"born_in_chaos_v1:decaying_zombie":1,"alexsmobs:cockroach":1,"alexscaves:subterranodon":1,"born_in_chaos_v1:bonescaller_not_despawn":9,"alexsmobs:caiman":1,"born_in_chaos_v1:nightmare_stalker":5,"alexsmobs:crow":2,"minecraft:wither_skeleton":45,"born_in_chaos_v1:decaying_zombie_not_despawn":1},"minecraft:custom":{"minecraft:interact_with_crafting_table":66,"minecraft:open_barrel":164,"minecraft:bell_ring":8,"minecraft:eat_cake_slice":2,"minecraft:leave_game":26,"minecraft:time_since_death":252716,"minecraft:damage_blocked_by_shield":6885,"minecraft:play_time":1788232,"minecraft:deaths":167,"minecraft:jump":34541,"minecraft:enchant_item":79,"minecraft:interact_with_furnace":68,"minecraft:traded_with_villager":406,"minecraft:sleep_in_bed":13,"minecraft:waystone_activated":20,"minecraft:damage_dealt":264510,"minecraft:interact_with_smithing_table":21,"minecraft:horse_one_cm":58617,"minecraft:interact_with_anvil":27,"minecraft:damage_dealt_absorbed":6380,"minecraft:target_hit":3,"minecraft:sneak_time":109022,"minecraft:interact_with_blast_furnace":34,"minecraft:total_world_time":1788232,"minecraft:time_since_rest":255448,"minecraft:swim_one_cm":572240,"minecraft:fly_one_cm":8116018,"minecraft:open_chest":777,"minecraft:fall_one_cm":1095345,"minecraft:damage_resisted":25,"minecraft:sprint_one_cm":4274639,"minecraft:drop":1060,"minecraft:talked_to_villager":325,"minecraft:interact_with_brewingstand":10,"minecraft:walk_on_water_one_cm":385849,"minecraft:interact_with_loom":6,"minecraft:player_kills":8,"minecraft:crouch_one_cm":316591,"minecraft:mob_kills":1359,"minecraft:interact_with_campfire":17,"minecraft:damage_dealt_resisted":29207,"minecraft:climb_one_cm":28910,"minecraft:walk_one_cm":2828868,"minecraft:raid_win":1,"minecraft:walk_under_water_one_cm":308292,"minecraft:boat_one_cm":1242813,"minecraft:raid_trigger":1,"minecraft:interact_with_grindstone":69,"minecraft:damage_taken":86621,"minecraft:damage_absorbed":1535,"minecraft:trigger_trapped_chest":6},"minecraft:mined":{"minecraft:cut_sandstone_slab":5,"minecraft:blackstone_stairs":2,"minecraft:white_bed":13,"minecraft:fire_coral_wall_fan":2,"minecraft:jungle_leaves":1,"born_in_chaos_v1:smoldering_scorched_wood":3,"minecraft:obsidian":1,"alexscaves:limestone":163,"minecraft:granite":2,"minecraft:acacia_log":2,"born_in_chaos_v1:dark_metal_deposit":1,"minecraft:stone_brick_wall":21,"minecraft:coal_block":27,"minecraft:oxeye_daisy":1,"minecraft:chiseled_stone_bricks":1,"minecraft:nether_wart":40,"gnumus:baked_patterned_gnumus_clay":1,"minecraft:spawner":33,"minecraft:weeping_vines_plant":2,"minecraft:polished_blackstone_bricks":158,"minecraft:tall_seagrass":7,"minecraft:magma_block":30,"minecraft:cobbled_deepslate":30,"minecraft:fire":70,"minecraft:moss_carpet":1,"minecraft:pumpkin":1,"minecraft:deepslate_lapis_ore":33,"minecraft:fletching_table":24,"minecraft:enchanting_table":4,"minecraft:twisting_vines":2,"alexscaves:fiddlehead":9,"minecraft:dirt_path":9,"minecraft:oak_stairs":76,"minecraft:smooth_sandstone_stairs":5,"minecraft:iron_block":13,"minecraft:player_head":1,"minecraft:tripwire":7,"minecraft:sandstone_slab":4,"minecraft:cut_sandstone":2,"minecraft:soul_wall_torch":1,"alexscaves:amber":1,"minecraft:soul_fire":17,"minecraft:amethyst_cluster":7,"minecraft:torch":34,"born_in_chaos_v1:infected_deepslate_diamond_ore":17,"minecraft:blast_furnace":12,"minecraft:dead_bush":2,"alexscaves:pewen_wood":2,"born_in_chaos_v1:smoldering_scorched_log":11,"minecraft:glass":1,"minecraft:tube_coral_fan":1,"minecraft:sugar_cane":29,"minecraft:damaged_anvil":2,"minecraft:smooth_sandstone_slab":2,"gnumus:gnumus_clay_brick":1,"minecraft:amethyst_block":10,"minecraft:skeleton_skull":1,"minecraft:chain":9,"gnumus:gnumus_clay_block":3,"minecraft:wheat":104,"born_in_chaos_v1:black_argillite_brick":3,"minecraft:stone_brick_stairs":1,"minecraft:grass":332,"minecraft:smooth_quartz":23,"minecraft:brown_candle":1,"minecraft:zombie_wall_head":1,"minecraft:smooth_basalt":9,"born_in_chaos_v1:infernal_evil_pumpkin_s":4,"minecraft:deepslate":197,"minecraft:yellow_terracotta":22,"minecraft:attached_pumpkin_stem":1,"minecraft:mossy_cobblestone":1,"minecraft:nether_brick_wall":1,"farmersdelight:wild_carrots":2,"minecraft:nether_bricks":26,"minecraft:dark_oak_fence":11,"minecraft:spruce_fence":6,"alexscaves:pewen_log":33,"born_in_chaos_v1:black_argillite":4,"minecraft:crimson_roots":7,"minecraft:redstone_wire":1,"born_in_chaos_v1:flaming_evil_pumpkin":3,"minecraft:horn_coral_wall_fan":1,"minecraft:potted_bamboo":4,"minecraft:moss_block":26,"born_in_chaos_v1:gnawed_bones":1,"minecraft:black_stained_glass_pane":2,"minecraft:packed_mud":62,"minecraft:andesite":4,"minecraft:suspicious_sand":5,"alexscaves:pewen_pines":1,"minecraft:green_terracotta":9,"minecraft:mossy_stone_brick_stairs":1,"minecraft:vine":1,"minecraft:rail":1,"minecraft:brain_coral_wall_fan":1,"minecraft:bamboo":10,"gnumus:fragile_gnumus_jug":92,"minecraft:redstone_block":1,"minecraft:white_wool":1,"minecraft:smithing_table":2,"minecraft:soul_sand":20,"minecraft:oak_slab":2,"minecraft:glass_pane":2,"minecraft:comparator":2,"minecraft:stone_brick_slab":1,"minecraft:dandelion":3,"minecraft:smooth_sandstone":15,"minecraft:cornflower":1,"minecraft:campfire":1,"minecraft:copper_ore":20,"minecraft:tall_grass":55,"farmersdelight:wild_tomatoes":2,"minecraft:deepslate_gold_ore":271,"minecraft:spruce_log":1640,"minecraft:birch_leaves":5,"cataclysm:sandstone_falling_trap":5,"alexscaves:cycad":3,"minecraft:gravel":59,"minecraft:cobweb":7,"minecraft:stone_bricks":26,"minecraft:gold_ore":3,"minecraft:fern":19,"minecraft:large_amethyst_bud":1,"minecraft:sculk_vein":21,"minecraft:cobblestone_stairs":14,"minecraft:orange_stained_glass":3,"cataclysm:stone_pillar":1,"minecraft:spruce_trapdoor":1,"cataclysm:sandstone_ignite_trap":13,"minecraft:grass_block":212,"alexscaves:pewen_branch":1,"minecraft:cracked_polished_blackstone_bricks":65,"minecraft:gilded_blackstone":1,"minecraft:raw_iron_block":1,"minecraft:sculk_catalyst":1,"minecraft:red_nether_brick_stairs":3,"minecraft:iron_ore":80,"born_in_chaos_v1:black_argillite_brick_slab":2,"born_in_chaos_v1:black_argillite_brick_stairs":12,"alexscaves:amber_monolith":1,"cataclysm:pointed_icicle":1,"minecraft:iron_bars":8,"minecraft:spruce_slab":1,"alexscaves:fern_thatch":2,"minecraft:deepslate_redstone_ore":19,"minecraft:blackstone":143,"minecraft:cyan_terracotta":22,"farmersdelight:organic_compost":1,"minecraft:twisting_vines_plant":6,"minecraft:bamboo_stairs":2,"minecraft:calcite":9,"minecraft:chest":6,"farmersdelight:safety_net":4,"born_in_chaos_v1:black_argillite_column_slab":2,"minecraft:nether_quartz_ore":57,"minecraft:cobblestone":50,"minecraft:slime_block":52,"minecraft:grindstone":3,"minecraft:oak_planks":20,"minecraft:iron_door":2,"minecraft:wall_torch":48,"minecraft:deepslate_copper_ore":12,"minecraft:pink_petals":3,"minecraft:seagrass":4,"minecraft:light_weighted_pressure_plate":1,"minecraft:fire_coral_fan":1,"minecraft:warped_nylium":1,"minecraft:dark_oak_slab":1,"born_in_chaos_v1:tombstone_dark_titan_066":2,"born_in_chaos_v1:fired_black_argillite":6,"born_in_chaos_v1:river_mint":3,"minecraft:tnt":12,"minecraft:smooth_stone_slab":6,"minecraft:oak_log":33,"minecraft:diorite_wall":1,"minecraft:lime_terracotta":10,"minecraft:sand":151,"minecraft:dirt":137,"minecraft:tripwire_hook":1,"minecraft:netherrack":3210,"minecraft:ancient_debris":34,"minecraft:oak_leaves":40,"alexscaves:spelunkery_table":2,"minecraft:nether_gold_ore":20,"minecraft:crying_obsidian":5,"minecraft:tuff":19,"minecraft:red_carpet":1,"minecraft:deepslate_diamond_ore":70,"minecraft:mangrove_roots":1,"born_in_chaos_v1:infected_diamond_ore":7,"minecraft:glow_lichen":1,"minecraft:chiseled_bookshelf":6,"minecraft:tube_coral_wall_fan":1,"minecraft:decorated_pot":11,"minecraft:spruce_leaves":99,"minecraft:sandstone":34,"minecraft:large_fern":9,"minecraft:hay_block":76,"alexscaves:subterranodon_egg":2,"minecraft:oak_trapdoor":9,"gnumus:scion_weed":6,"minecraft:spruce_sapling":13,"minecraft:furnace":14,"minecraft:nether_sprouts":1,"minecraft:chiseled_sandstone":5,"minecraft:gold_block":50,"minecraft:bell":8,"farmersdelight:rope":6,"minecraft:bookshelf":123,"minecraft:deepslate_iron_ore":309,"minecraft:lantern":1,"minecraft:stripped_oak_log":5,"alexscaves:curly_fern":7,"minecraft:stone":120,"minecraft:podzol":38,"minecraft:scaffolding":3,"minecraft:acacia_leaves":1,"gnumus:gnumus_clay_brick_wall":4,"minecraft:basalt":43,"minecraft:oak_fence":19,"minecraft:crafting_table":30,"alexscaves:tree_star":10,"minecraft:sculk_sensor":1,"minecraft:lectern":56,"born_in_chaos_v1:chipped_black_argillite_brick":10,"minecraft:polished_blackstone_brick_stairs":1,"minecraft:sculk":231,"minecraft:spruce_stairs":2,"minecraft:sea_pickle":1,"minecraft:beehive":2,"minecraft:bee_nest":1,"minecraft:coal_ore":125,"minecraft:bubble_coral_wall_fan":2,"minecraft:flower_pot":1,"alexscaves:scarlet_neodymium_pillar":1,"minecraft:birch_fence":2},"minecraft:dropped":{"sophisticatedbackpacks:iron_backpack":1,"minecraft:iron_sword":1,"minecraft:porkchop":3,"minecraft:lapis_lazuli":1,"gnumus:overripe_carrot":46,"alexscaves:curly_fern":1,"alexscaves:flytrap":24,"minecraft:glass_bottle":3,"minecraft:diamond":30,"minecraft:crafting_table":2,"alexsmobs:kangaroo_meat":3,"cataclysm:sandstone_ignite_trap":10,"minecraft:dark_oak_slab":1,"minecraft:weeping_vines":3,"minecraft:glow_berries":9,"minecraft:archer_pottery_sherd":1,"minecraft:blackstone_stairs":1,"minecraft:cut_sandstone_slab":4,"minecraft:red_carpet":5,"minecraft:item_frame":5,"minecraft:emerald":3,"sophisticatedbackpacks:gold_backpack":2,"minecraft:packed_mud":118,"born_in_chaos_v1:monster_flesh":12,"minecraft:dirt":41,"alexsmobs:roadrunner_feather":1,"gnumus:gnumus_claw":45,"minecraft:dark_oak_fence":11,"cataclysm:pointed_icicle":2,"minecraft:horn_coral":1,"minecraft:chain":17,"alexscaves:dinosaur_nugget":64,"minecraft:writable_book":1,"minecraft:gold_nugget":48,"alexsmobs:emu_feather":5,"minecraft:bone_meal":1,"minecraft:sand":28,"born_in_chaos_v1:fired_black_argillite":3,"gnumus:grilled_juicy_meat":6,"minecraft:white_wool":5,"alexscaves:cycad":5,"minecraft:danger_pottery_sherd":1,"minecraft:bone":141,"minecraft:stone_axe":1,"minecraft:sugar_cane":3,"minecraft:ancient_debris":1,"alexsmobs:gazelle_horn":1,"minecraft:iron_nugget":25,"minecraft:cobbled_deepslate":6,"minecraft:wheat":8,"minecraft:obsidian":4,"minecraft:rotten_flesh":264,"born_in_chaos_v1:smoked_flesh":16,"minecraft:oak_planks":43,"minecraft:blaze_powder":3,"minecraft:salmon":4,"gnumus:vintage_bullet":10,"minecraft:tipped_arrow":9,"minecraft:charcoal":12,"gnumus:juicy_meat":25,"minecraft:jungle_log":1,"minecraft:acacia_sapling":1,"minecraft:yellow_banner":1,"gnumus:gnumus_pouch":8,"farmersdelight:onion_crate":4,"gnumus:vintage_parts":2,"minecraft:beef":28,"born_in_chaos_v1:marigolds":4,"farmersdelight:tomato_seeds":2,"minecraft:enchanted_book":6,"minecraft:golden_boots":1,"minecraft:iron_ingot":130,"born_in_chaos_v1:intoxicating_decoction":1,"born_in_chaos_v1:shattered_skull":5,"minecraft:wheat_seeds":223,"minecraft:clock":1,"minecraft:mourner_pottery_sherd":2,"minecraft:tnt":1,"minecraft:dripstone_block":51,"minecraft:prismarine_crystals":3,"minecraft:cobblestone":160,"alexscaves:limestone_spear":6,"minecraft:oak_fence":19,"minecraft:iron_helmet":5,"minecraft:feather":42,"born_in_chaos_v1:charmof_endurance":1,"born_in_chaos_v1:soul_cutlass":3,"alexsmobs:raw_catfish":3,"minecraft:coal":48,"minecraft:golden_apple":10,"minecraft:oxeye_daisy":4,"minecraft:lava_bucket":1,"born_in_chaos_v1:gnawed_bones":1,"born_in_chaos_v1:black_argillite":3,"minecraft:golden_carrot":32,"alexsmobs:leafcutter_ant_chamber":44,"minecraft:wooden_axe":2,"minecraft:rabbit":21,"minecraft:diamond_helmet":1,"minecraft:potion":3,"alexscaves:limestone":62,"minecraft:oak_stairs":4,"minecraft:smooth_sandstone_slab":2,"minecraft:white_banner":6,"minecraft:chainmail_leggings":2,"minecraft:paper":56,"minecraft:string":20,"minecraft:smooth_sandstone":7,"minecraft:acacia_planks":3,"minecraft:skull_pottery_sherd":1,"minecraft:stone_brick_slab":1,"alexscaves:pewen_pines":1,"minecraft:furnace":1,"minecraft:moss_carpet":1,"minecraft:green_terracotta":17,"minecraft:soul_torch":1,"minecraft:stone_sword":10,"minecraft:smooth_stone_slab":8,"minecraft:bowl":1,"minecraft:deepslate":1,"born_in_chaos_v1:rotten_fish":6,"minecraft:chicken":5,"minecraft:iron_boots":4,"minecraft:name_tag":2,"minecraft:nether_bricks":2,"minecraft:oak_sign":2,"minecraft:pumpkin_seeds":88,"minecraft:blast_furnace":1,"minecraft:diamond_sword":4,"minecraft:potato":1,"minecraft:hay_block":1,"minecraft:spruce_boat":1,"minecraft:flower_pot":7,"alexsmobs:cockroach_wing_fragment":1,"minecraft:spruce_planks":12,"minecraft:diamond_pickaxe":4,"gnumus:gnumus_chickpeas":106,"minecraft:redstone_torch":12,"minecraft:spider_eye":23,"minecraft:bamboo":26,"minecraft:sandstone":21,"sophisticatedbackpacks:copper_backpack":1,"minecraft:bow":9,"minecraft:magma_block":15,"minecraft:moss_block":30,"minecraft:oak_log":17,"minecraft:lime_terracotta":27,"minecraft:lantern":4,"minecraft:leather":6,"gnumus:mouse_skin":28,"alexsmobs:bison_fur":5,"born_in_chaos_v1:tombstone_dark_titan_066":2,"minecraft:cod":5,"minecraft:cobblestone_stairs":5,"minecraft:spruce_leaves":7,"minecraft:cyan_terracotta":6,"minecraft:cracked_polished_blackstone_bricks":50,"minecraft:dark_oak_log":3,"minecraft:brush":3,"minecraft:mutton":4,"minecraft:crimson_roots":3,"minecraft:gilded_blackstone":4,"born_in_chaos_v1:black_argillite_brick":1,"minecraft:polished_blackstone_bricks":44,"minecraft:birch_log":2,"minecraft:gold_ingot":65,"minecraft:gravel":91,"minecraft:blackstone":151,"alexscaves:pewen_sapling":4,"born_in_chaos_v1:fire_dust":28,"minecraft:twisting_vines":9,"born_in_chaos_v1:ethereal_spirit":1,"minecraft:cooked_mutton":2,"alexscaves:pewen_wood":2,"cataclysm:black_steel_nugget":4,"minecraft:carrot":16,"alexsmobs:kangaroo_hide":2,"minecraft:chiseled_stone_bricks":1,"gnumus:gnumus_doubloons":10,"minecraft:rabbit_hide":5,"minecraft:gunpowder":4,"born_in_chaos_v1:chipped_black_argillite_brick":3,"born_in_chaos_v1:corpse_maggot":42,"minecraft:stone_brick_wall":5,"minecraft:chest":1,"born_in_chaos_v1:diamond_termite_shard":7,"minecraft:iron_bars":18,"minecraft:basalt":31,"minecraft:arrow":5,"minecraft:quartz":7,"minecraft:oak_leaves":2,"minecraft:netherrack":1788,"gnumus:lucky_hat_helmet":2,"minecraft:bread":77,"minecraft:mossy_cobblestone":1,"minecraft:diamond_leggings":1,"minecraft:poisonous_potato":1,"minecraft:golden_axe":1,"born_in_chaos_v1:orbofthe_summoner":1,"born_in_chaos_v1:black_argillite_column_slab":1,"minecraft:amethyst_block":8,"minecraft:nether_brick_wall":1,"minecraft:spruce_stairs":1,"minecraft:grass_block":1,"gnumus:gnumus_clay_brick_wall":1,"minecraft:stick":124,"born_in_chaos_v1:pumpkin_staff":1,"farmersdelight:golden_knife":1,"born_in_chaos_v1:river_mint":2,"born_in_chaos_v1:fused_bone":1,"minecraft:iron_leggings":5,"minecraft:wither_rose":1,"minecraft:iron_axe":2,"minecraft:pink_petals":6,"minecraft:tripwire_hook":1,"minecraft:bucket":4,"minecraft:chiseled_sandstone":1,"minecraft:dandelion":7,"minecraft:smooth_basalt":4,"minecraft:redstone":15,"minecraft:kelp":3,"minecraft:sweet_berries":17,"born_in_chaos_v1:black_argillite_brick_stairs":7,"alexscaves:serene_salad":6,"minecraft:coarse_dirt":2,"minecraft:nether_wart":10,"minecraft:raw_copper":10,"minecraft:tuff":1,"farmersdelight:cabbage_seeds":2,"minecraft:raw_iron":20,"minecraft:wither_skeleton_skull":1,"minecraft:stripped_oak_log":2,"born_in_chaos_v1:spiritual_dust":4,"minecraft:totem_of_undying":1,"minecraft:flint_and_steel":3,"gnumus:gnumus_totem":1,"minecraft:filled_map":4,"minecraft:bamboo_stairs":2,"minecraft:diamond_chestplate":1,"minecraft:shield":3,"gnumus:gnumus_clay":174,"minecraft:iron_chestplate":10,"minecraft:andesite":114,"minecraft:oak_boat":3,"minecraft:miner_pottery_sherd":1,"minecraft:spruce_log":1204,"minecraft:diamond_boots":2,"minecraft:slime_ball":4,"gnumus:gnumus_cheese":6,"minecraft:wooden_pickaxe":2,"minecraft:raw_gold":2,"minecraft:magma_cream":2,"minecraft:calcite":5},"minecraft:killed_by":{"born_in_chaos_v1:nightmare_stalker":7,"minecraft:piglin_brute":14,"alexsmobs:straddler":1,"minecraft:ravager":1,"minecraft:vindicator":4,"gnumus:gnumus_hunter":1,"cataclysm:koboleton":2,"born_in_chaos_v1:pumpkinhead":4,"minecraft:zombie":1,"minecraft:vex":4,"born_in_chaos_v1:lifestealer_true_form":1,"cataclysm:wadjet":3,"minecraft:stray":2,"born_in_chaos_v1:siamese_skeletonsleft":1,"born_in_chaos_v1:sir_pumpkinhead_without_horse":2,"born_in_chaos_v1:bonescaller":1,"minecraft:ghast":3,"minecraft:wither_skeleton":3,"minecraft:creeper":5,"born_in_chaos_v1:bone_imp_minion":10,"minecraft:piglin":1,"born_in_chaos_v1:diamond_termite":1,"minecraft:cave_spider":3,"cataclysm:deepling_brute":1,"minecraft:blaze":20,"born_in_chaos_v1:supreme_bonescaller_stage_2":6,"cataclysm:kobolediator":6,"alexsmobs:bone_serpent":2,"minecraft:player":3,"minecraft:spider":1,"born_in_chaos_v1:decaying_zombie":2,"minecraft:skeleton":2,"minecraft:phantom":1,"born_in_chaos_v1:corpse_fish":1,"cataclysm:ancient_remnant":3},"minecraft:broken":{"minecraft:golden_boots":1,"minecraft:diamond_helmet":1,"minecraft:iron_boots":5,"minecraft:iron_chestplate":3,"minecraft:iron_leggings":5,"minecraft:iron_hoe":1,"minecraft:iron_pickaxe":3,"minecraft:iron_helmet":5,"minecraft:stone_pickaxe":1,"minecraft:diamond_boots":1,"minecraft:stone_axe":2,"born_in_chaos_v1:wood_splitter_axe":1,"minecraft:diamond_chestplate":1},"minecraft:crafted":{"sophisticatedbackpacks:crafting_upgrade":1,"minecraft:iron_bars":16,"gnumus:vintage_charger":1,"sophisticatedbackpacks:smelting_upgrade":1,"minecraft:diamond_helmet":2,"minecraft:diamond_leggings":2,"gnumus:vintage_alloy_ingot":4,"gnumus:pileof_gnumus_doubloons":2,"born_in_chaos_v1:smoldering_scorched_wood":6,"born_in_chaos_v1:phantom_bomb":2,"minecraft:emerald":389,"minecraft:diamond_axe":1,"cataclysm:cursed_eye":1,"minecraft:fletching_table":2,"minecraft:campfire":1,"born_in_chaos_v1:armor_plate_from_dark_metal":2,"minecraft:lectern":1,"cataclysm:abyss_eye":1,"minecraft:stone_slab":6,"sophisticatedbackpacks:auto_smelting_upgrade":1,"minecraft:iron_pickaxe":3,"minecraft:iron_block":1,"minecraft:gold_ingot":51,"minecraft:netherite_ingot":4,"minecraft:golden_carrot":1,"sophisticatedbackpacks:stack_upgrade_tier_1":1,"born_in_chaos_v1:spiritual_sword":1,"gnumus:vintage_bullet":16,"minecraft:netherite_axe":1,"minecraft:diamond":10,"born_in_chaos_v1:dark_metal_armor_leggings":1,"gnumus:lucky_hat_helmet":1,"minecraft:stone_pickaxe":1,"minecraft:diamond_boots":3,"cataclysm:monstrous_eye":1,"minecraft:spruce_boat":2,"minecraft:dark_oak_planks":20,"minecraft:lead":2,"minecraft:wheat":172,"minecraft:netherite_pickaxe":1,"minecraft:enchanting_table":1,"sophisticatedbackpacks:gold_backpack":3,"minecraft:bone":6,"minecraft:enchanted_book":12,"minecraft:golden_apple":1,"minecraft:wooden_axe":1,"minecraft:iron_leggings":6,"minecraft:white_bed":1,"cataclysm:ancient_spear":1,"minecraft:grindstone":1,"minecraft:oak_planks":168,"cataclysm:bone_reptile_helmet":1,"alexscaves:pewen_planks":12,"born_in_chaos_v1:dark_metal_ingot":18,"farmersdelight:safety_net":1,"minecraft:hopper":3,"minecraft:bow":1,"minecraft:iron_boots":3,"minecraft:chest":6,"minecraft:netherite_helmet":1,"alexscaves:primitive_club":1,"minecraft:netherite_upgrade_smithing_template":6,"minecraft:ender_eye":4,"born_in_chaos_v1:pileof_dark_metal":3,"minecraft:golden_boots":2,"minecraft:oak_slab":6,"sophisticatedbackpacks:backpack":1,"born_in_chaos_v1:dark_metal_armor_chestplate":1,"minecraft:crafting_table":5,"minecraft:spruce_planks":6064,"minecraft:wooden_pickaxe":1,"minecraft:iron_helmet":4,"minecraft:brush":3,"minecraft:birch_planks":4,"sophisticatedbackpacks:upgrade_base":3,"minecraft:spruce_trapdoor":2,"minecraft:iron_chestplate":5,"minecraft:diamond_pickaxe":2,"minecraft:shield":2,"sophisticatedbackpacks:diamond_backpack":1,"minecraft:stick":11953,"minecraft:iron_ingot":44,"cataclysm:bone_reptile_chestplate":1,"minecraft:cherry_planks":4,"minecraft:raw_iron":9,"minecraft:netherite_sword":1,"gnumus:vintage_rifle":1,"alexscaves:dinosaur_nugget":192,"minecraft:furnace":1,"sophisticatedbackpacks:stack_upgrade_starter_tier":1,"alexscaves:cave_map":2,"minecraft:diamond_block":2,"minecraft:oak_trapdoor":2,"minecraft:flint_and_steel":1,"minecraft:netherite_chestplate":1,"born_in_chaos_v1:bone_handle":3,"minecraft:iron_hoe":2,"sophisticatedbackpacks:stack_upgrade_tier_2":1,"alexsmobs:flying_fish_boots":2,"sophisticatedbackpacks:iron_backpack":2,"minecraft:cooked_beef":3,"minecraft:diamond_sword":2,"born_in_chaos_v1:nightmare_scythe":1,"cataclysm:mech_eye":1,"minecraft:bucket":1,"minecraft:mangrove_planks":8,"born_in_chaos_v1:bone_heart":2,"minecraft:stone_axe":3,"minecraft:bread":29,"minecraft:acacia_boat":1,"minecraft:air":0,"minecraft:jungle_planks":4,"minecraft:oak_boat":3,"minecraft:white_wool":1,"minecraft:gold_nugget":9,"minecraft:acacia_planks":4,"minecraft:torch":96,"minecraft:diamond_chestplate":2},"minecraft:picked_up":{"minecraft:wooden_axe":1,"minecraft:iron_chestplate":4,"alexscaves:tough_hide":3,"minecraft:flower_pot":7,"minecraft:prismarine_shard":2,"minecraft:lead":9,"minecraft:smithing_table":2,"minecraft:diamond_sword":2,"minecraft:oak_stairs":73,"minecraft:wither_rose":2,"minecraft:enchanted_book":16,"cataclysm:abyss_eye":16,"minecraft:amethyst_block":14,"minecraft:string":254,"minecraft:polished_blackstone_brick_stairs":1,"alexsmobs:emu_feather":5,"minecraft:gold_nugget":274,"minecraft:cobbled_deepslate":260,"minecraft:spruce_planks":95,"minecraft:coal_block":27,"minecraft:mangrove_log":2,"born_in_chaos_v1:shattered_skull":14,"minecraft:acacia_log":3,"cataclysm:kobolediator_skull":1,"gnumus:lucky_hat_helmet":2,"born_in_chaos_v1:pileof_dark_metal":3,"minecraft:golden_axe":1,"minecraft:cherry_log":1,"born_in_chaos_v1:black_argillite_brick_stairs":8,"alexscaves:pewen_branch":1,"minecraft:rabbit_foot":1,"alexsmobs:centipede_leg":4,"minecraft:green_terracotta":41,"gnumus:wrapper_with_goods":14,"minecraft:yellow_banner":1,"minecraft:stone_sword":10,"gnumus:vintage_metal":15,"minecraft:horn_coral_fan":1,"cataclysm:black_steel_ingot":1,"minecraft:iron_block":14,"minecraft:cyan_terracotta":22,"farmersdelight:rope":6,"minecraft:bookshelf":120,"alexscaves:serene_salad":4,"minecraft:blaze_rod":22,"minecraft:blackstone_stairs":2,"minecraft:iron_bars":20,"alexsmobs:flying_fish":2,"minecraft:birch_log":3,"born_in_chaos_v1:staffof_magic_arrows":3,"minecraft:magma_block":21,"minecraft:feather":42,"minecraft:iron_door":2,"born_in_chaos_v1:spiritual_dust":14,"minecraft:jungle_log":3,"farmersdelight:safety_net":4,"alexsmobs:bison_fur":5,"minecraft:flint":6,"born_in_chaos_v1:black_argillite_button":2,"minecraft:lantern":7,"minecraft:brown_candle":3,"gnumus:gnumus_pouch_2":30,"cataclysm:koboleton_bone":21,"born_in_chaos_v1:marigolds":4,"minecraft:twisting_vines":12,"born_in_chaos_v1:skullbreaker_hammer":1,"minecraft:rabbit":24,"minecraft:glowstone_dust":25,"minecraft:moss_block":30,"minecraft:lime_terracotta":64,"minecraft:dark_oak_log":4,"cataclysm:lionfish":1,"alexsmobs:kangaroo_hide":2,"cataclysm:mech_eye":12,"minecraft:miner_pottery_sherd":1,"minecraft:writable_book":1,"cataclysm:sandstone_falling_trap":2,"minecraft:granite":2,"minecraft:bread":60,"alexsmobs:maggot":5,"born_in_chaos_v1:rotten_fish":7,"minecraft:dark_oak_fence":11,"minecraft:crimson_roots":6,"minecraft:diamond_pickaxe":2,"alexscaves:raw_scarlet_neodymium":6,"minecraft:spruce_leaves":7,"minecraft:crafting_table":30,"minecraft:coarse_dirt":2,"minecraft:bee_nest":1,"minecraft:bubble_coral_fan":2,"minecraft:sandstone_slab":5,"born_in_chaos_v1:smoked_monster_flesh":8,"minecraft:nether_wart":50,"alexscaves:pewen_pines":1,"born_in_chaos_v1:seedof_chaos":18,"minecraft:leather_leggings":1,"born_in_chaos_v1:charmof_resistance":2,"minecraft:mourner_pottery_sherd":2,"born_in_chaos_v1:fired_black_argillite":4,"gnumus:vintage_bullet":10,"alexscaves:fiddlehead":8,"minecraft:flint_and_steel":2,"born_in_chaos_v1:intoxicating_decoction":5,"minecraft:white_carpet":1,"born_in_chaos_v1:black_argillite_brick":1,"minecraft:beef":59,"born_in_chaos_v1:gnawed_bones":2,"minecraft:iron_nugget":12,"alexscaves:amber_monolith":1,"minecraft:chest":5,"cataclysm:necklace_of_the_desert":1,"minecraft:egg":1,"minecraft:sandstone":31,"alexscaves:cycad":10,"gnumus:juicy_meat":41,"alexsmobs:straddlite":3,"sophisticatedbackpacks:backpack":2,"minecraft:spruce_fence":1,"gnumus:gnumus_clay_brick":1,"farmersdelight:tomato_seeds":2,"minecraft:skull_pottery_sherd":1,"born_in_chaos_v1:pieceofdarkmetal":50,"minecraft:carrot":15,"minecraft:redstone":107,"minecraft:prismarine_crystals":3,"minecraft:tnt":144,"minecraft:decorated_pot":2,"born_in_chaos_v1:wood_splitter_axe":2,"minecraft:tube_coral_fan":2,"minecraft:diamond_boots":1,"minecraft:hay_block":76,"minecraft:yellow_terracotta":20,"born_in_chaos_v1:spiny_shell":8,"minecraft:gold_ingot":15,"minecraft:totem_of_undying":3,"sophisticatedbackpacks:copper_backpack":1,"minecraft:glow_berries":9,"gnumus:mouse_skin":128,"minecraft:mutton":13,"alexsmobs:kangaroo_meat":3,"minecraft:white_wool":20,"minecraft:rail":1,"minecraft:oxeye_daisy":4,"minecraft:stripped_oak_log":9,"minecraft:bamboo_stairs":4,"born_in_chaos_v1:black_argillite_column_slab":2,"gnumus:baked_patterned_gnumus_clay":1,"alexscaves:pewen_log":33,"born_in_chaos_v1:monster_flesh":21,"born_in_chaos_v1:pumpkin_staff":4,"minecraft:tripwire_hook":1,"minecraft:chiseled_bookshelf":6,"gnumus:gnumus_pouch":31,"minecraft:packed_mud":118,"minecraft:oak_log":61,"minecraft:ancient_debris":34,"minecraft:paper":84,"minecraft:white_banner":6,"alexscaves:pewen_sapling":6,"farmersdelight:organic_compost":1,"born_in_chaos_v1:soul_cutlass":5,"minecraft:apple":8,"minecraft:stone_bricks":26,"minecraft:kelp":3,"alexscaves:cooked_dinosaur_chop":16,"alexsmobs:cockroach_wing_fragment":1,"minecraft:stone_pickaxe":1,"minecraft:glass_bottle":2,"minecraft:iron_sword":1,"minecraft:smooth_basalt":9,"minecraft:dark_oak_slab":1,"alexsmobs:fish_bones":1,"minecraft:sweet_berries":26,"born_in_chaos_v1:orbofthe_summoner":5,"born_in_chaos_v1:ethereal_spirit":39,"minecraft:spyglass":1,"cataclysm:cursed_eye":8,"minecraft:gravel":85,"gnumus:gnumus_cheese":20,"minecraft:spruce_sapling":133,"minecraft:spruce_log":2374,"cataclysm:black_steel_nugget":10,"minecraft:crying_obsidian":5,"minecraft:leather_helmet":1,"minecraft:archer_pottery_sherd":1,"minecraft:firework_rocket":1,"minecraft:slime_ball":6,"minecraft:snort_pottery_sherd":1,"born_in_chaos_v1:black_argillite_brick_slab":2,"alexscaves:pine_nuts":6,"minecraft:ender_pearl":6,"minecraft:wheat":96,"minecraft:redstone_block":1,"gnumus:gnumus_claw":90,"alexscaves:cave_tablet":2,"minecraft:potion":1,"born_in_chaos_v1:holiday_candy":63,"born_in_chaos_v1:black_argillite":4,"alexsmobs:gazelle_horn":1,"minecraft:raw_copper":117,"minecraft:smooth_stone_slab":8,"minecraft:iron_leggings":2,"minecraft:armor_stand":1,"minecraft:zombie_head":1,"minecraft:experience_bottle":7,"minecraft:oak_sign":3,"alexsmobs:blood_sac":2,"minecraft:comparator":2,"gnumus:packaged_goods":46,"minecraft:light_weighted_pressure_plate":1,"alexscaves:flytrap":24,"minecraft:redstone_torch":6,"minecraft:calcite":9,"minecraft:smooth_quartz":23,"minecraft:iron_pickaxe":2,"alexsmobs:raccoon_tail":1,"born_in_chaos_v1:stimulating_decoction":5,"born_in_chaos_v1:smoldering_scorched_log":11,"alexsmobs:leafcutter_ant_chamber":44,"minecraft:iron_boots":2,"farmersdelight:cabbage_seeds":2,"minecraft:furnace":14,"alexscaves:diving_helmet":1,"minecraft:tipped_arrow":19,"minecraft:stick":182,"minecraft:oak_fence":19,"born_in_chaos_v1:phantom_powder":1,"minecraft:torch":101,"born_in_chaos_v1:flaming_evil_pumpkin":7,"minecraft:spruce_stairs":1,"alexscaves:heavy_bone":9,"minecraft:porkchop":16,"born_in_chaos_v1:nightmare_claw":5,"gnumus:grilled_juicy_meat":37,"alexscaves:diving_boots":1,"minecraft:rotten_flesh":289,"gnumus:gnumus_chickpeas":124,"alexsmobs:emu_egg":13,"minecraft:mangrove_roots":1,"minecraft:fire_coral_fan":3,"cataclysm:stone_pillar":1,"minecraft:obsidian":6,"minecraft:cod":7,"minecraft:blaze_powder":3,"minecraft:cobblestone":323,"minecraft:nautilus_shell":2,"minecraft:enchanting_table":4,"minecraft:pink_petals":6,"progressivebosses:nether_star_shard":1,"gnumus:gnumus_doubloons":164,"minecraft:leather_chestplate":1,"minecraft:magma_cream":5,"minecraft:andesite":116,"gnumus:overripe_carrot":66,"minecraft:potato":1,"minecraft:tuff":20,"minecraft:smooth_sandstone_stairs":3,"minecraft:horn_coral":1,"minecraft:danger_pottery_sherd":1,"minecraft:acacia_boat":2,"minecraft:wither_skeleton_skull":6,"minecraft:lapis_lazuli":388,"minecraft:dirt":421,"minecraft:cut_sandstone_slab":6,"minecraft:name_tag":6,"born_in_chaos_v1:monster_skin":22,"minecraft:leather_boots":1,"minecraft:bone":380,"minecraft:bow":11,"minecraft:wheat_seeds":271,"minecraft:raw_gold":369,"minecraft:bell":8,"minecraft:grindstone":3,"minecraft:bamboo":90,"minecraft:fletching_table":24,"minecraft:oak_planks":106,"minecraft:cooked_porkchop":12,"minecraft:poisonous_potato":1,"minecraft:sand":194,"minecraft:grass_block":1,"minecraft:chiseled_sandstone":4,"minecraft:mossy_cobblestone":1,"minecraft:diamond":121,"born_in_chaos_v1:fire_dust":37,"gnumus:vintage_parts":10,"minecraft:slime_block":29,"minecraft:spruce_boat":34,"gnumus:gnumus_clay":205,"waystones:waystone":7,"alexsmobs:rattlesnake_rattle":1,"minecraft:cracked_polished_blackstone_bricks":77,"minecraft:crossbow":1,"minecraft:bone_meal":1,"minecraft:golden_apple":6,"cataclysm:ancient_metal_nugget":10,"minecraft:emerald":36,"cataclysm:sandstone_ignite_trap":11,"minecraft:oak_sapling":1,"minecraft:netherrack":2448,"minecraft:oak_leaves":2,"minecraft:nether_star":1,"minecraft:charcoal":14,"gnumus:gnumus_totem":2,"born_in_chaos_v1:diamond_termite_shard":36,"minecraft:chicken":8,"born_in_chaos_v1:river_mint":2,"cataclysm:monstrous_eye":2,"minecraft:wooden_pickaxe":1,"alexsmobs:roadrunner_feather":1,"minecraft:stone_brick_wall":6,"minecraft:gold_block":50,"minecraft:chain":23,"minecraft:shield":3,"alexscaves:dinosaur_nugget":1,"minecraft:oak_trapdoor":9,"minecraft:moss_carpet":3,"minecraft:iron_axe":4,"minecraft:item_frame":8,"minecraft:birch_fence":2,"minecraft:blackstone":175,"minecraft:oak_boat":9,"minecraft:player_head":1,"minecraft:sugar_cane":74,"minecraft:lectern":56,"minecraft:spruce_trapdoor":1,"minecraft:phantom_membrane":3,"cataclysm:pointed_icicle":2,"minecraft:raw_iron":521,"minecraft:bowl":1,"alexscaves:fern_thatch":2,"minecraft:polished_blackstone_bricks":172,"minecraft:trident":1,"born_in_chaos_v1:charmof_endurance":3,"alexsmobs:leafcutter_ant_pupa":1,"minecraft:smooth_sandstone_slab":2,"minecraft:arrow":175,"minecraft:weeping_vines":3,"minecraft:nether_bricks":14,"alexscaves:pewen_wood":2,"alexscaves:spelunkery_table":2,"minecraft:saddle":1,"gnumus:gnumus_pouch_3":7,"minecraft:nether_brick_wall":2,"minecraft:skeleton_skull":1,"born_in_chaos_v1:fused_bone":12,"born_in_chaos_v1:corpse_maggot":50,"minecraft:basalt":86,"minecraft:golden_carrot":47,"minecraft:salmon":4,"minecraft:cut_sandstone":2,"minecraft:leather":46,"alexscaves:limestone":218,"minecraft:chainmail_chestplate":1,"minecraft:gunpowder":36,"minecraft:cobblestone_stairs":16,"gnumus:gnumus_clay_brick_wall":1,"minecraft:cooked_mutton":2,"minecraft:smooth_sandstone":8,"minecraft:red_carpet":13,"minecraft:red_nether_brick_stairs":3,"gnumus:gnumus_horn":4,"minecraft:rabbit_hide":10,"minecraft:heart_of_the_sea":2,"minecraft:iron_ingot":85,"born_in_chaos_v1:chipped_black_argillite_brick":5,"alexscaves:curly_fern":7,"born_in_chaos_v1:fel_lamp":1,"minecraft:soul_sand":19,"minecraft:acacia_sapling":1,"minecraft:book":4,"minecraft:oak_slab":2,"minecraft:pumpkin":1,"minecraft:chiseled_stone_bricks":1,"minecraft:stone_brick_slab":1,"born_in_chaos_v1:lifestealer_bone":5,"minecraft:brush":1,"minecraft:quartz":172,"minecraft:dandelion":7,"minecraft:raw_iron_block":1,"minecraft:dripstone_block":54,"minecraft:lava_bucket":5,"alexscaves:tree_star":11,"born_in_chaos_v1:dark_rod":10,"minecraft:amethyst_shard":42,"minecraft:soul_torch":2,"minecraft:blast_furnace":12,"minecraft:white_bed":12,"born_in_chaos_v1:smoldering_scorched_wood":3,"minecraft:spider_eye":77,"alexsmobs:raw_catfish":3,"minecraft:pumpkin_seeds":89,"minecraft:chainmail_leggings":2,"minecraft:iron_helmet":2,"cataclysm:ancient_metal_ingot":9,"born_in_chaos_v1:tombstone_dark_titan_066":3,"minecraft:damaged_anvil":2,"minecraft:black_wool":1,"minecraft:coal":344},"minecraft:used":{"minecraft:chest":32,"minecraft:red_nether_brick_stairs":3,"minecraft:rotten_flesh":3,"minecraft:soul_sand":4,"born_in_chaos_v1:soul_cutlass":1765,"minecraft:spruce_boat":36,"born_in_chaos_v1:smoked_flesh":13,"minecraft:lava_bucket":55,"born_in_chaos_v1:mint_candy":1,"minecraft:netherite_boots":3,"minecraft:bow":482,"minecraft:furnace":11,"minecraft:sweet_berries":1,"minecraft:oak_sapling":1,"minecraft:egg":6,"gnumus:grilled_juicy_meat":27,"minecraft:damaged_anvil":2,"cataclysm:mech_eye":12,"minecraft:blackstone_stairs":1,"minecraft:blackstone":57,"alexsmobs:flying_fish_boots":3,"minecraft:wooden_pickaxe":6,"minecraft:golden_apple":45,"minecraft:sand":42,"minecraft:blast_furnace":11,"minecraft:netherite_helmet":2,"born_in_chaos_v1:holiday_candy":8,"minecraft:pumpkin_seeds":1,"minecraft:birch_fence":2,"born_in_chaos_v1:spiritual_sword":199,"minecraft:chiseled_sandstone":3,"minecraft:crying_obsidian":1,"born_in_chaos_v1:monster_flesh":1,"minecraft:lectern":56,"minecraft:diamond_sword":831,"minecraft:smithing_table":2,"minecraft:iron_bars":1,"cataclysm:cursed_eye":8,"minecraft:oak_boat":11,"alexscaves:pewen_branch":1,"minecraft:oak_trapdoor":10,"gnumus:juicy_meat":4,"minecraft:enchanting_table":5,"minecraft:armor_stand":1,"alexscaves:amber_monolith":1,"minecraft:netherrack":966,"minecraft:torch":319,"minecraft:anvil":1,"alexscaves:pewen_sapling":2,"minecraft:twisting_vines":3,"born_in_chaos_v1:chipped_black_argillite_brick":1,"alexscaves:fern_thatch":2,"minecraft:light_weighted_pressure_plate":1,"minecraft:iron_axe":79,"minecraft:slime_block":3,"minecraft:smooth_quartz":23,"minecraft:diamond_chestplate":5,"born_in_chaos_v1:smoldering_scorched_log":17,"minecraft:smooth_basalt":5,"born_in_chaos_v1:mint_ice_cream":5,"minecraft:basalt":49,"minecraft:water_bucket":316,"minecraft:goat_horn":13,"born_in_chaos_v1:black_argillite_brick_slab":2,"minecraft:calcite":4,"minecraft:cobbled_deepslate":238,"alexsmobs:triops_bucket":1,"minecraft:nether_brick_wall":1,"farmersdelight:cooking_pot":1,"minecraft:chiseled_bookshelf":4,"minecraft:wheat_seeds":96,"minecraft:fletching_table":27,"born_in_chaos_v1:dark_metal_armor_leggings":1,"minecraft:polished_blackstone_bricks":128,"alexscaves:primitive_club":32,"born_in_chaos_v1:black_argillite_brick_stairs":1,"cataclysm:stone_pillar":1,"minecraft:rail":1,"minecraft:tnt":432,"minecraft:lime_terracotta":10,"minecraft:crafting_table":32,"minecraft:oak_slab":4,"born_in_chaos_v1:skullbreaker_hammer":88,"minecraft:white_bed":12,"minecraft:campfire":1,"minecraft:spruce_log":1,"minecraft:oak_log":3,"born_in_chaos_v1:dark_metal_armor_chestplate":1,"minecraft:diamond_pickaxe":4856,"minecraft:diamond_shovel":615,"minecraft:iron_pickaxe":853,"minecraft:spruce_trapdoor":3,"minecraft:spruce_sapling":101,"minecraft:enchanted_book":28,"minecraft:cobblestone":106,"minecraft:cooked_porkchop":2,"minecraft:porkchop":11,"minecraft:sandstone_slab":3,"cataclysm:bone_reptile_helmet":1,"minecraft:brush":31,"minecraft:stripped_oak_log":3,"minecraft:green_stained_glass":73,"minecraft:moss_carpet":2,"alexscaves:fiddlehead":2,"born_in_chaos_v1:intoxicating_decoction":1,"minecraft:decorated_pot":2,"minecraft:shield":144,"minecraft:bell":6,"minecraft:smooth_sandstone_stairs":1,"minecraft:green_terracotta":32,"minecraft:iron_chestplate":9,"minecraft:mutton":6,"cataclysm:monstrous_eye":2,"minecraft:nether_bricks":12,"minecraft:carrot":11,"minecraft:obsidian":5,"minecraft:tuff":14,"minecraft:cyan_terracotta":16,"minecraft:lantern":3,"minecraft:iron_helmet":4,"minecraft:crimson_roots":2,"minecraft:stone_bricks":23,"minecraft:item_frame":3,"minecraft:red_carpet":8,"minecraft:magma_block":6,"minecraft:mangrove_roots":1,"born_in_chaos_v1:fel_lamp":1,"farmersdelight:safety_net":5,"minecraft:stone_pickaxe":148,"minecraft:sandstone":10,"minecraft:diamond_boots":13,"minecraft:wither_skeleton_skull":3,"minecraft:oak_planks":17,"minecraft:ender_pearl":35,"minecraft:sugar_cane":41,"minecraft:diamond_axe":2141,"farmersdelight:organic_compost":1,"minecraft:bamboo_stairs":2,"minecraft:white_wool":3,"minecraft:yellow_terracotta":15,"minecraft:netherite_leggings":1,"minecraft:stone_brick_wall":1,"waystones:waystone":3,"minecraft:firework_rocket":1,"minecraft:bread":488,"born_in_chaos_v1:pumpkin_staff":3,"born_in_chaos_v1:smoked_monster_flesh":8,"minecraft:gravel":3,"minecraft:iron_door":1,"minecraft:grindstone":4,"minecraft:andesite":1,"minecraft:chain":6,"minecraft:bone_meal":48,"minecraft:experience_bottle":2,"minecraft:trident":262,"minecraft:netherite_sword":693,"farmersdelight:diamond_knife":2,"minecraft:flint_and_steel":43,"born_in_chaos_v1:black_argillite":1,"cataclysm:sandstone_ignite_trap":1,"minecraft:cooked_chicken":3,"alexsmobs:maraca":61,"minecraft:dirt":380,"minecraft:spyglass":7,"minecraft:white_carpet":1,"alexscaves:limestone":94,"minecraft:spruce_fence":1,"cataclysm:sandstone_falling_trap":2,"minecraft:granite":2,"farmersdelight:rope":22,"minecraft:iron_hoe":306,"alexscaves:limestone_spear":1,"minecraft:wooden_axe":4,"born_in_chaos_v1:black_argillite_button":2,"born_in_chaos_v1:black_argillite_column_slab":1,"minecraft:bookshelf":93,"minecraft:oak_stairs":44,"minecraft:iron_boots":12,"alexscaves:spelunkery_table":1,"cataclysm:abyss_eye":16,"minecraft:golden_carrot":83,"minecraft:lime_stained_glass":10,"cataclysm:ancient_spear":467,"minecraft:netherite_pickaxe":296,"minecraft:cooked_beef":22,"minecraft:pumpkin":1,"minecraft:iron_leggings":2,"alexscaves:dinosaur_nugget":121,"minecraft:acacia_boat":3,"minecraft:amethyst_block":6,"minecraft:cobblestone_stairs":11,"gnumus:baked_patterned_gnumus_clay":1,"alexscaves:tree_star":2,"minecraft:netherite_chestplate":2,"gnumus:overripe_carrot":7,"minecraft:cut_sandstone":2,"alexscaves:curly_fern":6,"born_in_chaos_v1:flaming_evil_pumpkin":5,"minecraft:book":3,"minecraft:black_wool":1,"minecraft:cracked_polished_blackstone_bricks":14,"minecraft:apple":3,"minecraft:netherite_axe":44,"born_in_chaos_v1:smoldering_scorched_wood":7,"minecraft:stone_axe":199,"gnumus:lucky_hat_helmet":8,"minecraft:bucket":373,"born_in_chaos_v1:wood_splitter_axe":284,"minecraft:soul_torch":1,"alexsmobs:emu_egg":13}},"DataVersion":3465}