{"stats":{"minecraft:killed":{"born_in_chaos_v1:zombie_clown":1,"born_in_chaos_v1:mr_pumpkin":1,"minecraft:witch":2,"born_in_chaos_v1:zombie_lumberjack":4,"born_in_chaos_v1:restless_spirit":5,"born_in_chaos_v1:skeleton_demoman":3,"born_in_chaos_v1:sir_the_headless":1,"born_in_chaos_v1:zombie_clown_not_despawn":1,"minecraft:spider":17,"alexsmobs:seagull":1,"born_in_chaos_v1:siamese_skeletonsright":3,"born_in_chaos_v1:zombie_bruiser":1,"born_in_chaos_v1:maggot":29,"born_in_chaos_v1:pumpkinhead":1,"minecraft:skeleton":21,"minecraft:chicken":3,"gnumus:pitcher_mousse":1,"gnumus:gnumus_hunter":3,"alexsmobs:centipede_head":1,"born_in_chaos_v1:corpse_fish":1,"born_in_chaos_v1:fallen_chaos_knight":1,"born_in_chaos_v1:felsteed":1,"minecraft:pig":5,"born_in_chaos_v1:diamond_termite":14,"born_in_chaos_v1:baby_skeleton":4,"born_in_chaos_v1:swarmer":1,"minecraft:creeper":7,"born_in_chaos_v1:decrepit_skeleton":6,"minecraft:sheep":5,"alexsmobs:cockroach":1,"minecraft:zombie":58,"born_in_chaos_v1:dread_hound":5,"born_in_chaos_v1:corpse_fly":11,"born_in_chaos_v1:dark_vortex":4,"born_in_chaos_v1:nightmare_stalker":1,"born_in_chaos_v1:door_knight":1,"born_in_chaos_v1:siamese_skeletonsleft":2,"minecraft:cow":3},"minecraft:custom":{"minecraft:mob_kills":235,"minecraft:interact_with_crafting_table":43,"minecraft:open_barrel":18,"minecraft:interact_with_campfire":3,"minecraft:damage_dealt_resisted":1773,"minecraft:leave_game":2,"minecraft:time_since_death":4338,"minecraft:climb_one_cm":512,"minecraft:sprint_one_cm":479409,"minecraft:walk_one_cm":292402,"minecraft:damage_blocked_by_shield":760,"minecraft:drop":62,"minecraft:damage_dealt_absorbed":138,"minecraft:play_time":229845,"minecraft:sneak_time":23181,"minecraft:deaths":17,"minecraft:walk_under_water_one_cm":25686,"minecraft:boat_one_cm":64856,"minecraft:interact_with_brewingstand":2,"minecraft:jump":4471,"minecraft:interact_with_blast_furnace":1,"minecraft:walk_on_water_one_cm":54366,"minecraft:total_world_time":229845,"minecraft:interact_with_furnace":59,"minecraft:interact_with_loom":1,"minecraft:time_since_rest":4365,"minecraft:damage_taken":9155,"minecraft:damage_absorbed":40,"minecraft:damage_dealt":43283,"minecraft:swim_one_cm":53457,"minecraft:fly_one_cm":804466,"minecraft:open_chest":36,"minecraft:crouch_one_cm":57237,"minecraft:fall_one_cm":116095},"minecraft:mined":{"alexscaves:spelunkery_table":1,"minecraft:tuff":15,"minecraft:deepslate_diamond_ore":27,"minecraft:sculk_vein":21,"farmersdelight:wild_carrots":2,"born_in_chaos_v1:infected_diamond_ore":1,"minecraft:glow_lichen":1,"minecraft:spruce_fence":5,"minecraft:grass_block":1,"born_in_chaos_v1:black_argillite":1,"minecraft:redstone_wire":1,"minecraft:spruce_leaves":65,"born_in_chaos_v1:gnawed_bones":1,"minecraft:hay_block":9,"minecraft:raw_iron_block":1,"minecraft:sculk_catalyst":1,"minecraft:furnace":9,"minecraft:iron_ore":56,"minecraft:fire":13,"minecraft:cobbled_deepslate":15,"minecraft:andesite":1,"minecraft:deepslate_lapis_ore":19,"minecraft:bookshelf":2,"minecraft:deepslate_iron_ore":185,"minecraft:stripped_oak_log":3,"gnumus:fragile_gnumus_jug":6,"minecraft:stone":74,"minecraft:spruce_slab":1,"minecraft:deepslate_redstone_ore":19,"born_in_chaos_v1:infected_deepslate_diamond_ore":8,"minecraft:oak_fence":1,"minecraft:torch":17,"minecraft:crafting_table":23,"minecraft:blast_furnace":2,"minecraft:campfire":1,"minecraft:lectern":1,"minecraft:sculk_sensor":1,"minecraft:copper_ore":14,"minecraft:tall_grass":1,"minecraft:cobblestone":9,"minecraft:sugar_cane":4,"minecraft:deepslate_gold_ore":105,"minecraft:sculk":231,"minecraft:wall_torch":19,"minecraft:deepslate_copper_ore":2,"minecraft:spruce_stairs":1,"gnumus:gnumus_clay_block":1,"minecraft:sea_pickle":1,"minecraft:spruce_log":11,"minecraft:grass":4,"minecraft:coal_ore":46,"minecraft:oak_log":20,"minecraft:diorite_wall":1,"minecraft:gravel":2,"minecraft:smooth_basalt":4,"born_in_chaos_v1:infernal_evil_pumpkin_s":1,"minecraft:gold_ore":3,"minecraft:oak_leaves":5,"minecraft:deepslate":61},"minecraft:dropped":{"minecraft:moss_block":3,"minecraft:wheat_seeds":2,"gnumus:overripe_carrot":3,"minecraft:crafting_table":1,"minecraft:dripstone_block":3,"minecraft:oak_fence":1,"minecraft:glow_berries":3,"minecraft:feather":1,"minecraft:cobblestone":1,"minecraft:stick":4,"minecraft:dirt":6,"minecraft:wooden_axe":2,"minecraft:rabbit":3,"minecraft:writable_book":1,"minecraft:paper":4,"minecraft:string":1,"minecraft:white_wool":1,"minecraft:smooth_basalt":4,"minecraft:stone_axe":1,"minecraft:raw_copper":2,"minecraft:chicken":2,"minecraft:rotten_flesh":54,"minecraft:oak_planks":40,"minecraft:cooked_mutton":2,"minecraft:carrot":2,"minecraft:blast_furnace":1,"gnumus:gnumus_clay":4,"alexsmobs:cockroach_wing_fragment":1,"born_in_chaos_v1:corpse_maggot":3,"minecraft:oak_boat":3,"gnumus:gnumus_chickpeas":3,"farmersdelight:onion_crate":4,"minecraft:iron_bars":16,"minecraft:bow":1,"minecraft:raw_gold":1,"minecraft:wooden_pickaxe":2},"minecraft:killed_by":{"born_in_chaos_v1:nightmare_stalker":4,"minecraft:creeper":2,"minecraft:spider":1,"born_in_chaos_v1:siamese_skeletonsleft":1,"born_in_chaos_v1:sir_pumpkinhead_without_horse":2,"born_in_chaos_v1:decaying_zombie":2,"minecraft:skeleton":1,"born_in_chaos_v1:pumpkinhead":3,"born_in_chaos_v1:corpse_fish":1},"minecraft:broken":{"minecraft:iron_boots":1,"minecraft:iron_leggings":1,"minecraft:stone_pickaxe":1,"minecraft:stone_axe":2,"minecraft:iron_pickaxe":2,"minecraft:iron_helmet":1,"minecraft:iron_hoe":1},"minecraft:crafted":{"minecraft:oak_planks":84,"minecraft:raw_iron":9,"minecraft:furnace":1,"minecraft:iron_bars":16,"sophisticatedbackpacks:smelting_upgrade":1,"minecraft:hopper":3,"minecraft:diamond":1,"minecraft:iron_boots":1,"minecraft:iron_hoe":1,"minecraft:stone_pickaxe":1,"minecraft:chest":4,"minecraft:dark_oak_planks":20,"sophisticatedbackpacks:iron_backpack":1,"minecraft:wheat":73,"minecraft:cooked_beef":3,"sophisticatedbackpacks:backpack":1,"minecraft:crafting_table":4,"minecraft:spruce_planks":4,"minecraft:wooden_pickaxe":1,"minecraft:iron_helmet":1,"sophisticatedbackpacks:gold_backpack":1,"minecraft:mangrove_planks":8,"minecraft:bucket":1,"minecraft:bone":6,"minecraft:campfire":1,"minecraft:stone_axe":3,"sophisticatedbackpacks:upgrade_base":1,"minecraft:bread":29,"minecraft:air":0,"minecraft:oak_boat":3,"minecraft:iron_chestplate":1,"minecraft:shield":1,"minecraft:stick":56,"sophisticatedbackpacks:auto_smelting_upgrade":1,"minecraft:iron_ingot":17,"minecraft:iron_pickaxe":3,"minecraft:wooden_axe":1,"minecraft:iron_leggings":1,"minecraft:gold_ingot":4,"minecraft:white_bed":1,"minecraft:torch":24},"minecraft:picked_up":{"minecraft:wooden_axe":1,"minecraft:charcoal":2,"minecraft:crafting_table":23,"born_in_chaos_v1:diamond_termite_shard":13,"minecraft:wheat":8,"born_in_chaos_v1:smoked_monster_flesh":3,"minecraft:chicken":2,"born_in_chaos_v1:seedof_chaos":1,"gnumus:gnumus_claw":3,"minecraft:wooden_pickaxe":1,"alexscaves:cave_tablet":2,"born_in_chaos_v1:black_argillite":1,"born_in_chaos_v1:holiday_candy":26,"minecraft:string":20,"minecraft:raw_copper":52,"minecraft:iron_axe":1,"born_in_chaos_v1:intoxicating_decoction":2,"minecraft:cobbled_deepslate":89,"gnumus:packaged_goods":4,"minecraft:beef":7,"minecraft:oak_boat":5,"born_in_chaos_v1:gnawed_bones":1,"minecraft:lectern":1,"born_in_chaos_v1:stimulating_decoction":1,"minecraft:sugar_cane":10,"minecraft:mangrove_log":2,"minecraft:furnace":9,"minecraft:raw_iron":240,"minecraft:stick":7,"minecraft:oak_fence":1,"minecraft:torch":38,"minecraft:acacia_log":1,"minecraft:porkchop":13,"born_in_chaos_v1:pileof_dark_metal":1,"born_in_chaos_v1:pieceofdarkmetal":4,"born_in_chaos_v1:nightmare_claw":1,"minecraft:carrot":3,"minecraft:redstone":90,"alexsmobs:centipede_leg":1,"gnumus:vintage_metal":2,"minecraft:arrow":43,"minecraft:rotten_flesh":60,"born_in_chaos_v1:wood_splitter_axe":1,"minecraft:hay_block":9,"alexscaves:spelunkery_table":1,"gnumus:gnumus_chickpeas":3,"minecraft:gold_ingot":5,"gnumus:mouse_skin":4,"minecraft:glow_berries":3,"minecraft:mutton":6,"minecraft:iron_bars":16,"minecraft:white_wool":4,"minecraft:cobblestone":90,"minecraft:stripped_oak_log":4,"born_in_chaos_v1:fused_bone":5,"born_in_chaos_v1:corpse_maggot":15,"gnumus:gnumus_doubloons":4,"minecraft:feather":1,"born_in_chaos_v1:monster_flesh":4,"born_in_chaos_v1:pumpkin_staff":1,"minecraft:jungle_log":1,"minecraft:andesite":1,"gnumus:overripe_carrot":3,"minecraft:leather":5,"gnumus:gnumus_pouch":1,"minecraft:tuff":15,"minecraft:oak_log":20,"minecraft:gunpowder":12,"minecraft:lapis_lazuli":119,"minecraft:dirt":13,"minecraft:paper":4,"gnumus:gnumus_pouch_2":1,"minecraft:name_tag":2,"born_in_chaos_v1:monster_skin":3,"minecraft:cooked_mutton":2,"minecraft:bone":35,"born_in_chaos_v1:soul_cutlass":1,"gnumus:gnumus_horn":1,"minecraft:bow":2,"minecraft:wheat_seeds":2,"minecraft:raw_gold":107,"alexsmobs:cockroach_wing_fragment":1,"minecraft:iron_ingot":61,"minecraft:rabbit":3,"minecraft:glowstone_dust":2,"minecraft:moss_block":3,"minecraft:oak_planks":80,"minecraft:smooth_basalt":4,"minecraft:dripstone_block":3,"born_in_chaos_v1:ethereal_spirit":11,"minecraft:raw_iron_block":1,"minecraft:gravel":2,"born_in_chaos_v1:dark_rod":8,"gnumus:gnumus_cheese":1,"minecraft:spruce_sapling":5,"minecraft:blast_furnace":2,"minecraft:spruce_log":11,"minecraft:spider_eye":8,"minecraft:dark_oak_log":1,"minecraft:slime_ball":1,"minecraft:diamond":27,"gnumus:gnumus_clay":9,"waystones:waystone":2,"minecraft:writable_book":1,"minecraft:emerald":1,"minecraft:bread":2,"born_in_chaos_v1:rotten_fish":1,"minecraft:coal":87},"minecraft:used":{"minecraft:shield":20,"born_in_chaos_v1:black_argillite":1,"minecraft:torch":60,"minecraft:dirt":7,"minecraft:mutton":6,"minecraft:carrot":8,"born_in_chaos_v1:soul_cutlass":554,"minecraft:tuff":10,"minecraft:iron_hoe":250,"minecraft:wooden_axe":4,"minecraft:iron_axe":79,"minecraft:bow":35,"minecraft:goat_horn":2,"minecraft:furnace":7,"minecraft:cooked_beef":5,"minecraft:cobbled_deepslate":73,"minecraft:iron_leggings":1,"minecraft:water_bucket":41,"minecraft:stone_pickaxe":148,"minecraft:wooden_pickaxe":6,"minecraft:golden_apple":1,"minecraft:crafting_table":25,"minecraft:campfire":1,"born_in_chaos_v1:monster_flesh":1,"minecraft:bread":73,"minecraft:iron_pickaxe":566,"born_in_chaos_v1:pumpkin_staff":2,"born_in_chaos_v1:smoked_monster_flesh":3,"minecraft:stone_axe":199,"minecraft:cobblestone":15,"minecraft:porkchop":11,"minecraft:bucket":42,"born_in_chaos_v1:wood_splitter_axe":29,"minecraft:oak_boat":5,"minecraft:experience_bottle":1}},"DataVersion":3465}