{"stats":{"minecraft:killed":{"born_in_chaos_v1:zombie_clown":1,"minecraft:cave_spider":4,"born_in_chaos_v1:mr_pumpkin":13,"minecraft:witch":2,"born_in_chaos_v1:restless_spirit":7,"born_in_chaos_v1:zombie_lumberjack":5,"born_in_chaos_v1:skeleton_demoman":4,"born_in_chaos_v1:sir_the_headless":2,"minecraft:spider":28,"born_in_chaos_v1:siamese_skeletonsright":3,"born_in_chaos_v1:baby_skeleton_minion":5,"minecraft:skeleton":32,"alexsmobs:leafcutter_ant":1,"minecraft:chicken":3,"gnumus:pitcher_mousse":4,"born_in_chaos_v1:skeleton_thrasher":1,"alexsmobs:centipede_head":1,"born_in_chaos_v1:supreme_bonescaller_stage_2":1,"born_in_chaos_v1:firelight_not_despawn":4,"minecraft:pig":5,"minecraft:zombie_villager":1,"born_in_chaos_v1:diamond_termite":15,"gnumus:big_snout":1,"minecraft:creeper":9,"minecraft:sheep":5,"minecraft:zombie":76,"born_in_chaos_v1:dread_hound":10,"born_in_chaos_v1:corpse_fly":12,"minecraft:stray":6,"alexsmobs:fly":1,"born_in_chaos_v1:door_knight":1,"alexsmobs:komodo_dragon":1,"born_in_chaos_v1:siamese_skeletonsleft":2,"minecraft:cow":9,"minecraft:vex":1,"born_in_chaos_v1:zombie_clown_not_despawn":1,"alexsmobs:seagull":1,"born_in_chaos_v1:skeleton_thrasher_not_despawn":1,"born_in_chaos_v1:zombie_bruiser":2,"born_in_chaos_v1:maggot":43,"born_in_chaos_v1:pumpkinhead":3,"gnumus:gnumus_worker":1,"gnumus:gnumus_hunter":5,"minecraft:drowned":1,"born_in_chaos_v1:corpse_fish":3,"born_in_chaos_v1:barrel_zombie":1,"gnumus:gnumus_hunter_not_dispawn":2,"born_in_chaos_v1:fallen_chaos_knight":1,"born_in_chaos_v1:felsteed":2,"born_in_chaos_v1:bone_imp_minion":33,"born_in_chaos_v1:baby_skeleton":6,"born_in_chaos_v1:swarmer":1,"born_in_chaos_v1:decrepit_skeleton":11,"born_in_chaos_v1:bloody_gadfly":1,"alexsmobs:cockroach":1,"born_in_chaos_v1:bonescaller_not_despawn":3,"born_in_chaos_v1:dark_vortex":4,"born_in_chaos_v1:nightmare_stalker":2,"minecraft:enderman":1},"minecraft:custom":{"minecraft:interact_with_crafting_table":54,"minecraft:open_barrel":33,"minecraft:leave_game":4,"minecraft:time_since_death":39741,"minecraft:sprint_one_cm":812910,"minecraft:damage_blocked_by_shield":2230,"minecraft:drop":165,"minecraft:talked_to_villager":2,"minecraft:play_time":428201,"minecraft:deaths":40,"minecraft:jump":7457,"minecraft:interact_with_brewingstand":4,"minecraft:walk_on_water_one_cm":93295,"minecraft:interact_with_furnace":60,"minecraft:interact_with_loom":1,"minecraft:sleep_in_bed":1,"minecraft:damage_dealt":78469,"minecraft:crouch_one_cm":78588,"minecraft:mob_kills":421,"minecraft:interact_with_campfire":17,"minecraft:damage_dealt_resisted":7461,"minecraft:climb_one_cm":1752,"minecraft:walk_one_cm":582408,"minecraft:damage_dealt_absorbed":138,"minecraft:sneak_time":32170,"minecraft:walk_under_water_one_cm":52205,"minecraft:boat_one_cm":111769,"minecraft:interact_with_blast_furnace":9,"minecraft:total_world_time":428201,"minecraft:time_since_rest":39762,"minecraft:damage_taken":18260,"minecraft:damage_absorbed":235,"minecraft:swim_one_cm":115276,"minecraft:fly_one_cm":1416660,"minecraft:open_chest":85,"minecraft:fall_one_cm":189253},"minecraft:mined":{"minecraft:fire_coral_wall_fan":2,"minecraft:sculk_vein":21,"minecraft:obsidian":1,"minecraft:acacia_log":2,"minecraft:grass_block":4,"born_in_chaos_v1:dark_metal_deposit":1,"gnumus:baked_patterned_gnumus_clay":1,"minecraft:spawner":2,"minecraft:weeping_vines_plant":1,"minecraft:raw_iron_block":1,"minecraft:magma_block":3,"minecraft:sculk_catalyst":1,"minecraft:iron_ore":68,"minecraft:cobbled_deepslate":22,"minecraft:fire":14,"born_in_chaos_v1:black_argillite_brick_stairs":12,"minecraft:deepslate_lapis_ore":19,"minecraft:iron_block":4,"minecraft:spruce_slab":1,"minecraft:deepslate_redstone_ore":19,"minecraft:amethyst_cluster":6,"born_in_chaos_v1:infected_deepslate_diamond_ore":9,"minecraft:torch":20,"minecraft:blast_furnace":3,"minecraft:calcite":4,"born_in_chaos_v1:black_argillite_column_slab":1,"minecraft:cobblestone":40,"minecraft:tube_coral_fan":1,"minecraft:sugar_cane":4,"minecraft:wall_torch":25,"minecraft:amethyst_block":6,"minecraft:deepslate_copper_ore":2,"minecraft:seagrass":1,"minecraft:chain":1,"minecraft:fire_coral_fan":1,"minecraft:dark_oak_slab":1,"gnumus:gnumus_clay_block":1,"born_in_chaos_v1:fired_black_argillite":2,"born_in_chaos_v1:river_mint":1,"born_in_chaos_v1:black_argillite_brick":1,"minecraft:grass":55,"minecraft:oak_log":25,"minecraft:diorite_wall":1,"minecraft:sand":3,"minecraft:dirt":6,"minecraft:smooth_basalt":7,"born_in_chaos_v1:infernal_evil_pumpkin_s":3,"minecraft:oak_leaves":14,"minecraft:deepslate":77,"alexscaves:spelunkery_table":1,"minecraft:tuff":16,"minecraft:deepslate_diamond_ore":37,"farmersdelight:wild_carrots":2,"born_in_chaos_v1:infected_diamond_ore":1,"minecraft:glow_lichen":1,"minecraft:tube_coral_wall_fan":1,"minecraft:spruce_fence":5,"born_in_chaos_v1:black_argillite":4,"minecraft:crimson_roots":4,"minecraft:redstone_wire":1,"minecraft:spruce_leaves":65,"minecraft:horn_coral_wall_fan":1,"born_in_chaos_v1:gnawed_bones":1,"minecraft:hay_block":19,"gnumus:scion_weed":1,"minecraft:furnace":9,"minecraft:andesite":1,"minecraft:gold_block":3,"minecraft:bookshelf":2,"minecraft:deepslate_iron_ore":205,"minecraft:brain_coral_wall_fan":1,"minecraft:stripped_oak_log":3,"gnumus:fragile_gnumus_jug":25,"minecraft:bamboo":10,"minecraft:stone":77,"gnumus:gnumus_clay_brick_wall":1,"minecraft:oak_fence":1,"minecraft:crafting_table":29,"minecraft:sculk_sensor":1,"minecraft:campfire":1,"minecraft:lectern":1,"minecraft:copper_ore":15,"minecraft:tall_grass":4,"born_in_chaos_v1:chipped_black_argillite_brick":4,"minecraft:deepslate_gold_ore":156,"minecraft:sculk":231,"minecraft:spruce_stairs":1,"minecraft:sea_pickle":1,"minecraft:spruce_log":11,"minecraft:bee_nest":1,"minecraft:coal_ore":78,"minecraft:bubble_coral_wall_fan":2,"minecraft:gravel":2,"minecraft:cobweb":1,"minecraft:gold_ore":3,"minecraft:fern":1},"minecraft:dropped":{"minecraft:moss_block":3,"gnumus:overripe_carrot":6,"minecraft:crafting_table":2,"minecraft:dark_oak_slab":1,"minecraft:weeping_vines":2,"minecraft:glow_berries":3,"minecraft:red_carpet":2,"born_in_chaos_v1:monster_flesh":1,"minecraft:dirt":11,"minecraft:crimson_roots":2,"minecraft:gold_nugget":6,"minecraft:writable_book":1,"minecraft:bone_meal":1,"minecraft:sand":2,"born_in_chaos_v1:black_argillite_brick":1,"born_in_chaos_v1:fired_black_argillite":2,"minecraft:white_wool":1,"minecraft:bone":1,"minecraft:stone_axe":1,"minecraft:sugar_cane":2,"minecraft:iron_nugget":7,"minecraft:rotten_flesh":98,"minecraft:oak_planks":41,"minecraft:cooked_mutton":2,"minecraft:salmon":1,"minecraft:carrot":5,"gnumus:gnumus_doubloons":10,"minecraft:tipped_arrow":1,"born_in_chaos_v1:chipped_black_argillite_brick":3,"born_in_chaos_v1:corpse_maggot":3,"farmersdelight:onion_crate":4,"minecraft:iron_bars":16,"gnumus:vintage_parts":2,"minecraft:wheat_seeds":52,"minecraft:dripstone_block":12,"minecraft:poisonous_potato":1,"minecraft:prismarine_crystals":3,"minecraft:oak_fence":1,"minecraft:feather":2,"minecraft:cobblestone":1,"born_in_chaos_v1:black_argillite_column_slab":1,"born_in_chaos_v1:soul_cutlass":1,"minecraft:grass_block":1,"minecraft:stick":4,"farmersdelight:golden_knife":1,"born_in_chaos_v1:black_argillite":3,"born_in_chaos_v1:river_mint":1,"alexsmobs:leafcutter_ant_chamber":44,"minecraft:wooden_axe":2,"minecraft:rabbit":3,"minecraft:potion":2,"minecraft:paper":4,"minecraft:string":6,"minecraft:acacia_planks":3,"minecraft:smooth_basalt":4,"minecraft:sweet_berries":2,"born_in_chaos_v1:black_argillite_brick_stairs":7,"minecraft:coarse_dirt":2,"minecraft:raw_copper":2,"born_in_chaos_v1:rotten_fish":1,"minecraft:chicken":2,"minecraft:pumpkin_seeds":44,"minecraft:blast_furnace":1,"minecraft:filled_map":1,"minecraft:potato":1,"gnumus:gnumus_clay":41,"alexsmobs:cockroach_wing_fragment":1,"minecraft:oak_boat":3,"gnumus:gnumus_chickpeas":32,"minecraft:bamboo":10,"minecraft:bow":1,"minecraft:wooden_pickaxe":2,"minecraft:raw_gold":1,"minecraft:magma_block":2},"minecraft:killed_by":{"born_in_chaos_v1:nightmare_stalker":5,"minecraft:creeper":3,"born_in_chaos_v1:bone_imp_minion":7,"gnumus:gnumus_hunter":1,"born_in_chaos_v1:pumpkinhead":4,"minecraft:zombie":1,"born_in_chaos_v1:supreme_bonescaller_stage_2":3,"minecraft:vex":2,"minecraft:stray":1,"minecraft:spider":1,"born_in_chaos_v1:siamese_skeletonsleft":1,"born_in_chaos_v1:sir_pumpkinhead_without_horse":2,"born_in_chaos_v1:decaying_zombie":2,"born_in_chaos_v1:bonescaller":1,"minecraft:skeleton":2,"born_in_chaos_v1:corpse_fish":1},"minecraft:broken":{"minecraft:iron_boots":2,"minecraft:iron_chestplate":2,"minecraft:iron_leggings":2,"minecraft:stone_pickaxe":1,"minecraft:stone_axe":2,"minecraft:iron_hoe":1,"minecraft:iron_pickaxe":3,"minecraft:iron_helmet":2},"minecraft:crafted":{"minecraft:oak_planks":144,"sophisticatedbackpacks:crafting_upgrade":1,"born_in_chaos_v1:dark_metal_ingot":4,"minecraft:iron_bars":16,"sophisticatedbackpacks:smelting_upgrade":1,"minecraft:hopper":3,"minecraft:iron_boots":2,"gnumus:vintage_alloy_ingot":2,"minecraft:chest":5,"gnumus:pileof_gnumus_doubloons":2,"born_in_chaos_v1:pileof_dark_metal":1,"sophisticatedbackpacks:backpack":1,"minecraft:crafting_table":5,"minecraft:spruce_planks":32,"minecraft:wooden_pickaxe":1,"minecraft:iron_helmet":2,"minecraft:birch_planks":4,"minecraft:campfire":1,"sophisticatedbackpacks:upgrade_base":2,"minecraft:iron_chestplate":3,"minecraft:diamond_pickaxe":1,"minecraft:shield":1,"minecraft:stick":60,"minecraft:iron_ingot":35,"sophisticatedbackpacks:auto_smelting_upgrade":1,"minecraft:iron_pickaxe":3,"minecraft:gold_ingot":4,"minecraft:raw_iron":9,"minecraft:furnace":1,"minecraft:diamond":1,"minecraft:iron_hoe":1,"minecraft:stone_pickaxe":1,"alexsmobs:flying_fish_boots":1,"minecraft:dark_oak_planks":20,"minecraft:wheat":73,"sophisticatedbackpacks:iron_backpack":1,"minecraft:cooked_beef":3,"sophisticatedbackpacks:gold_backpack":1,"minecraft:mangrove_planks":8,"minecraft:bucket":1,"minecraft:bone":6,"minecraft:stone_axe":3,"minecraft:acacia_boat":1,"minecraft:bread":29,"minecraft:air":0,"minecraft:oak_boat":3,"minecraft:wooden_axe":1,"minecraft:iron_leggings":3,"minecraft:white_bed":1,"minecraft:acacia_planks":4,"minecraft:torch":40},"minecraft:picked_up":{"minecraft:wooden_axe":1,"minecraft:wheat":8,"minecraft:prismarine_shard":2,"gnumus:gnumus_claw":20,"alexscaves:cave_tablet":2,"minecraft:amethyst_block":6,"born_in_chaos_v1:holiday_candy":42,"born_in_chaos_v1:black_argillite":4,"minecraft:string":42,"minecraft:raw_copper":55,"minecraft:cobbled_deepslate":113,"gnumus:packaged_goods":15,"minecraft:calcite":4,"born_in_chaos_v1:stimulating_decoction":1,"minecraft:furnace":9,"minecraft:mangrove_log":2,"alexsmobs:leafcutter_ant_chamber":44,"minecraft:tipped_arrow":2,"minecraft:stick":7,"born_in_chaos_v1:shattered_skull":3,"minecraft:oak_fence":1,"born_in_chaos_v1:phantom_powder":1,"minecraft:torch":49,"minecraft:acacia_log":3,"born_in_chaos_v1:pileof_dark_metal":1,"minecraft:porkchop":13,"born_in_chaos_v1:nightmare_claw":2,"born_in_chaos_v1:black_argillite_brick_stairs":8,"gnumus:grilled_juicy_meat":10,"alexsmobs:centipede_leg":1,"gnumus:wrapper_with_goods":4,"gnumus:vintage_metal":6,"minecraft:horn_coral_fan":1,"minecraft:rotten_flesh":103,"minecraft:iron_block":4,"gnumus:gnumus_chickpeas":45,"minecraft:fire_coral_fan":3,"minecraft:iron_bars":16,"minecraft:cod":2,"minecraft:cobblestone":127,"minecraft:birch_log":1,"born_in_chaos_v1:staffof_magic_arrows":1,"minecraft:magma_block":2,"gnumus:gnumus_doubloons":31,"minecraft:feather":2,"born_in_chaos_v1:spiritual_dust":4,"minecraft:andesite":1,"minecraft:jungle_log":1,"gnumus:overripe_carrot":16,"minecraft:potato":1,"minecraft:tuff":16,"minecraft:acacia_boat":2,"minecraft:lapis_lazuli":119,"minecraft:dirt":38,"gnumus:gnumus_pouch_2":3,"minecraft:name_tag":2,"born_in_chaos_v1:monster_skin":12,"minecraft:bone":77,"minecraft:bow":2,"minecraft:wheat_seeds":52,"minecraft:raw_gold":159,"minecraft:rabbit":3,"minecraft:glowstone_dust":2,"minecraft:bamboo":74,"minecraft:moss_block":3,"minecraft:oak_planks":80,"minecraft:poisonous_potato":1,"minecraft:sand":3,"minecraft:grass_block":1,"minecraft:dark_oak_log":1,"born_in_chaos_v1:fire_dust":4,"gnumus:vintage_parts":3,"minecraft:diamond":37,"gnumus:gnumus_clay":56,"waystones:waystone":3,"minecraft:writable_book":1,"minecraft:bone_meal":1,"minecraft:emerald":1,"minecraft:bread":2,"born_in_chaos_v1:rotten_fish":2,"minecraft:crimson_roots":5,"minecraft:bee_nest":1,"minecraft:coarse_dirt":2,"gnumus:gnumus_totem":1,"minecraft:charcoal":2,"minecraft:crafting_table":29,"born_in_chaos_v1:diamond_termite_shard":14,"minecraft:bubble_coral_fan":2,"born_in_chaos_v1:smoked_monster_flesh":8,"minecraft:chicken":5,"born_in_chaos_v1:river_mint":1,"born_in_chaos_v1:seedof_chaos":2,"minecraft:wooden_pickaxe":1,"minecraft:gold_block":3,"minecraft:chain":1,"minecraft:shield":1,"born_in_chaos_v1:fired_black_argillite":2,"minecraft:iron_axe":1,"born_in_chaos_v1:intoxicating_decoction":2,"born_in_chaos_v1:black_argillite_brick":1,"minecraft:beef":22,"minecraft:oak_boat":9,"born_in_chaos_v1:gnawed_bones":1,"minecraft:lectern":1,"minecraft:sugar_cane":13,"minecraft:raw_iron":273,"gnumus:juicy_meat":9,"born_in_chaos_v1:pieceofdarkmetal":11,"minecraft:carrot":8,"minecraft:redstone":90,"alexsmobs:leafcutter_ant_pupa":1,"minecraft:prismarine_crystals":3,"minecraft:arrow":64,"minecraft:weeping_vines":2,"born_in_chaos_v1:wood_splitter_axe":1,"minecraft:tube_coral_fan":2,"minecraft:hay_block":19,"alexscaves:spelunkery_table":1,"born_in_chaos_v1:spiny_shell":1,"minecraft:gold_ingot":5,"gnumus:mouse_skin":24,"minecraft:glow_berries":3,"minecraft:mutton":6,"minecraft:white_wool":14,"born_in_chaos_v1:fused_bone":5,"minecraft:stripped_oak_log":4,"born_in_chaos_v1:corpse_maggot":18,"minecraft:salmon":1,"born_in_chaos_v1:black_argillite_column_slab":1,"gnumus:baked_patterned_gnumus_clay":1,"minecraft:golden_carrot":6,"born_in_chaos_v1:monster_flesh":10,"born_in_chaos_v1:pumpkin_staff":3,"minecraft:leather":19,"gnumus:gnumus_pouch":5,"minecraft:oak_log":32,"minecraft:gunpowder":18,"minecraft:paper":23,"minecraft:cooked_mutton":2,"minecraft:red_carpet":2,"born_in_chaos_v1:soul_cutlass":3,"gnumus:gnumus_horn":1,"minecraft:heart_of_the_sea":2,"alexsmobs:cockroach_wing_fragment":1,"minecraft:rabbit_hide":4,"minecraft:iron_ingot":63,"born_in_chaos_v1:chipped_black_argillite_brick":3,"born_in_chaos_v1:fel_lamp":1,"minecraft:smooth_basalt":7,"minecraft:dark_oak_slab":1,"minecraft:sweet_berries":5,"born_in_chaos_v1:orbofthe_summoner":1,"born_in_chaos_v1:ethereal_spirit":16,"minecraft:spyglass":1,"minecraft:dripstone_block":12,"minecraft:raw_iron_block":1,"minecraft:gravel":2,"born_in_chaos_v1:dark_rod":8,"minecraft:amethyst_shard":24,"gnumus:gnumus_cheese":6,"minecraft:spruce_sapling":5,"minecraft:blast_furnace":3,"minecraft:spruce_log":11,"minecraft:spider_eye":13,"minecraft:pumpkin_seeds":44,"minecraft:slime_ball":1,"minecraft:coal":144,"minecraft:ender_pearl":3},"minecraft:used":{"minecraft:shield":47,"minecraft:mutton":6,"minecraft:carrot":11,"born_in_chaos_v1:soul_cutlass":1141,"minecraft:tuff":11,"minecraft:crimson_roots":2,"minecraft:bow":79,"minecraft:sweet_berries":1,"born_in_chaos_v1:fel_lamp":1,"minecraft:furnace":7,"gnumus:grilled_juicy_meat":6,"minecraft:stone_pickaxe":148,"alexsmobs:flying_fish_boots":2,"minecraft:ender_pearl":1,"minecraft:wooden_pickaxe":6,"minecraft:diamond_axe":36,"minecraft:golden_apple":6,"minecraft:sand":1,"minecraft:blast_furnace":1,"born_in_chaos_v1:monster_flesh":1,"minecraft:bread":77,"born_in_chaos_v1:pumpkin_staff":3,"born_in_chaos_v1:smoked_monster_flesh":8,"minecraft:chain":1,"minecraft:oak_boat":11,"gnumus:juicy_meat":1,"minecraft:experience_bottle":1,"minecraft:flint_and_steel":2,"born_in_chaos_v1:black_argillite":1,"minecraft:cooked_chicken":3,"minecraft:torch":81,"minecraft:dirt":27,"minecraft:iron_hoe":250,"minecraft:wooden_axe":4,"minecraft:iron_axe":79,"minecraft:iron_boots":2,"minecraft:smooth_basalt":3,"minecraft:golden_carrot":6,"minecraft:goat_horn":6,"minecraft:cooked_beef":11,"minecraft:cobbled_deepslate":113,"minecraft:calcite":4,"minecraft:iron_leggings":1,"minecraft:acacia_boat":3,"minecraft:water_bucket":68,"minecraft:amethyst_block":6,"gnumus:baked_patterned_gnumus_clay":1,"gnumus:overripe_carrot":7,"born_in_chaos_v1:black_argillite_brick_stairs":1,"minecraft:tnt":2,"minecraft:crafting_table":31,"minecraft:white_bed":1,"minecraft:campfire":1,"minecraft:diamond_pickaxe":1,"minecraft:iron_pickaxe":839,"minecraft:stone_axe":199,"minecraft:cobblestone":72,"minecraft:porkchop":11,"minecraft:cooked_porkchop":2,"minecraft:bucket":69,"born_in_chaos_v1:wood_splitter_axe":135}},"DataVersion":3465}