{"stats":{"minecraft:mined":{"minecraft:crafting_table":4,"minecraft:grass":3,"minecraft:oak_log":20,"minecraft:stone":21,"minecraft:sugar_cane":2,"minecraft:oak_leaves":5},"minecraft:picked_up":{"minecraft:wooden_axe":1,"minecraft:stick":5,"minecraft:crafting_table":4,"minecraft:feather":1,"minecraft:chicken":2,"minecraft:leather":2,"minecraft:wooden_pickaxe":1,"minecraft:porkchop":2,"minecraft:oak_log":20,"minecraft:dirt":13,"minecraft:beef":3,"minecraft:sugar_cane":4,"minecraft:mutton":2,"minecraft:white_wool":1,"minecraft:cobblestone":21,"born_in_chaos_v1:fused_bone":1},"minecraft:killed_by":{"born_in_chaos_v1:siamese_skeletonsleft":1},"minecraft:crafted":{"minecraft:oak_planks":40,"minecraft:crafting_table":1,"minecraft:stick":12,"minecraft:wooden_pickaxe":1,"minecraft:stone_pickaxe":1,"minecraft:wooden_axe":1,"minecraft:stone_axe":1},"minecraft:used":{"minecraft:wooden_axe":4,"minecraft:stone_pickaxe":15,"minecraft:wooden_pickaxe":6,"minecraft:stone_axe":24,"minecraft:dirt":2,"minecraft:crafting_table":4},"minecraft:dropped":{"minecraft:wooden_axe":2,"minecraft:chicken":1,"minecraft:wooden_pickaxe":2},"minecraft:custom":{"minecraft:time_since_rest":3867,"minecraft:sprint_one_cm":23865,"minecraft:damage_taken":426,"minecraft:walk_one_cm":10192,"minecraft:mob_kills":7,"minecraft:drop":5,"minecraft:damage_dealt":1009,"minecraft:swim_one_cm":3566,"minecraft:interact_with_crafting_table":5,"minecraft:fly_one_cm":41795,"minecraft:crouch_one_cm":3221,"minecraft:play_time":14756,"minecraft:deaths":1,"minecraft:sneak_time":1303,"minecraft:walk_under_water_one_cm":1377,"minecraft:jump":198,"minecraft:leave_game":1,"minecraft:walk_on_water_one_cm":1950,"minecraft:time_since_death":3087,"minecraft:total_world_time":14756,"minecraft:fall_one_cm":8464},"minecraft:killed":{"minecraft:sheep":1,"minecraft:pig":1,"minecraft:chicken":2,"minecraft:spider":1,"born_in_chaos_v1:siamese_skeletonsright":1,"minecraft:cow":1}},"DataVersion":3465}