{"stats":{"minecraft:custom":{"minecraft:interact_with_crafting_table":37,"minecraft:open_barrel":4,"minecraft:bell_ring":6,"minecraft:leave_game":8,"minecraft:time_since_death":186790,"minecraft:sprint_one_cm":852039,"minecraft:damage_blocked_by_shield":3240,"minecraft:drop":103,"minecraft:talked_to_villager":148,"minecraft:play_time":376512,"minecraft:deaths":6,"minecraft:jump":5927,"minecraft:walk_on_water_one_cm":48056,"minecraft:interact_with_furnace":70,"minecraft:traded_with_villager":183,"minecraft:interact_with_loom":2,"minecraft:sleep_in_bed":10,"minecraft:damage_dealt":28077,"minecraft:player_kills":2,"minecraft:crouch_one_cm":54384,"minecraft:interact_with_smoker":12,"minecraft:mob_kills":224,"minecraft:interact_with_anvil":6,"minecraft:walk_one_cm":634076,"minecraft:damage_dealt_absorbed":200,"minecraft:sneak_time":20453,"minecraft:walk_under_water_one_cm":18581,"minecraft:boat_one_cm":90581,"minecraft:total_world_time":376512,"minecraft:time_since_rest":50310,"minecraft:damage_taken":6273,"minecraft:swim_one_cm":36769,"minecraft:fly_one_cm":1465988,"minecraft:open_chest":24,"minecraft:fall_one_cm":186905},"minecraft:used":{"minecraft:iron_shovel":282,"minecraft:chest":2,"minecraft:shield":64,"minecraft:bell":3,"minecraft:iron_chestplate":1,"minecraft:mutton":15,"minecraft:carrot":22,"minecraft:tuff":13,"dungeonsweaponry:longbow":190,"minecraft:iron_helmet":1,"minecraft:stone_bricks":12,"minecraft:furnace":12,"minecraft:oak_sapling":17,"minecraft:egg":5,"minecraft:potato":23,"minecraft:diorite":1,"minecraft:stone_pickaxe":132,"minecraft:wooden_pickaxe":3,"minecraft:diamond_axe":232,"minecraft:sugar_cane":39,"minecraft:oak_leaves":1,"minecraft:blast_furnace":1,"minecraft:dripstone_block":6,"minecraft:bread":47,"minecraft:lectern":64,"minecraft:gravel":16,"minecraft:grindstone":1,"minecraft:smooth_stone_slab":2,"minecraft:oak_boat":4,"minecraft:bone_meal":48,"minecraft:oak_trapdoor":6,"minecraft:oak_fence":3,"minecraft:trident":1,"minecraft:oak_door":2,"minecraft:torch":229,"minecraft:dirt":255,"minecraft:spyglass":14,"minecraft:anvil":2,"minecraft:iron_hoe":4,"minecraft:wooden_axe":20,"minecraft:iron_axe":1078,"minecraft:oak_stairs":3,"minecraft:iron_boots":1,"minecraft:smooth_basalt":1,"minecraft:light_gray_wool":1,"alexscaves:spelunkery_table":2,"minecraft:beef":10,"minecraft:cooked_beef":22,"minecraft:cobbled_deepslate":64,"minecraft:iron_leggings":1,"minecraft:pointed_dripstone":1,"sophisticatedbackpacks:gold_backpack":1,"minecraft:calcite":2,"minecraft:water_bucket":85,"minecraft:amethyst_block":5,"minecraft:fletching_table":14,"minecraft:crafting_table":15,"minecraft:white_bed":12,"minecraft:spruce_log":2,"minecraft:smoker":2,"minecraft:iron_pickaxe":794,"minecraft:map":1,"minecraft:spruce_sapling":54,"minecraft:stone_axe":77,"minecraft:chiseled_stone_bricks":1,"minecraft:cobblestone":92,"minecraft:cooked_porkchop":8,"minecraft:porkchop":9,"minecraft:bucket":88,"minecraft:yellow_bed":8,"minecraft:stripped_oak_log":1},"minecraft:broken":{"minecraft:stone_pickaxe":1,"minecraft:stone_axe":1,"minecraft:shield":1,"minecraft:iron_axe":5,"minecraft:iron_pickaxe":3},"minecraft:killed":{"dungeonsweaponry:wraith":3,"minecraft:cave_spider":2,"minecraft:spider":18,"dungeonsweaponry:enchanter":11,"minecraft:skeleton":50,"minecraft:chicken":2,"minecraft:pig":10,"minecraft:zombie_villager":1,"minecraft:iron_golem":3,"minecraft:creeper":8,"minecraft:sheep":11,"minecraft:zombie":70,"dungeonsweaponry:geomancer":3,"minecraft:cow":16,"minecraft:horse":3,"minecraft:drowned":8,"minecraft:bat":1,"minecraft:enderman":1},"minecraft:picked_up":{"minecraft:wheat":3,"minecraft:anvil":1,"minecraft:oak_stairs":3,"alexscaves:cave_tablet":8,"minecraft:amethyst_block":5,"minecraft:string":92,"minecraft:raw_copper":8,"minecraft:smooth_stone_slab":2,"minecraft:beetroot":1,"minecraft:cobbled_deepslate":82,"minecraft:bucket":1,"minecraft:calcite":2,"minecraft:iron_boots":1,"minecraft:furnace":10,"minecraft:stick":43,"minecraft:composter":1,"minecraft:oak_fence":3,"minecraft:torch":27,"minecraft:porkchop":19,"minecraft:pointed_dripstone":16,"minecraft:diorite":1,"minecraft:rotten_flesh":90,"minecraft:bookshelf":1,"minecraft:cobblestone":145,"minecraft:birch_log":30,"minecraft:pink_petals":6,"minecraft:cooked_beef":1,"minecraft:potato":15,"minecraft:smoker":3,"alexscaves:cave_book":1,"minecraft:flint":5,"minecraft:tuff":17,"minecraft:lapis_lazuli":35,"minecraft:dirt":322,"minecraft:lantern":1,"minecraft:bone":43,"minecraft:wheat_seeds":50,"minecraft:raw_gold":76,"minecraft:bell":3,"minecraft:fletching_table":10,"minecraft:oak_planks":30,"minecraft:stripped_spruce_log":1,"sophisticatedbackpacks:iron_backpack":1,"minecraft:dark_oak_log":45,"minecraft:diamond":20,"minecraft:emerald":73,"minecraft:oak_sapling":18,"minecraft:netherrack":3,"minecraft:oak_leaves":1,"minecraft:crafting_table":16,"minecraft:cornflower":1,"minecraft:oak_trapdoor":3,"minecraft:iron_shovel":1,"minecraft:cracked_stone_bricks":1,"minecraft:beef":35,"minecraft:oak_boat":4,"minecraft:poppy":4,"minecraft:light_gray_wool":1,"minecraft:lectern":62,"minecraft:sugar_cane":42,"minecraft:egg":8,"minecraft:dark_oak_sapling":4,"minecraft:raw_iron":264,"minecraft:oak_door":2,"minecraft:copper_ingot":1,"minecraft:trident":1,"minecraft:carrot":29,"minecraft:redstone":147,"minecraft:prismarine_crystals":3,"minecraft:arrow":34,"minecraft:beetroot_seeds":4,"minecraft:hay_block":11,"alexscaves:spelunkery_table":4,"sophisticatedbackpacks:copper_backpack":2,"minecraft:mutton":15,"minecraft:white_wool":8,"minecraft:stripped_oak_log":3,"minecraft:leather":15,"minecraft:red_mushroom":2,"minecraft:oak_log":141,"minecraft:yellow_bed":8,"minecraft:gunpowder":8,"minecraft:paper":11,"minecraft:stone_bricks":12,"minecraft:iron_ingot":28,"minecraft:book":12,"minecraft:smooth_basalt":1,"minecraft:chiseled_stone_bricks":1,"minecraft:raw_iron_block":1,"minecraft:dripstone_block":6,"minecraft:gravel":36,"minecraft:amethyst_shard":40,"minecraft:spruce_sapling":80,"minecraft:white_bed":13,"minecraft:spruce_log":524,"minecraft:spider_eye":4,"minecraft:iron_helmet":1,"minecraft:coal":403},"minecraft:killed_by":{"minecraft:creeper":1,"minecraft:zombie":1,"minecraft:skeleton":1},"minecraft:dropped":{"minecraft:cooked_beef":1,"minecraft:diamond":2,"minecraft:red_mushroom":2,"minecraft:emerald":11,"minecraft:dirt":55,"minecraft:cornflower":1,"minecraft:sugar_cane":1,"minecraft:wheat":4,"minecraft:beetroot":1,"minecraft:rotten_flesh":103,"minecraft:poppy":4,"minecraft:beetroot_seeds":4,"minecraft:melon_seeds":2,"minecraft:beef":3,"minecraft:netherrack":3,"minecraft:egg":3,"minecraft:iron_ingot":30,"minecraft:water_bucket":2,"minecraft:wheat_seeds":50,"minecraft:iron_helmet":1,"minecraft:wooden_axe":1,"minecraft:iron_axe":3,"minecraft:iron_shovel":2,"minecraft:pink_petals":6,"minecraft:bucket":1,"minecraft:tuff":4,"minecraft:composter":1,"sophisticatedbackpacks:backpack":1,"minecraft:filled_map":1,"minecraft:potato":1,"minecraft:oak_sapling":1,"minecraft:wooden_pickaxe":1},"minecraft:mined":{"minecraft:white_bed":13,"minecraft:oak_sapling":1,"minecraft:grass_block":180,"minecraft:composter":1,"minecraft:chiseled_stone_bricks":1,"minecraft:spawner":2,"minecraft:raw_iron_block":1,"minecraft:iron_ore":138,"minecraft:cobbled_deepslate":10,"minecraft:fletching_table":10,"minecraft:deepslate_lapis_ore":5,"minecraft:anvil":1,"minecraft:pointed_dripstone":10,"minecraft:dirt_path":8,"minecraft:oak_stairs":3,"minecraft:deepslate_redstone_ore":33,"minecraft:smoker":3,"minecraft:amethyst_cluster":10,"minecraft:torch":11,"minecraft:calcite":2,"minecraft:mushroom_stem":5,"minecraft:cobblestone":40,"minecraft:sugar_cane":31,"minecraft:oak_planks":3,"minecraft:wall_torch":9,"minecraft:amethyst_block":5,"minecraft:birch_log":30,"minecraft:wheat":17,"minecraft:stone_brick_stairs":1,"minecraft:smooth_stone_slab":1,"minecraft:grass":228,"minecraft:oak_log":142,"minecraft:beetroots":1,"minecraft:dirt":64,"minecraft:smooth_basalt":1,"dungeonsweaponry:emerald_pot":4,"minecraft:red_mushroom_block":12,"minecraft:netherrack":10,"minecraft:oak_leaves":15,"minecraft:deepslate":72,"minecraft:suspicious_gravel":1,"alexscaves:spelunkery_table":3,"minecraft:tuff":15,"minecraft:mossy_cobblestone":1,"minecraft:dark_oak_leaves":34,"minecraft:deepslate_diamond_ore":20,"minecraft:oak_door":2,"minecraft:dark_oak_log":45,"minecraft:sea_lantern":1,"minecraft:glow_lichen":1,"minecraft:spruce_leaves":119,"minecraft:hay_block":11,"minecraft:oak_trapdoor":3,"minecraft:spruce_sapling":10,"minecraft:furnace":11,"minecraft:carrots":12,"minecraft:stripped_spruce_log":1,"minecraft:bell":3,"minecraft:bookshelf":5,"minecraft:potatoes":6,"minecraft:deepslate_iron_ore":123,"minecraft:stripped_oak_log":2,"minecraft:stone":105,"minecraft:podzol":1,"minecraft:oak_fence":3,"minecraft:crafting_table":16,"minecraft:emerald_ore":1,"minecraft:lectern":62,"minecraft:tall_grass":47,"minecraft:copper_ore":2,"minecraft:deepslate_gold_ore":75,"minecraft:spruce_log":528,"minecraft:birch_leaves":1,"minecraft:yellow_bed":8,"minecraft:coal_ore":172,"minecraft:gravel":42,"minecraft:dripstone_block":1,"minecraft:cracked_stone_bricks":1,"minecraft:stone_bricks":12,"minecraft:gold_ore":2},"minecraft:crafted":{"minecraft:grindstone":1,"minecraft:oak_planks":552,"minecraft:smooth_stone":3,"minecraft:oak_pressure_plate":1,"minecraft:stone":6,"sophisticatedbackpacks:crafting_upgrade":1,"minecraft:bookshelf":1,"sophisticatedbackpacks:smelting_upgrade":1,"minecraft:chest":3,"sophisticatedbackpacks:backpack":1,"minecraft:arrow":64,"minecraft:emerald":144,"minecraft:cooked_porkchop":8,"minecraft:diamond_axe":1,"minecraft:crafting_table":2,"minecraft:spruce_planks":1120,"minecraft:wooden_pickaxe":1,"minecraft:copper_ingot":8,"minecraft:fletching_table":1,"minecraft:birch_planks":120,"sophisticatedbackpacks:upgrade_base":1,"minecraft:lectern":1,"minecraft:iron_chestplate":1,"minecraft:shield":1,"minecraft:stick":3744,"minecraft:iron_pickaxe":2,"minecraft:iron_ingot":80,"minecraft:iron_block":1,"minecraft:gold_ingot":17,"minecraft:oak_door":3,"minecraft:spyglass":1,"minecraft:furnace":3,"minecraft:bone_meal":36,"alexscaves:cave_map":1,"minecraft:oak_trapdoor":4,"minecraft:iron_axe":33,"minecraft:iron_hoe":1,"minecraft:stone_pickaxe":1,"minecraft:dark_oak_planks":180,"minecraft:cooked_beef":22,"sophisticatedbackpacks:iron_backpack":1,"sophisticatedbackpacks:gold_backpack":1,"minecraft:bucket":2,"minecraft:stone_axe":1,"minecraft:enchanted_book":3,"minecraft:air":0,"minecraft:wooden_axe":1,"minecraft:iron_leggings":1,"minecraft:anvil":1,"minecraft:torch":64}},"DataVersion":3465}