{"stats":{"minecraft:custom":{"minecraft:interact_with_crafting_table":37,"minecraft:open_barrel":4,"minecraft:bell_ring":7,"minecraft:leave_game":8,"minecraft:time_since_death":12621,"minecraft:sprint_one_cm":1115279,"minecraft:damage_blocked_by_shield":4260,"minecraft:drop":138,"minecraft:talked_to_villager":213,"minecraft:play_time":466512,"minecraft:deaths":11,"minecraft:jump":7466,"minecraft:walk_on_water_one_cm":54553,"minecraft:interact_with_furnace":70,"minecraft:traded_with_villager":278,"minecraft:interact_with_loom":2,"minecraft:sleep_in_bed":10,"minecraft:damage_dealt":34562,"minecraft:player_kills":2,"minecraft:crouch_one_cm":68308,"minecraft:interact_with_smoker":12,"minecraft:horse_one_cm":102230,"minecraft:mob_kills":276,"minecraft:interact_with_anvil":6,"minecraft:walk_one_cm":788594,"minecraft:damage_dealt_absorbed":200,"minecraft:sneak_time":26564,"minecraft:walk_under_water_one_cm":20673,"minecraft:boat_one_cm":90581,"minecraft:total_world_time":466512,"minecraft:time_since_rest":12655,"minecraft:damage_taken":8610,"minecraft:swim_one_cm":38314,"minecraft:fly_one_cm":1708909,"minecraft:open_chest":31,"minecraft:fall_one_cm":223708},"minecraft:used":{"minecraft:iron_shovel":310,"minecraft:poppy":2,"minecraft:chest":4,"minecraft:shield":76,"minecraft:bell":3,"minecraft:iron_chestplate":1,"minecraft:mutton":15,"minecraft:carrot":22,"minecraft:tuff":20,"dungeonsweaponry:longbow":236,"minecraft:lava_bucket":2,"minecraft:iron_helmet":1,"minecraft:stone_bricks":12,"minecraft:furnace":12,"minecraft:oak_sapling":17,"minecraft:egg":5,"minecraft:potato":36,"minecraft:diorite":1,"minecraft:stone_pickaxe":132,"minecraft:wooden_pickaxe":3,"minecraft:diamond_axe":651,"minecraft:sugar_cane":41,"minecraft:oak_leaves":1,"minecraft:blast_furnace":1,"minecraft:dripstone_block":6,"minecraft:bread":55,"minecraft:lectern":75,"minecraft:gravel":16,"minecraft:grindstone":1,"minecraft:smooth_stone_slab":2,"minecraft:oak_boat":4,"minecraft:bone_meal":48,"minecraft:oak_trapdoor":9,"minecraft:oak_fence":3,"minecraft:trident":1,"minecraft:oak_door":2,"minecraft:torch":318,"minecraft:dirt":323,"minecraft:spyglass":16,"minecraft:anvil":2,"minecraft:iron_hoe":4,"minecraft:wooden_axe":20,"minecraft:iron_axe":1078,"minecraft:oak_stairs":3,"minecraft:iron_boots":1,"minecraft:smooth_basalt":1,"minecraft:light_gray_wool":1,"alexscaves:spelunkery_table":2,"minecraft:beef":10,"minecraft:cooked_beef":22,"minecraft:cobbled_deepslate":133,"minecraft:iron_leggings":2,"minecraft:pointed_dripstone":2,"sophisticatedbackpacks:gold_backpack":1,"minecraft:calcite":2,"minecraft:water_bucket":106,"minecraft:amethyst_block":5,"minecraft:baked_potato":14,"minecraft:cauldron":1,"minecraft:fletching_table":14,"minecraft:crafting_table":15,"minecraft:white_bed":14,"minecraft:spruce_log":3,"minecraft:smoker":2,"minecraft:iron_pickaxe":1036,"minecraft:map":1,"minecraft:spruce_sapling":76,"minecraft:stone_axe":77,"minecraft:chiseled_stone_bricks":1,"minecraft:cobblestone":92,"minecraft:cooked_porkchop":14,"minecraft:porkchop":9,"minecraft:bucket":111,"minecraft:yellow_bed":8,"minecraft:stripped_oak_log":1},"minecraft:broken":{"minecraft:iron_boots":1,"minecraft:stone_pickaxe":1,"minecraft:stone_axe":1,"minecraft:shield":1,"minecraft:iron_axe":5,"minecraft:iron_pickaxe":4,"minecraft:iron_helmet":1},"minecraft:killed":{"dungeonsweaponry:wraith":5,"minecraft:cave_spider":4,"minecraft:spider":21,"dungeonsweaponry:enchanter":12,"minecraft:skeleton":66,"minecraft:chicken":2,"minecraft:pig":10,"minecraft:zombie_villager":1,"minecraft:iron_golem":4,"minecraft:creeper":15,"minecraft:sheep":11,"minecraft:zombie":90,"dungeonsweaponry:geomancer":3,"minecraft:cow":16,"minecraft:horse":3,"minecraft:drowned":8,"minecraft:bat":1,"minecraft:enderman":1},"minecraft:picked_up":{"minecraft:iron_chestplate":1,"minecraft:wheat":3,"minecraft:anvil":1,"minecraft:oak_stairs":3,"alexscaves:cave_tablet":8,"minecraft:amethyst_block":5,"minecraft:string":136,"minecraft:raw_copper":8,"minecraft:smooth_stone_slab":2,"minecraft:beetroot":1,"minecraft:cobbled_deepslate":149,"minecraft:bucket":1,"minecraft:calcite":2,"minecraft:iron_boots":1,"minecraft:furnace":10,"minecraft:stick":58,"minecraft:composter":1,"minecraft:oak_fence":3,"minecraft:torch":42,"minecraft:porkchop":19,"minecraft:pointed_dripstone":32,"minecraft:diorite":1,"minecraft:rotten_flesh":94,"minecraft:bookshelf":1,"minecraft:cobblestone":147,"minecraft:birch_log":30,"minecraft:pink_petals":6,"minecraft:cooked_beef":1,"minecraft:potato":55,"minecraft:smoker":3,"alexscaves:cave_book":1,"minecraft:flint":5,"minecraft:tuff":24,"minecraft:lapis_lazuli":35,"minecraft:dirt":379,"minecraft:lantern":1,"minecraft:bone":53,"minecraft:wheat_seeds":51,"minecraft:raw_gold":129,"minecraft:bell":3,"minecraft:fletching_table":10,"minecraft:oak_planks":30,"minecraft:cooked_porkchop":17,"minecraft:stripped_spruce_log":1,"sophisticatedbackpacks:iron_backpack":1,"minecraft:dark_oak_log":45,"minecraft:diamond":28,"minecraft:emerald":73,"minecraft:oak_sapling":18,"minecraft:netherrack":3,"minecraft:oak_leaves":1,"minecraft:spruce_leaves":8,"minecraft:crafting_table":16,"minecraft:cornflower":1,"minecraft:oak_trapdoor":4,"minecraft:iron_shovel":1,"minecraft:cracked_stone_bricks":1,"minecraft:beef":35,"minecraft:oak_boat":4,"minecraft:poppy":8,"minecraft:light_gray_wool":1,"minecraft:lectern":71,"minecraft:chest":1,"minecraft:sugar_cane":87,"minecraft:egg":8,"minecraft:dark_oak_sapling":4,"minecraft:raw_iron":357,"minecraft:oak_door":2,"minecraft:copper_ingot":1,"minecraft:trident":1,"minecraft:carrot":29,"minecraft:redstone":160,"minecraft:prismarine_crystals":3,"minecraft:arrow":51,"minecraft:beetroot_seeds":4,"minecraft:hay_block":11,"alexscaves:spelunkery_table":4,"sophisticatedbackpacks:copper_backpack":2,"minecraft:mutton":15,"minecraft:white_wool":8,"minecraft:stripped_oak_log":3,"minecraft:glow_ink_sac":2,"minecraft:leather":15,"minecraft:red_mushroom":2,"minecraft:oak_log":146,"minecraft:yellow_bed":8,"minecraft:gunpowder":13,"minecraft:paper":11,"minecraft:stone_bricks":12,"minecraft:iron_ingot":31,"minecraft:book":12,"minecraft:smooth_basalt":1,"minecraft:chiseled_stone_bricks":1,"minecraft:raw_iron_block":4,"minecraft:dripstone_block":6,"minecraft:gravel":36,"minecraft:amethyst_shard":44,"minecraft:spruce_sapling":105,"minecraft:white_bed":15,"minecraft:spruce_log":839,"minecraft:spider_eye":8,"minecraft:iron_helmet":1,"minecraft:coal":409},"minecraft:killed_by":{"minecraft:creeper":1,"minecraft:zombie":1,"minecraft:iron_golem":2,"minecraft:skeleton":3},"minecraft:dropped":{"minecraft:cooked_beef":1,"minecraft:diamond":2,"minecraft:saddle":1,"minecraft:red_mushroom":2,"minecraft:emerald":11,"minecraft:dirt":55,"minecraft:cornflower":1,"minecraft:sugar_cane":1,"minecraft:cobbled_deepslate":1,"alexscaves:cave_tablet":4,"minecraft:wheat":4,"minecraft:pointed_dripstone":1,"minecraft:beetroot":1,"minecraft:rotten_flesh":106,"minecraft:chainmail_chestplate":8,"minecraft:poppy":6,"alexscaves:cave_book":1,"minecraft:beetroot_seeds":4,"minecraft:melon_seeds":2,"minecraft:beef":3,"minecraft:netherrack":3,"minecraft:egg":3,"minecraft:iron_ingot":30,"minecraft:water_bucket":2,"minecraft:wheat_seeds":51,"minecraft:iron_helmet":1,"alexscaves:spelunkery_table":1,"minecraft:wooden_axe":1,"minecraft:iron_leggings":1,"minecraft:iron_axe":3,"minecraft:chainmail_leggings":12,"minecraft:iron_shovel":2,"minecraft:pink_petals":6,"minecraft:bucket":1,"minecraft:tuff":4,"minecraft:composter":1,"minecraft:iron_boots":1,"sophisticatedbackpacks:backpack":1,"minecraft:filled_map":1,"minecraft:potato":1,"minecraft:iron_chestplate":2,"minecraft:oak_sapling":1,"minecraft:wooden_pickaxe":1},"minecraft:mined":{"minecraft:white_bed":15,"minecraft:oak_sapling":1,"minecraft:grass_block":202,"minecraft:composter":1,"minecraft:chiseled_stone_bricks":1,"minecraft:spawner":3,"minecraft:raw_iron_block":4,"minecraft:iron_ore":139,"minecraft:cobbled_deepslate":30,"minecraft:fletching_table":10,"minecraft:deepslate_lapis_ore":5,"minecraft:anvil":1,"minecraft:pointed_dripstone":13,"minecraft:dirt_path":8,"minecraft:oak_stairs":3,"minecraft:deepslate_redstone_ore":36,"minecraft:smoker":3,"minecraft:amethyst_cluster":11,"minecraft:torch":19,"minecraft:calcite":2,"minecraft:chest":1,"minecraft:mushroom_stem":5,"minecraft:cobblestone":40,"minecraft:sugar_cane":68,"minecraft:oak_planks":3,"minecraft:wall_torch":17,"minecraft:amethyst_block":5,"minecraft:birch_log":30,"minecraft:wheat":17,"minecraft:stone_brick_stairs":1,"minecraft:smooth_stone_slab":1,"minecraft:grass":240,"minecraft:oak_log":147,"minecraft:beetroots":1,"minecraft:dirt":78,"minecraft:smooth_basalt":1,"dungeonsweaponry:emerald_pot":4,"minecraft:red_mushroom_block":12,"minecraft:netherrack":10,"minecraft:oak_leaves":15,"minecraft:deepslate":110,"minecraft:suspicious_gravel":1,"alexscaves:spelunkery_table":3,"minecraft:tuff":24,"minecraft:mossy_cobblestone":1,"minecraft:dark_oak_leaves":34,"minecraft:deepslate_diamond_ore":28,"minecraft:oak_door":2,"minecraft:dark_oak_log":45,"minecraft:sea_lantern":1,"minecraft:glow_lichen":1,"minecraft:spruce_leaves":127,"minecraft:hay_block":11,"minecraft:oak_trapdoor":3,"minecraft:spruce_sapling":12,"minecraft:furnace":11,"minecraft:carrots":12,"minecraft:stripped_spruce_log":1,"minecraft:bell":3,"minecraft:bookshelf":5,"minecraft:potatoes":19,"minecraft:deepslate_iron_ore":216,"minecraft:stripped_oak_log":2,"minecraft:stone":107,"minecraft:podzol":1,"minecraft:oak_fence":3,"minecraft:crafting_table":16,"minecraft:emerald_ore":1,"minecraft:lectern":70,"minecraft:tall_grass":47,"minecraft:copper_ore":2,"minecraft:deepslate_gold_ore":128,"minecraft:spruce_log":845,"minecraft:birch_leaves":1,"minecraft:yellow_bed":8,"minecraft:coal_ore":178,"minecraft:gravel":42,"minecraft:dripstone_block":1,"minecraft:cracked_stone_bricks":1,"minecraft:stone_bricks":12,"minecraft:gold_ore":2},"minecraft:crafted":{"minecraft:grindstone":1,"minecraft:oak_planks":568,"minecraft:smooth_stone":3,"minecraft:oak_pressure_plate":1,"minecraft:stone":6,"sophisticatedbackpacks:crafting_upgrade":1,"minecraft:bookshelf":1,"sophisticatedbackpacks:smelting_upgrade":1,"minecraft:chest":3,"minecraft:oak_slab":6,"sophisticatedbackpacks:backpack":1,"minecraft:arrow":64,"minecraft:emerald":209,"minecraft:cooked_porkchop":8,"minecraft:diamond_axe":1,"minecraft:crafting_table":2,"minecraft:spruce_planks":1120,"minecraft:wooden_pickaxe":1,"minecraft:chainmail_chestplate":8,"minecraft:copper_ingot":8,"minecraft:fletching_table":1,"minecraft:birch_planks":120,"sophisticatedbackpacks:upgrade_base":1,"minecraft:lectern":2,"minecraft:iron_chestplate":11,"minecraft:shield":1,"minecraft:stick":3744,"minecraft:iron_pickaxe":2,"minecraft:iron_ingot":80,"minecraft:iron_block":1,"minecraft:gold_ingot":17,"minecraft:oak_door":3,"minecraft:raw_iron":18,"minecraft:spyglass":1,"minecraft:furnace":3,"minecraft:bone_meal":36,"alexscaves:cave_map":1,"minecraft:oak_trapdoor":4,"minecraft:iron_axe":33,"minecraft:iron_hoe":1,"minecraft:stone_pickaxe":1,"minecraft:dark_oak_planks":180,"minecraft:chainmail_leggings":12,"minecraft:cooked_beef":22,"sophisticatedbackpacks:iron_backpack":1,"sophisticatedbackpacks:gold_backpack":1,"minecraft:bucket":3,"minecraft:stone_axe":1,"minecraft:enchanted_book":3,"minecraft:air":0,"minecraft:wooden_axe":1,"minecraft:iron_leggings":1,"minecraft:anvil":1,"minecraft:torch":64}},"DataVersion":3465}