{"stats":{"minecraft:custom":{"minecraft:interact_with_crafting_table":37,"minecraft:open_barrel":4,"minecraft:bell_ring":7,"minecraft:leave_game":8,"minecraft:time_since_death":19470,"minecraft:sprint_one_cm":1187844,"minecraft:damage_blocked_by_shield":4530,"minecraft:drop":184,"minecraft:talked_to_villager":218,"minecraft:play_time":538512,"minecraft:deaths":23,"minecraft:jump":7942,"minecraft:walk_on_water_one_cm":72263,"minecraft:interact_with_furnace":70,"minecraft:traded_with_villager":339,"minecraft:interact_with_loom":2,"minecraft:sleep_in_bed":12,"minecraft:damage_dealt":40877,"minecraft:player_kills":9,"minecraft:crouch_one_cm":94533,"minecraft:interact_with_smoker":12,"minecraft:horse_one_cm":102230,"minecraft:mob_kills":310,"minecraft:interact_with_anvil":6,"minecraft:climb_one_cm":7255,"minecraft:walk_one_cm":936674,"minecraft:damage_dealt_absorbed":200,"minecraft:sneak_time":34420,"minecraft:walk_under_water_one_cm":22412,"minecraft:boat_one_cm":90581,"minecraft:total_world_time":538512,"minecraft:time_since_rest":19495,"minecraft:damage_absorbed":40,"minecraft:damage_taken":13660,"minecraft:trigger_trapped_chest":2,"minecraft:swim_one_cm":38698,"minecraft:fly_one_cm":1782835,"minecraft:open_chest":43,"minecraft:fall_one_cm":237622},"minecraft:used":{"dungeonsweaponry:venom_glaive":94,"minecraft:iron_shovel":310,"minecraft:ladder":28,"minecraft:poppy":2,"minecraft:chest":8,"minecraft:shield":79,"minecraft:bell":3,"minecraft:iron_chestplate":1,"minecraft:mutton":15,"minecraft:carrot":22,"minecraft:tuff":20,"dungeonsweaponry:longbow":259,"minecraft:lava_bucket":2,"minecraft:lantern":2,"minecraft:iron_helmet":1,"minecraft:stone_bricks":89,"minecraft:repeater":10,"minecraft:furnace":12,"minecraft:oak_sapling":17,"minecraft:egg":6,"minecraft:potato":36,"minecraft:diorite":10,"minecraft:stone_pickaxe":132,"minecraft:wooden_pickaxe":3,"minecraft:redstone_block":4,"minecraft:diamond_axe":684,"minecraft:sugar_cane":41,"minecraft:oak_leaves":1,"minecraft:golden_apple":1,"minecraft:blast_furnace":1,"minecraft:dripstone_block":6,"minecraft:redstone_torch":9,"minecraft:bread":55,"minecraft:lectern":75,"minecraft:gravel":16,"minecraft:grindstone":1,"minecraft:smooth_stone_slab":2,"minecraft:oak_boat":4,"minecraft:bone_meal":48,"minecraft:oak_trapdoor":10,"minecraft:oak_fence":3,"minecraft:trident":2,"minecraft:redstone":13,"minecraft:oak_door":2,"minecraft:torch":361,"minecraft:dirt":323,"minecraft:spyglass":22,"minecraft:anvil":2,"minecraft:hopper":6,"minecraft:iron_hoe":4,"minecraft:wooden_axe":20,"minecraft:iron_axe":1078,"minecraft:oak_stairs":3,"minecraft:iron_boots":1,"minecraft:smooth_basalt":1,"minecraft:light_gray_wool":1,"alexscaves:spelunkery_table":2,"minecraft:beef":10,"minecraft:cooked_beef":22,"minecraft:cobbled_deepslate":138,"minecraft:iron_leggings":2,"minecraft:pointed_dripstone":2,"sophisticatedbackpacks:gold_backpack":1,"minecraft:calcite":2,"minecraft:water_bucket":122,"minecraft:amethyst_block":5,"dungeonsweaponry:trickbow":6,"minecraft:baked_potato":21,"minecraft:smooth_sandstone_slab":26,"minecraft:cauldron":1,"minecraft:fletching_table":14,"minecraft:cobblestone_slab":13,"minecraft:oak_slab":1,"minecraft:crafting_table":15,"minecraft:white_bed":14,"minecraft:spruce_log":3,"minecraft:smoker":2,"minecraft:piston":2,"minecraft:iron_pickaxe":1563,"minecraft:map":1,"minecraft:spruce_sapling":80,"minecraft:stone_axe":77,"minecraft:chiseled_stone_bricks":1,"minecraft:cobblestone":206,"minecraft:cooked_porkchop":27,"minecraft:porkchop":9,"minecraft:bucket":127,"dungeonsweaponry:suns_grace":5,"minecraft:yellow_bed":9,"minecraft:stripped_oak_log":1},"minecraft:broken":{"minecraft:iron_boots":1,"minecraft:stone_pickaxe":1,"minecraft:stone_axe":1,"minecraft:shield":1,"minecraft:iron_axe":5,"minecraft:iron_pickaxe":6,"minecraft:iron_helmet":2},"minecraft:killed":{"dungeonsweaponry:wraith":6,"minecraft:cave_spider":4,"minecraft:spider":21,"dungeonsweaponry:enchanter":12,"minecraft:skeleton":66,"minecraft:chicken":2,"minecraft:pig":10,"minecraft:zombie_villager":1,"minecraft:iron_golem":4,"dungeonsweaponry:nameless_one":1,"minecraft:creeper":15,"minecraft:sheep":11,"minecraft:zombie":90,"dungeonsweaponry:geomancer":3,"minecraft:cow":16,"minecraft:vex":1,"minecraft:evoker":2,"dungeonsweaponry:vanguard":19,"minecraft:horse":3,"minecraft:drowned":8,"minecraft:bat":1,"minecraft:enderman":1},"minecraft:picked_up":{"minecraft:iron_chestplate":1,"minecraft:wheat":3,"minecraft:redstone_block":3,"minecraft:anvil":1,"minecraft:oak_stairs":3,"alexscaves:cave_tablet":8,"minecraft:amethyst_block":9,"minecraft:string":136,"minecraft:raw_copper":8,"minecraft:smooth_stone_slab":2,"dungeonsweaponry:suns_grace":1,"minecraft:beetroot":1,"minecraft:cobbled_deepslate":152,"minecraft:bucket":1,"minecraft:redstone_torch":9,"minecraft:cobblestone_slab":6,"minecraft:calcite":2,"minecraft:iron_boots":1,"minecraft:furnace":10,"minecraft:stick":65,"minecraft:composter":1,"minecraft:oak_fence":3,"minecraft:torch":57,"minecraft:porkchop":19,"minecraft:pointed_dripstone":32,"minecraft:diorite":34,"minecraft:rotten_flesh":94,"minecraft:bookshelf":1,"minecraft:cobblestone":458,"minecraft:birch_log":30,"minecraft:pink_petals":6,"minecraft:cooked_beef":1,"minecraft:repeater":8,"minecraft:potato":55,"minecraft:smoker":3,"alexscaves:cave_book":1,"minecraft:flint":5,"minecraft:tuff":24,"minecraft:lapis_lazuli":35,"minecraft:dirt":379,"minecraft:lantern":5,"minecraft:bone":98,"minecraft:wheat_seeds":52,"minecraft:raw_gold":129,"minecraft:bell":3,"minecraft:fletching_table":10,"minecraft:oak_planks":30,"minecraft:cooked_porkchop":17,"minecraft:stripped_spruce_log":1,"sophisticatedbackpacks:iron_backpack":1,"minecraft:dark_oak_log":45,"minecraft:diamond":28,"minecraft:emerald":104,"minecraft:oak_sapling":18,"minecraft:netherrack":3,"minecraft:oak_leaves":1,"minecraft:spruce_leaves":8,"minecraft:crafting_table":16,"minecraft:cornflower":1,"minecraft:oak_trapdoor":5,"minecraft:iron_shovel":1,"minecraft:cracked_stone_bricks":1,"minecraft:beef":35,"minecraft:oak_boat":4,"minecraft:poppy":9,"minecraft:light_gray_wool":1,"minecraft:lectern":71,"minecraft:chest":5,"minecraft:sugar_cane":87,"minecraft:egg":9,"minecraft:dark_oak_sapling":4,"minecraft:raw_iron":357,"minecraft:oak_door":2,"minecraft:copper_ingot":1,"minecraft:trident":1,"minecraft:carrot":29,"minecraft:redstone":169,"minecraft:prismarine_crystals":3,"dungeonsweaponry:whispering_spear":1,"minecraft:smooth_sandstone_slab":26,"minecraft:arrow":51,"minecraft:beetroot_seeds":4,"minecraft:hay_block":11,"alexscaves:spelunkery_table":4,"minecraft:totem_of_undying":1,"sophisticatedbackpacks:copper_backpack":2,"minecraft:mutton":15,"minecraft:white_wool":8,"minecraft:stripped_oak_log":3,"minecraft:glow_ink_sac":2,"minecraft:leather":15,"minecraft:red_mushroom":2,"dungeonsweaponry:venom_glaive":1,"minecraft:oak_log":187,"minecraft:yellow_bed":9,"minecraft:gunpowder":13,"minecraft:paper":11,"minecraft:stone_bricks":122,"minecraft:iron_ingot":88,"minecraft:book":12,"minecraft:smooth_basalt":1,"minecraft:chiseled_stone_bricks":1,"minecraft:raw_iron_block":4,"minecraft:dripstone_block":6,"minecraft:gravel":36,"minecraft:amethyst_shard":44,"minecraft:spruce_sapling":114,"minecraft:white_bed":15,"minecraft:spruce_log":841,"minecraft:spider_eye":8,"minecraft:iron_helmet":1,"dungeonsweaponry:glaive":31,"minecraft:coal":448,"minecraft:hopper":6},"minecraft:killed_by":{"minecraft:creeper":1,"dungeonsweaponry:vanguard":3,"minecraft:zombie":1,"minecraft:vex":5,"minecraft:player":1,"dungeonsweaponry:nameless_one":2,"minecraft:iron_golem":2,"minecraft:skeleton":3},"minecraft:dropped":{"minecraft:cooked_beef":1,"minecraft:diamond":2,"minecraft:saddle":1,"minecraft:red_mushroom":2,"minecraft:emerald":11,"minecraft:dirt":55,"minecraft:cornflower":1,"dungeonsweaponry:suns_grace":1,"minecraft:sugar_cane":1,"dungeonsweaponry:whispering_spear":1,"minecraft:cobbled_deepslate":1,"alexscaves:cave_tablet":4,"minecraft:wheat":4,"minecraft:pointed_dripstone":1,"minecraft:beetroot":1,"minecraft:rotten_flesh":106,"minecraft:chainmail_chestplate":8,"minecraft:poppy":7,"alexscaves:cave_book":1,"minecraft:beetroot_seeds":4,"minecraft:melon_seeds":2,"minecraft:hopper":4,"minecraft:chest":4,"minecraft:beef":3,"minecraft:netherrack":3,"minecraft:egg":3,"minecraft:iron_ingot":59,"minecraft:water_bucket":2,"minecraft:oak_slab":1,"minecraft:wheat_seeds":52,"minecraft:iron_helmet":1,"alexscaves:spelunkery_table":1,"minecraft:amethyst_block":4,"minecraft:diorite":20,"minecraft:wooden_axe":1,"minecraft:iron_leggings":1,"dungeonsweaponry:venom_glaive":1,"minecraft:iron_axe":3,"minecraft:chainmail_leggings":12,"minecraft:iron_shovel":3,"minecraft:pink_petals":6,"minecraft:bucket":1,"minecraft:tuff":4,"minecraft:composter":1,"minecraft:iron_boots":1,"sophisticatedbackpacks:backpack":1,"dungeonsweaponry:glaive":25,"minecraft:filled_map":1,"minecraft:cobblestone_slab":15,"minecraft:potato":1,"minecraft:iron_chestplate":2,"minecraft:oak_sapling":1,"minecraft:wooden_pickaxe":1},"minecraft:mined":{"minecraft:white_bed":15,"minecraft:oak_sapling":1,"minecraft:grass_block":202,"minecraft:hopper":6,"minecraft:composter":1,"minecraft:chiseled_stone_bricks":1,"minecraft:spawner":4,"minecraft:raw_iron_block":4,"minecraft:iron_ore":139,"minecraft:cobbled_deepslate":33,"minecraft:fletching_table":10,"minecraft:deepslate_lapis_ore":5,"minecraft:anvil":1,"minecraft:azure_bluet":1,"minecraft:pointed_dripstone":13,"minecraft:dirt_path":8,"minecraft:oak_stairs":3,"minecraft:deepslate_redstone_ore":36,"minecraft:smoker":3,"minecraft:amethyst_cluster":11,"minecraft:torch":25,"minecraft:calcite":2,"minecraft:chest":5,"minecraft:mushroom_stem":5,"minecraft:cobblestone":107,"minecraft:sugar_cane":68,"minecraft:oak_planks":3,"minecraft:smooth_sandstone_slab":17,"minecraft:wall_torch":23,"minecraft:amethyst_block":5,"minecraft:repeater":8,"minecraft:birch_log":30,"minecraft:wheat":17,"minecraft:stone_brick_stairs":1,"minecraft:smooth_stone_slab":1,"minecraft:grass":263,"minecraft:oak_log":147,"minecraft:beetroots":1,"minecraft:dirt":78,"minecraft:smooth_basalt":1,"dungeonsweaponry:emerald_pot":4,"minecraft:red_mushroom_block":12,"minecraft:netherrack":10,"minecraft:oak_leaves":15,"minecraft:deepslate":110,"minecraft:suspicious_gravel":1,"alexscaves:spelunkery_table":3,"minecraft:tuff":24,"minecraft:mossy_cobblestone":1,"minecraft:dark_oak_leaves":34,"minecraft:deepslate_diamond_ore":28,"minecraft:oak_door":2,"minecraft:dark_oak_log":45,"minecraft:sea_lantern":1,"minecraft:glow_lichen":1,"minecraft:redstone_wire":9,"minecraft:spruce_leaves":127,"minecraft:hay_block":11,"minecraft:oak_trapdoor":4,"minecraft:spruce_sapling":12,"minecraft:furnace":11,"minecraft:carrots":12,"minecraft:stripped_spruce_log":1,"minecraft:bell":3,"minecraft:bookshelf":5,"minecraft:potatoes":19,"minecraft:cobblestone_slab":8,"minecraft:deepslate_iron_ore":216,"minecraft:lantern":3,"minecraft:stripped_oak_log":2,"minecraft:stone":339,"minecraft:podzol":1,"minecraft:redstone_block":3,"minecraft:dandelion":2,"minecraft:oak_fence":3,"minecraft:crafting_table":16,"minecraft:emerald_ore":1,"minecraft:lectern":70,"minecraft:tall_grass":47,"minecraft:copper_ore":2,"minecraft:deepslate_gold_ore":128,"minecraft:diorite":45,"minecraft:redstone_torch":9,"minecraft:spruce_log":845,"minecraft:birch_leaves":1,"minecraft:yellow_bed":8,"minecraft:coal_ore":216,"minecraft:gravel":42,"minecraft:dripstone_block":1,"minecraft:cracked_stone_bricks":1,"minecraft:stone_bricks":95,"minecraft:gold_ore":2},"minecraft:crafted":{"minecraft:grindstone":1,"minecraft:oak_planks":732,"minecraft:smooth_stone":3,"minecraft:cobblestone_slab":6,"minecraft:oak_pressure_plate":1,"minecraft:stone":6,"sophisticatedbackpacks:crafting_upgrade":1,"minecraft:bookshelf":1,"sophisticatedbackpacks:smelting_upgrade":1,"minecraft:chest":3,"minecraft:oak_slab":6,"sophisticatedbackpacks:backpack":1,"minecraft:arrow":64,"minecraft:emerald":270,"minecraft:cooked_porkchop":8,"minecraft:diamond_axe":1,"minecraft:crafting_table":2,"minecraft:spruce_planks":2080,"minecraft:wooden_pickaxe":1,"minecraft:chainmail_chestplate":8,"minecraft:copper_ingot":8,"minecraft:fletching_table":1,"minecraft:birch_planks":120,"sophisticatedbackpacks:upgrade_base":1,"minecraft:lectern":2,"minecraft:iron_chestplate":11,"minecraft:shield":1,"minecraft:stick":5668,"minecraft:iron_pickaxe":4,"minecraft:iron_ingot":80,"minecraft:iron_block":1,"minecraft:gold_ingot":17,"minecraft:redstone_torch":1,"minecraft:oak_door":3,"minecraft:raw_iron":18,"minecraft:spyglass":1,"minecraft:furnace":3,"minecraft:piston":1,"minecraft:bone_meal":36,"alexscaves:cave_map":1,"minecraft:oak_trapdoor":4,"minecraft:iron_axe":33,"minecraft:iron_hoe":1,"minecraft:stone_pickaxe":1,"minecraft:redstone_block":1,"minecraft:dark_oak_planks":180,"minecraft:chainmail_leggings":12,"minecraft:cooked_beef":22,"sophisticatedbackpacks:iron_backpack":1,"sophisticatedbackpacks:gold_backpack":1,"minecraft:bucket":3,"minecraft:stone_axe":1,"minecraft:enchanted_book":3,"minecraft:air":0,"minecraft:wooden_axe":1,"minecraft:iron_leggings":1,"minecraft:anvil":1,"minecraft:torch":64}},"DataVersion":3465}