{"stats":{"minecraft:broken":{"minecraft:stone_axe":2},"minecraft:mined":{"minecraft:tuff":6,"farmersdelight:wild_carrots":2,"born_in_chaos_v1:infected_diamond_ore":1,"minecraft:grass_block":1,"minecraft:spruce_fence":5,"minecraft:redstone_wire":1,"minecraft:spruce_leaves":65,"born_in_chaos_v1:gnawed_bones":1,"minecraft:hay_block":9,"minecraft:raw_iron_block":1,"minecraft:furnace":9,"minecraft:iron_ore":27,"minecraft:fire":13,"minecraft:andesite":1,"minecraft:bookshelf":2,"minecraft:deepslate_iron_ore":53,"gnumus:fragile_gnumus_jug":6,"minecraft:stone":68,"minecraft:spruce_slab":1,"minecraft:deepslate_redstone_ore":8,"minecraft:crafting_table":17,"minecraft:torch":9,"minecraft:lectern":1,"minecraft:tall_grass":1,"minecraft:copper_ore":11,"minecraft:cobblestone":7,"minecraft:deepslate_gold_ore":4,"minecraft:sugar_cane":4,"minecraft:wall_torch":7,"minecraft:spruce_stairs":1,"gnumus:gnumus_clay_block":1,"minecraft:sea_pickle":1,"minecraft:spruce_log":11,"minecraft:grass":4,"minecraft:oak_log":20,"minecraft:coal_ore":30,"minecraft:diorite_wall":1,"minecraft:gravel":2,"born_in_chaos_v1:infernal_evil_pumpkin_s":1,"minecraft:oak_leaves":5,"minecraft:deepslate":6},"minecraft:picked_up":{"minecraft:wooden_axe":1,"born_in_chaos_v1:diamond_termite_shard":1,"minecraft:crafting_table":17,"minecraft:wheat":8,"minecraft:chicken":2,"born_in_chaos_v1:seedof_chaos":1,"minecraft:wooden_pickaxe":1,"born_in_chaos_v1:holiday_candy":26,"minecraft:string":5,"minecraft:iron_axe":1,"minecraft:raw_copper":35,"minecraft:cobbled_deepslate":6,"gnumus:packaged_goods":4,"minecraft:beef":3,"minecraft:oak_boat":5,"minecraft:lectern":1,"born_in_chaos_v1:stimulating_decoction":1,"minecraft:sugar_cane":10,"minecraft:furnace":9,"minecraft:stick":5,"minecraft:raw_iron":79,"minecraft:torch":16,"minecraft:porkchop":13,"born_in_chaos_v1:pileof_dark_metal":1,"minecraft:carrot":3,"minecraft:redstone":39,"gnumus:vintage_metal":2,"minecraft:arrow":27,"minecraft:rotten_flesh":5,"minecraft:hay_block":9,"gnumus:gnumus_chickpeas":3,"minecraft:gold_ingot":5,"gnumus:mouse_skin":4,"minecraft:glow_berries":3,"minecraft:mutton":6,"minecraft:iron_bars":16,"minecraft:cobblestone":74,"minecraft:white_wool":4,"born_in_chaos_v1:fused_bone":1,"gnumus:gnumus_doubloons":4,"minecraft:feather":1,"born_in_chaos_v1:pumpkin_staff":1,"minecraft:andesite":1,"gnumus:overripe_carrot":3,"minecraft:leather":5,"minecraft:tuff":6,"minecraft:oak_log":20,"minecraft:gunpowder":2,"minecraft:paper":4,"minecraft:dirt":13,"gnumus:gnumus_pouch_2":1,"minecraft:name_tag":2,"minecraft:cooked_mutton":2,"minecraft:bone":7,"born_in_chaos_v1:soul_cutlass":1,"minecraft:bow":1,"minecraft:raw_gold":5,"minecraft:iron_ingot":58,"minecraft:rabbit":3,"minecraft:moss_block":3,"minecraft:oak_planks":80,"born_in_chaos_v1:ethereal_spirit":1,"minecraft:raw_iron_block":1,"minecraft:gravel":2,"gnumus:gnumus_cheese":1,"minecraft:spruce_sapling":5,"minecraft:spruce_log":11,"minecraft:spider_eye":1,"gnumus:gnumus_clay":4,"waystones:waystone":2,"minecraft:writable_book":1,"minecraft:emerald":1,"minecraft:bread":2,"born_in_chaos_v1:rotten_fish":1,"minecraft:coal":71},"minecraft:killed_by":{"born_in_chaos_v1:nightmare_stalker":2,"minecraft:spider":1,"born_in_chaos_v1:siamese_skeletonsleft":1,"born_in_chaos_v1:sir_pumpkinhead_without_horse":2,"born_in_chaos_v1:pumpkinhead":3,"born_in_chaos_v1:corpse_fish":1},"minecraft:crafted":{"minecraft:oak_planks":80,"minecraft:raw_iron":9,"minecraft:furnace":1,"minecraft:iron_bars":16,"minecraft:iron_boots":1,"minecraft:stone_pickaxe":1,"minecraft:chest":1,"minecraft:dark_oak_planks":16,"sophisticatedbackpacks:iron_backpack":1,"minecraft:wheat":73,"minecraft:cooked_beef":3,"sophisticatedbackpacks:backpack":1,"minecraft:crafting_table":2,"minecraft:iron_helmet":1,"minecraft:wooden_pickaxe":1,"minecraft:bucket":1,"minecraft:stone_axe":3,"minecraft:bread":27,"minecraft:air":0,"minecraft:oak_boat":3,"minecraft:iron_chestplate":1,"minecraft:shield":1,"minecraft:stick":48,"minecraft:iron_ingot":17,"minecraft:iron_pickaxe":1,"minecraft:wooden_axe":1,"minecraft:iron_leggings":1,"minecraft:gold_ingot":4,"minecraft:white_bed":1,"minecraft:torch":20},"minecraft:used":{"minecraft:shield":6,"minecraft:torch":33,"minecraft:dirt":7,"minecraft:mutton":6,"minecraft:carrot":8,"born_in_chaos_v1:soul_cutlass":45,"minecraft:wooden_axe":4,"minecraft:iron_axe":65,"minecraft:bow":8,"minecraft:goat_horn":2,"minecraft:furnace":7,"minecraft:cooked_beef":3,"minecraft:iron_leggings":1,"minecraft:water_bucket":14,"minecraft:stone_pickaxe":129,"minecraft:wooden_pickaxe":6,"minecraft:crafting_table":19,"minecraft:bread":13,"born_in_chaos_v1:pumpkin_staff":1,"minecraft:iron_pickaxe":124,"minecraft:stone_axe":199,"minecraft:cobblestone":15,"minecraft:porkchop":11,"minecraft:bucket":15,"minecraft:oak_boat":5,"minecraft:experience_bottle":1},"minecraft:custom":{"minecraft:mob_kills":50,"minecraft:interact_with_crafting_table":24,"minecraft:open_barrel":15,"minecraft:damage_dealt_resisted":1016,"minecraft:leave_game":1,"minecraft:time_since_death":13201,"minecraft:sprint_one_cm":207784,"minecraft:walk_one_cm":111685,"minecraft:damage_blocked_by_shield":300,"minecraft:drop":33,"minecraft:play_time":110756,"minecraft:deaths":10,"minecraft:sneak_time":8490,"minecraft:walk_under_water_one_cm":19393,"minecraft:boat_one_cm":64856,"minecraft:interact_with_brewingstand":2,"minecraft:jump":1601,"minecraft:walk_on_water_one_cm":26241,"minecraft:total_world_time":110756,"minecraft:interact_with_furnace":58,"minecraft:time_since_rest":13224,"minecraft:damage_taken":3956,"minecraft:damage_dealt":11214,"minecraft:swim_one_cm":42730,"minecraft:fly_one_cm":345526,"minecraft:open_chest":29,"minecraft:crouch_one_cm":23779,"minecraft:fall_one_cm":39552},"minecraft:dropped":{"minecraft:moss_block":3,"gnumus:overripe_carrot":3,"minecraft:feather":1,"minecraft:cobblestone":1,"minecraft:glow_berries":3,"minecraft:stick":4,"minecraft:dirt":6,"minecraft:wooden_axe":2,"minecraft:rabbit":3,"minecraft:writable_book":1,"minecraft:paper":4,"minecraft:string":1,"minecraft:white_wool":1,"minecraft:stone_axe":1,"minecraft:raw_copper":2,"minecraft:chicken":2,"minecraft:rotten_flesh":5,"minecraft:oak_planks":40,"minecraft:cooked_mutton":2,"minecraft:carrot":2,"gnumus:gnumus_clay":4,"gnumus:gnumus_chickpeas":3,"minecraft:oak_boat":3,"farmersdelight:onion_crate":4,"minecraft:iron_bars":16,"minecraft:wooden_pickaxe":2,"minecraft:raw_gold":1},"minecraft:killed":{"born_in_chaos_v1:mr_pumpkin":1,"born_in_chaos_v1:restless_spirit":1,"born_in_chaos_v1:zombie_clown_not_despawn":1,"born_in_chaos_v1:sir_the_headless":1,"minecraft:spider":5,"alexsmobs:seagull":1,"born_in_chaos_v1:siamese_skeletonsright":1,"born_in_chaos_v1:maggot":6,"born_in_chaos_v1:pumpkinhead":1,"minecraft:skeleton":4,"minecraft:chicken":3,"gnumus:pitcher_mousse":1,"born_in_chaos_v1:corpse_fish":1,"born_in_chaos_v1:fallen_chaos_knight":1,"born_in_chaos_v1:felsteed":1,"minecraft:pig":5,"born_in_chaos_v1:diamond_termite":1,"born_in_chaos_v1:baby_skeleton":1,"minecraft:creeper":1,"born_in_chaos_v1:decrepit_skeleton":2,"minecraft:sheep":5,"minecraft:zombie":3,"minecraft:cow":1}},"DataVersion":3465}