{"stats":{"minecraft:mined":{"farmersdelight:wild_carrots":2,"minecraft:crafting_table":8,"minecraft:tall_grass":1,"minecraft:spruce_leaves":59,"minecraft:sugar_cane":4,"gnumus:gnumus_clay_block":1,"minecraft:furnace":1,"minecraft:spruce_log":7,"minecraft:grass":4,"minecraft:oak_log":20,"gnumus:fragile_gnumus_jug":6,"minecraft:stone":21,"minecraft:oak_leaves":5},"minecraft:picked_up":{"minecraft:wooden_axe":1,"minecraft:crafting_table":8,"gnumus:gnumus_doubloons":4,"minecraft:feather":1,"minecraft:chicken":2,"gnumus:overripe_carrot":3,"minecraft:leather":5,"minecraft:wooden_pickaxe":1,"minecraft:oak_log":20,"minecraft:dirt":13,"minecraft:string":1,"minecraft:paper":4,"gnumus:gnumus_pouch_2":1,"minecraft:name_tag":2,"minecraft:raw_gold":1,"gnumus:packaged_goods":4,"minecraft:beef":3,"minecraft:oak_boat":1,"minecraft:rabbit":3,"minecraft:moss_block":3,"minecraft:sugar_cane":10,"minecraft:furnace":1,"minecraft:stick":5,"minecraft:porkchop":12,"gnumus:gnumus_cheese":1,"minecraft:spruce_log":7,"minecraft:carrot":3,"minecraft:arrow":4,"gnumus:vintage_metal":1,"gnumus:gnumus_clay":4,"gnumus:gnumus_chickpeas":3,"gnumus:mouse_skin":4,"minecraft:glow_berries":3,"minecraft:mutton":6,"minecraft:coal":2,"minecraft:white_wool":4,"minecraft:cobblestone":21,"born_in_chaos_v1:fused_bone":1},"minecraft:killed_by":{"born_in_chaos_v1:siamese_skeletonsleft":1},"minecraft:crafted":{"minecraft:cooked_beef":3,"minecraft:oak_planks":40,"minecraft:crafting_table":1,"minecraft:wooden_pickaxe":1,"minecraft:furnace":1,"minecraft:bucket":1,"minecraft:stone_axe":1,"minecraft:air":0,"minecraft:oak_boat":1,"minecraft:stick":12,"minecraft:stone_pickaxe":1,"minecraft:wooden_axe":1,"minecraft:dark_oak_planks":16},"minecraft:used":{"minecraft:stone_pickaxe":16,"minecraft:wooden_pickaxe":6,"minecraft:dirt":3,"minecraft:crafting_table":8,"minecraft:wooden_axe":4,"minecraft:stone_axe":105,"minecraft:furnace":1,"minecraft:goat_horn":2,"minecraft:porkchop":2,"minecraft:bucket":1,"minecraft:oak_boat":1,"minecraft:cooked_beef":3,"minecraft:experience_bottle":1},"minecraft:dropped":{"minecraft:moss_block":3,"minecraft:chicken":2,"minecraft:glow_berries":3,"gnumus:gnumus_clay":4,"minecraft:wooden_axe":2,"minecraft:wooden_pickaxe":2},"minecraft:custom":{"minecraft:interact_with_furnace":5,"minecraft:mob_kills":15,"minecraft:interact_with_crafting_table":10,"minecraft:leave_game":1,"minecraft:time_since_death":15087,"minecraft:time_since_rest":15867,"minecraft:sprint_one_cm":51008,"minecraft:damage_taken":526,"minecraft:walk_one_cm":21994,"minecraft:drop":9,"minecraft:damage_dealt":1709,"minecraft:swim_one_cm":7968,"minecraft:fly_one_cm":120979,"minecraft:open_chest":3,"minecraft:crouch_one_cm":5430,"minecraft:play_time":26756,"minecraft:deaths":1,"minecraft:sneak_time":2082,"minecraft:walk_under_water_one_cm":2458,"minecraft:boat_one_cm":39288,"minecraft:jump":485,"minecraft:walk_on_water_one_cm":4059,"minecraft:total_world_time":26756,"minecraft:fall_one_cm":17378},"minecraft:killed":{"minecraft:pig":5,"minecraft:spider":1,"born_in_chaos_v1:siamese_skeletonsright":1,"minecraft:sheep":4,"minecraft:chicken":2,"gnumus:pitcher_mousse":1,"minecraft:cow":1}},"DataVersion":3465}