{"stats":{"minecraft:killed":{"born_in_chaos_v1:zombie_clown":1,"minecraft:cave_spider":4,"born_in_chaos_v1:mr_pumpkin":1,"minecraft:witch":2,"born_in_chaos_v1:restless_spirit":7,"born_in_chaos_v1:zombie_lumberjack":5,"born_in_chaos_v1:skeleton_demoman":4,"born_in_chaos_v1:sir_the_headless":1,"minecraft:spider":25,"born_in_chaos_v1:siamese_skeletonsright":3,"born_in_chaos_v1:baby_skeleton_minion":5,"minecraft:skeleton":31,"alexsmobs:leafcutter_ant":1,"minecraft:chicken":3,"gnumus:pitcher_mousse":4,"born_in_chaos_v1:skeleton_thrasher":1,"alexsmobs:centipede_head":1,"born_in_chaos_v1:supreme_bonescaller_stage_2":1,"born_in_chaos_v1:firelight_not_despawn":4,"minecraft:pig":5,"minecraft:zombie_villager":1,"born_in_chaos_v1:diamond_termite":15,"gnumus:big_snout":1,"minecraft:creeper":9,"minecraft:sheep":5,"minecraft:zombie":75,"born_in_chaos_v1:dread_hound":10,"born_in_chaos_v1:corpse_fly":12,"minecraft:stray":6,"alexsmobs:fly":1,"born_in_chaos_v1:door_knight":1,"born_in_chaos_v1:siamese_skeletonsleft":2,"minecraft:cow":3,"minecraft:vex":1,"born_in_chaos_v1:zombie_clown_not_despawn":1,"alexsmobs:seagull":1,"born_in_chaos_v1:skeleton_thrasher_not_despawn":1,"born_in_chaos_v1:zombie_bruiser":2,"born_in_chaos_v1:maggot":40,"born_in_chaos_v1:pumpkinhead":1,"gnumus:gnumus_worker":1,"gnumus:gnumus_hunter":3,"born_in_chaos_v1:corpse_fish":1,"gnumus:gnumus_hunter_not_dispawn":2,"born_in_chaos_v1:fallen_chaos_knight":1,"born_in_chaos_v1:felsteed":1,"born_in_chaos_v1:bone_imp_minion":33,"born_in_chaos_v1:baby_skeleton":6,"born_in_chaos_v1:swarmer":1,"born_in_chaos_v1:decrepit_skeleton":11,"alexsmobs:cockroach":1,"born_in_chaos_v1:bonescaller_not_despawn":3,"born_in_chaos_v1:dark_vortex":4,"born_in_chaos_v1:nightmare_stalker":1},"minecraft:custom":{"minecraft:interact_with_crafting_table":54,"minecraft:open_barrel":32,"minecraft:leave_game":3,"minecraft:time_since_death":3463,"minecraft:sprint_one_cm":729809,"minecraft:damage_blocked_by_shield":1690,"minecraft:drop":129,"minecraft:play_time":340204,"minecraft:deaths":36,"minecraft:jump":6516,"minecraft:interact_with_brewingstand":4,"minecraft:walk_on_water_one_cm":69750,"minecraft:interact_with_furnace":60,"minecraft:interact_with_loom":1,"minecraft:sleep_in_bed":1,"minecraft:damage_dealt":66076,"minecraft:crouch_one_cm":76562,"minecraft:mob_kills":379,"minecraft:interact_with_campfire":17,"minecraft:damage_dealt_resisted":5618,"minecraft:climb_one_cm":1752,"minecraft:walk_one_cm":505472,"minecraft:damage_dealt_absorbed":138,"minecraft:sneak_time":31166,"minecraft:walk_under_water_one_cm":34173,"minecraft:boat_one_cm":80301,"minecraft:interact_with_blast_furnace":1,"minecraft:total_world_time":340204,"minecraft:time_since_rest":3497,"minecraft:damage_taken":15754,"minecraft:damage_absorbed":195,"minecraft:swim_one_cm":85640,"minecraft:fly_one_cm":1195669,"minecraft:open_chest":76,"minecraft:fall_one_cm":167050},"minecraft:mined":{"minecraft:sculk_vein":21,"minecraft:obsidian":1,"minecraft:grass_block":1,"born_in_chaos_v1:dark_metal_deposit":1,"gnumus:baked_patterned_gnumus_clay":1,"minecraft:spawner":2,"minecraft:weeping_vines_plant":1,"minecraft:raw_iron_block":1,"minecraft:magma_block":3,"minecraft:sculk_catalyst":1,"minecraft:iron_ore":68,"minecraft:cobbled_deepslate":22,"minecraft:fire":14,"born_in_chaos_v1:black_argillite_brick_stairs":12,"minecraft:deepslate_lapis_ore":19,"minecraft:iron_block":4,"minecraft:spruce_slab":1,"minecraft:deepslate_redstone_ore":19,"minecraft:amethyst_cluster":6,"born_in_chaos_v1:infected_deepslate_diamond_ore":9,"minecraft:torch":20,"minecraft:blast_furnace":2,"minecraft:calcite":4,"born_in_chaos_v1:black_argillite_column_slab":1,"minecraft:cobblestone":40,"minecraft:sugar_cane":4,"minecraft:wall_torch":22,"minecraft:amethyst_block":6,"minecraft:deepslate_copper_ore":2,"minecraft:seagrass":1,"minecraft:chain":1,"minecraft:dark_oak_slab":1,"gnumus:gnumus_clay_block":1,"born_in_chaos_v1:fired_black_argillite":2,"born_in_chaos_v1:river_mint":1,"born_in_chaos_v1:black_argillite_brick":1,"minecraft:grass":19,"minecraft:oak_log":25,"minecraft:diorite_wall":1,"minecraft:sand":1,"minecraft:smooth_basalt":7,"born_in_chaos_v1:infernal_evil_pumpkin_s":1,"minecraft:oak_leaves":10,"minecraft:deepslate":77,"alexscaves:spelunkery_table":1,"minecraft:tuff":16,"minecraft:deepslate_diamond_ore":37,"farmersdelight:wild_carrots":2,"born_in_chaos_v1:infected_diamond_ore":1,"minecraft:glow_lichen":1,"minecraft:spruce_fence":5,"born_in_chaos_v1:black_argillite":4,"minecraft:crimson_roots":4,"minecraft:redstone_wire":1,"minecraft:spruce_leaves":65,"born_in_chaos_v1:gnawed_bones":1,"minecraft:hay_block":19,"gnumus:scion_weed":1,"minecraft:furnace":9,"minecraft:andesite":1,"minecraft:gold_block":1,"minecraft:bookshelf":2,"minecraft:deepslate_iron_ore":205,"minecraft:stripped_oak_log":3,"gnumus:fragile_gnumus_jug":25,"minecraft:bamboo":10,"minecraft:stone":77,"gnumus:gnumus_clay_brick_wall":1,"minecraft:oak_fence":1,"minecraft:crafting_table":29,"minecraft:sculk_sensor":1,"minecraft:campfire":1,"minecraft:lectern":1,"minecraft:copper_ore":15,"minecraft:tall_grass":1,"born_in_chaos_v1:chipped_black_argillite_brick":4,"minecraft:deepslate_gold_ore":156,"minecraft:sculk":231,"minecraft:spruce_stairs":1,"minecraft:sea_pickle":1,"minecraft:spruce_log":11,"minecraft:bee_nest":1,"minecraft:coal_ore":78,"minecraft:gravel":2,"minecraft:cobweb":1,"minecraft:gold_ore":3,"minecraft:fern":1},"minecraft:dropped":{"minecraft:moss_block":3,"gnumus:overripe_carrot":6,"minecraft:crafting_table":2,"minecraft:dark_oak_slab":1,"minecraft:weeping_vines":2,"minecraft:glow_berries":3,"minecraft:red_carpet":2,"minecraft:dirt":6,"minecraft:crimson_roots":2,"minecraft:gold_nugget":6,"minecraft:writable_book":1,"born_in_chaos_v1:black_argillite_brick":1,"born_in_chaos_v1:fired_black_argillite":2,"minecraft:white_wool":1,"minecraft:stone_axe":1,"minecraft:iron_nugget":7,"minecraft:rotten_flesh":91,"minecraft:oak_planks":40,"minecraft:cooked_mutton":2,"minecraft:carrot":5,"gnumus:gnumus_doubloons":10,"minecraft:tipped_arrow":1,"born_in_chaos_v1:chipped_black_argillite_brick":3,"born_in_chaos_v1:corpse_maggot":3,"farmersdelight:onion_crate":4,"minecraft:iron_bars":16,"gnumus:vintage_parts":2,"minecraft:wheat_seeds":43,"minecraft:dripstone_block":9,"minecraft:oak_fence":1,"minecraft:feather":2,"minecraft:cobblestone":1,"born_in_chaos_v1:black_argillite_column_slab":1,"minecraft:stick":4,"farmersdelight:golden_knife":1,"born_in_chaos_v1:black_argillite":3,"born_in_chaos_v1:river_mint":1,"alexsmobs:leafcutter_ant_chamber":44,"minecraft:wooden_axe":2,"minecraft:rabbit":3,"minecraft:paper":4,"minecraft:string":6,"minecraft:smooth_basalt":4,"minecraft:sweet_berries":2,"born_in_chaos_v1:black_argillite_brick_stairs":7,"minecraft:coarse_dirt":2,"minecraft:raw_copper":2,"minecraft:chicken":2,"minecraft:blast_furnace":1,"gnumus:gnumus_clay":24,"alexsmobs:cockroach_wing_fragment":1,"minecraft:oak_boat":3,"gnumus:gnumus_chickpeas":29,"minecraft:bamboo":10,"minecraft:bow":1,"minecraft:wooden_pickaxe":2,"minecraft:raw_gold":1,"minecraft:magma_block":2},"minecraft:killed_by":{"born_in_chaos_v1:nightmare_stalker":4,"minecraft:creeper":3,"born_in_chaos_v1:bone_imp_minion":7,"gnumus:gnumus_hunter":1,"born_in_chaos_v1:pumpkinhead":3,"minecraft:zombie":1,"born_in_chaos_v1:supreme_bonescaller_stage_2":3,"minecraft:vex":2,"minecraft:stray":1,"minecraft:spider":1,"born_in_chaos_v1:siamese_skeletonsleft":1,"born_in_chaos_v1:sir_pumpkinhead_without_horse":2,"born_in_chaos_v1:decaying_zombie":2,"born_in_chaos_v1:bonescaller":1,"minecraft:skeleton":2,"born_in_chaos_v1:corpse_fish":1},"minecraft:broken":{"minecraft:iron_boots":2,"minecraft:iron_chestplate":2,"minecraft:iron_leggings":2,"minecraft:stone_pickaxe":1,"minecraft:stone_axe":2,"minecraft:iron_hoe":1,"minecraft:iron_pickaxe":3,"minecraft:iron_helmet":2},"minecraft:crafted":{"minecraft:oak_planks":108,"sophisticatedbackpacks:crafting_upgrade":1,"minecraft:iron_bars":16,"sophisticatedbackpacks:smelting_upgrade":1,"minecraft:hopper":3,"minecraft:iron_boots":2,"minecraft:chest":5,"born_in_chaos_v1:pileof_dark_metal":1,"sophisticatedbackpacks:backpack":1,"minecraft:crafting_table":5,"minecraft:spruce_planks":32,"minecraft:wooden_pickaxe":1,"minecraft:iron_helmet":2,"minecraft:birch_planks":4,"minecraft:campfire":1,"sophisticatedbackpacks:upgrade_base":2,"minecraft:iron_chestplate":3,"minecraft:diamond_pickaxe":1,"minecraft:shield":1,"minecraft:stick":56,"minecraft:iron_ingot":35,"sophisticatedbackpacks:auto_smelting_upgrade":1,"minecraft:iron_pickaxe":3,"minecraft:gold_ingot":4,"minecraft:raw_iron":9,"minecraft:furnace":1,"minecraft:diamond":1,"minecraft:iron_hoe":1,"minecraft:stone_pickaxe":1,"minecraft:dark_oak_planks":20,"minecraft:wheat":73,"sophisticatedbackpacks:iron_backpack":1,"minecraft:cooked_beef":3,"sophisticatedbackpacks:gold_backpack":1,"minecraft:mangrove_planks":8,"minecraft:bucket":1,"minecraft:bone":6,"minecraft:stone_axe":3,"minecraft:bread":29,"minecraft:air":0,"minecraft:oak_boat":3,"minecraft:wooden_axe":1,"minecraft:iron_leggings":3,"minecraft:white_bed":1,"minecraft:acacia_planks":4,"minecraft:torch":40},"minecraft:picked_up":{"minecraft:wooden_axe":1,"minecraft:wheat":8,"gnumus:gnumus_claw":13,"alexscaves:cave_tablet":2,"minecraft:amethyst_block":6,"born_in_chaos_v1:holiday_candy":26,"born_in_chaos_v1:black_argillite":4,"minecraft:string":40,"minecraft:raw_copper":55,"minecraft:cobbled_deepslate":113,"gnumus:packaged_goods":4,"minecraft:calcite":4,"born_in_chaos_v1:stimulating_decoction":1,"minecraft:furnace":9,"minecraft:mangrove_log":2,"alexsmobs:leafcutter_ant_chamber":44,"minecraft:tipped_arrow":2,"minecraft:stick":7,"born_in_chaos_v1:shattered_skull":3,"minecraft:oak_fence":1,"born_in_chaos_v1:phantom_powder":1,"minecraft:torch":46,"minecraft:acacia_log":1,"born_in_chaos_v1:pileof_dark_metal":1,"minecraft:porkchop":13,"born_in_chaos_v1:nightmare_claw":1,"born_in_chaos_v1:black_argillite_brick_stairs":8,"gnumus:grilled_juicy_meat":7,"alexsmobs:centipede_leg":1,"gnumus:vintage_metal":4,"minecraft:rotten_flesh":96,"minecraft:iron_block":4,"gnumus:gnumus_chickpeas":42,"minecraft:iron_bars":16,"minecraft:cod":2,"minecraft:cobblestone":127,"minecraft:birch_log":1,"born_in_chaos_v1:staffof_magic_arrows":1,"minecraft:magma_block":2,"gnumus:gnumus_doubloons":26,"minecraft:feather":2,"born_in_chaos_v1:spiritual_dust":4,"minecraft:andesite":1,"minecraft:jungle_log":1,"gnumus:overripe_carrot":13,"minecraft:tuff":16,"minecraft:lapis_lazuli":119,"minecraft:dirt":13,"gnumus:gnumus_pouch_2":3,"minecraft:name_tag":2,"born_in_chaos_v1:monster_skin":4,"minecraft:bone":75,"minecraft:bow":2,"minecraft:wheat_seeds":43,"minecraft:raw_gold":159,"minecraft:rabbit":3,"minecraft:glowstone_dust":2,"minecraft:bamboo":74,"minecraft:moss_block":3,"minecraft:oak_planks":80,"minecraft:sand":1,"minecraft:dark_oak_log":1,"born_in_chaos_v1:fire_dust":4,"gnumus:vintage_parts":2,"minecraft:diamond":37,"gnumus:gnumus_clay":44,"waystones:waystone":3,"minecraft:writable_book":1,"minecraft:emerald":1,"minecraft:bread":2,"born_in_chaos_v1:rotten_fish":1,"minecraft:crimson_roots":5,"minecraft:bee_nest":1,"minecraft:coarse_dirt":2,"gnumus:gnumus_totem":1,"minecraft:charcoal":2,"minecraft:crafting_table":29,"born_in_chaos_v1:diamond_termite_shard":14,"born_in_chaos_v1:smoked_monster_flesh":8,"minecraft:chicken":5,"born_in_chaos_v1:river_mint":1,"born_in_chaos_v1:seedof_chaos":2,"minecraft:wooden_pickaxe":1,"minecraft:gold_block":1,"minecraft:chain":1,"minecraft:shield":1,"born_in_chaos_v1:fired_black_argillite":2,"minecraft:iron_axe":1,"born_in_chaos_v1:intoxicating_decoction":2,"born_in_chaos_v1:black_argillite_brick":1,"minecraft:beef":7,"minecraft:oak_boat":6,"born_in_chaos_v1:gnawed_bones":1,"minecraft:lectern":1,"minecraft:sugar_cane":11,"minecraft:raw_iron":273,"gnumus:juicy_meat":9,"born_in_chaos_v1:pieceofdarkmetal":11,"minecraft:carrot":8,"minecraft:redstone":90,"alexsmobs:leafcutter_ant_pupa":1,"minecraft:arrow":63,"minecraft:weeping_vines":2,"born_in_chaos_v1:wood_splitter_axe":1,"minecraft:hay_block":19,"alexscaves:spelunkery_table":1,"minecraft:gold_ingot":5,"gnumus:mouse_skin":24,"minecraft:glow_berries":3,"minecraft:mutton":6,"minecraft:white_wool":14,"born_in_chaos_v1:fused_bone":5,"minecraft:stripped_oak_log":4,"born_in_chaos_v1:corpse_maggot":18,"born_in_chaos_v1:black_argillite_column_slab":1,"gnumus:baked_patterned_gnumus_clay":1,"minecraft:golden_carrot":3,"born_in_chaos_v1:monster_flesh":9,"born_in_chaos_v1:pumpkin_staff":1,"minecraft:leather":10,"gnumus:gnumus_pouch":3,"minecraft:oak_log":32,"minecraft:gunpowder":18,"minecraft:paper":4,"minecraft:cooked_mutton":2,"minecraft:red_carpet":2,"born_in_chaos_v1:soul_cutlass":1,"gnumus:gnumus_horn":1,"alexsmobs:cockroach_wing_fragment":1,"minecraft:rabbit_hide":4,"minecraft:iron_ingot":62,"born_in_chaos_v1:chipped_black_argillite_brick":3,"minecraft:smooth_basalt":7,"minecraft:dark_oak_slab":1,"minecraft:sweet_berries":5,"born_in_chaos_v1:orbofthe_summoner":1,"born_in_chaos_v1:ethereal_spirit":15,"minecraft:dripstone_block":9,"minecraft:raw_iron_block":1,"minecraft:gravel":2,"born_in_chaos_v1:dark_rod":8,"minecraft:amethyst_shard":24,"gnumus:gnumus_cheese":4,"minecraft:spruce_sapling":5,"minecraft:blast_furnace":2,"minecraft:spruce_log":11,"minecraft:spider_eye":12,"minecraft:slime_ball":1,"minecraft:coal":131,"minecraft:ender_pearl":2},"minecraft:used":{"minecraft:shield":37,"minecraft:mutton":6,"minecraft:carrot":11,"born_in_chaos_v1:soul_cutlass":948,"minecraft:tuff":11,"minecraft:crimson_roots":2,"minecraft:bow":49,"minecraft:sweet_berries":1,"minecraft:furnace":7,"gnumus:grilled_juicy_meat":4,"minecraft:stone_pickaxe":148,"minecraft:ender_pearl":1,"minecraft:wooden_pickaxe":6,"minecraft:diamond_axe":8,"minecraft:golden_apple":5,"minecraft:sand":1,"born_in_chaos_v1:monster_flesh":1,"minecraft:bread":74,"born_in_chaos_v1:pumpkin_staff":2,"born_in_chaos_v1:smoked_monster_flesh":8,"minecraft:chain":1,"minecraft:oak_boat":6,"gnumus:juicy_meat":1,"minecraft:experience_bottle":1,"born_in_chaos_v1:black_argillite":1,"minecraft:cooked_chicken":3,"minecraft:torch":78,"minecraft:dirt":7,"minecraft:iron_hoe":250,"minecraft:wooden_axe":4,"minecraft:iron_axe":79,"minecraft:smooth_basalt":3,"minecraft:goat_horn":2,"minecraft:cooked_beef":7,"minecraft:cobbled_deepslate":113,"minecraft:calcite":4,"minecraft:iron_leggings":1,"minecraft:water_bucket":67,"minecraft:amethyst_block":6,"gnumus:baked_patterned_gnumus_clay":1,"gnumus:overripe_carrot":4,"born_in_chaos_v1:black_argillite_brick_stairs":1,"minecraft:crafting_table":31,"minecraft:campfire":1,"minecraft:diamond_pickaxe":1,"minecraft:iron_pickaxe":836,"minecraft:stone_axe":199,"minecraft:cobblestone":69,"minecraft:porkchop":11,"minecraft:cooked_porkchop":2,"minecraft:bucket":68,"born_in_chaos_v1:wood_splitter_axe":125}},"DataVersion":3465}